ISO-10303-21;
HEADER;
FILE_DESCRIPTION (( 'STEP AP214' ),
    '1' );
FILE_NAME ('Ensamblaje4.STEP',
    '2019-06-17T01:18:34',
    ( '' ),
    ( '' ),
    'SwSTEP 2.0',
    'SolidWorks 2018',
    '' );
FILE_SCHEMA (( 'AUTOMOTIVE_DESIGN' ));
ENDSEC;

DATA;
#1 = EDGE_CURVE ( 'NONE', #3205, #2852, #4497, .T. ) ;
#2 = CARTESIAN_POINT ( 'NONE',  ( 0.1374201713188107354, 2.155111100308018557, -0.1374209042520499746 ) ) ;
#3 = DIRECTION ( 'NONE',  ( 0.0000000000000000000, -1.000000000000000000, -2.220446049250309876E-16 ) ) ;
#4 = CARTESIAN_POINT ( 'NONE',  ( 0.4932989600461599733, 1.080327467262968577, -0.2754750056172929895 ) ) ;
#5 = CARTESIAN_POINT ( 'NONE',  ( 0.05068781061171565711, 2.171019139527382347, 0.09393093554644227350 ) ) ;
#6 = CARTESIAN_POINT ( 'NONE',  ( -0.1374215863808760374, 2.155111100308018113, -2.540220655074313600E-08 ) ) ;
#7 = CARTESIAN_POINT ( 'NONE',  ( 0.9942551411782786230, 1.767981565922491782, -0.9561339833830341250 ) ) ;
#8 = LINE ( 'NONE', #3631, #4029 ) ;
#9 = ORIENTED_EDGE ( 'NONE', *, *, #2262, .F. ) ;
#10 =( LENGTH_UNIT ( ) NAMED_UNIT ( * ) SI_UNIT ( $, .METRE. ) );
#11 = ORIENTED_EDGE ( 'NONE', *, *, #2976, .F. ) ;
#12 = EDGE_CURVE ( 'NONE', #2032, #1143, #5140, .T. ) ;
#13 = CARTESIAN_POINT ( 'NONE',  ( -0.2223214390071569790, 1.939796410036158436, -2.540220661308549215E-08 ) ) ;
#14 = ADVANCED_FACE ( 'NONE', ( #4144 ), #2669, .T. ) ;
#15 = EDGE_CURVE ( 'NONE', #886, #1978, #4667, .T. ) ;
#16 = LENGTH_MEASURE_WITH_UNIT ( LENGTH_MEASURE( 0.02539999999999999897 ), #3568 );
#17 = VERTEX_POINT ( 'NONE', #814 ) ;
#18 = CARTESIAN_POINT ( 'NONE',  ( -0.0001499809370281869462, 1.850761759406540419, 0.6297284588131958349 ) ) ;
#19 = CARTESIAN_POINT ( 'NONE',  ( 0.005715983651713816595, 1.282378721719873438, 1.007493389357672964 ) ) ;
#20 = ORIENTED_EDGE ( 'NONE', *, *, #3115, .T. ) ;
#21 = VECTOR ( 'NONE', #2545, 39.37007874015748143 ) ;
#22 = CARTESIAN_POINT ( 'NONE',  ( -0.1091559348807175506, 1.897194980612491699, -0.5509584593744609737 ) ) ;
#23 = CARTESIAN_POINT ( 'NONE',  ( -0.06330402367054448198, 1.333578275203327390, 0.2198151311342740888 ) ) ;
#24 = DIRECTION ( 'NONE',  ( -4.930380657631323784E-32, -1.000000000000000000, -2.220446049250310369E-16 ) ) ;
#25 = ORIENTED_EDGE ( 'NONE', *, *, #2048, .T. ) ;
#26 = VECTOR ( 'NONE', #2792, 39.37007874015748143 ) ;
#27 = CARTESIAN_POINT ( 'NONE',  ( 0.1374201713188107354, 2.155111100308018557, 0.1374208534476367705 ) ) ;
#28 = DIRECTION ( 'NONE',  ( 0.0000000000000000000, -2.312848992186133434E-16, 1.000000000000000000 ) ) ;
#29 = ORIENTED_EDGE ( 'NONE', *, *, #2951, .F. ) ;
#30 = CARTESIAN_POINT ( 'NONE',  ( -0.1021967223411577724, 1.710596686870354821, 1.379133832865509834 ) ) ;
#31 = ORIENTED_EDGE ( 'NONE', *, *, #3082, .T. ) ;
#32 = CARTESIAN_POINT ( 'NONE',  ( -0.1246916416184737919, 2.163452667595270551, -2.540220653532427432E-08 ) ) ;
#33 = ADVANCED_FACE ( 'NONE', ( #291 ), #946, .T. ) ;
#34 = CARTESIAN_POINT ( 'NONE',  ( -0.1112211799719775435, 1.703893155275413740, 0.5505413131804708371 ) ) ;
#35 = VERTEX_POINT ( 'NONE', #4950 ) ;
#36 = CARTESIAN_POINT ( 'NONE',  ( 0.2223200239450914550, 1.939796410036157992, 0.2223207060739176566 ) ) ;
#37 = MECHANICAL_DESIGN_GEOMETRIC_PRESENTATION_REPRESENTATION (  '', ( #5229 ), #983 ) ;
#38 = CARTESIAN_POINT ( 'NONE',  ( -7.075310326985316816E-07, 1.960695240334310308, 0.2215878210525937531 ) ) ;
#39 = CARTESIAN_POINT ( 'NONE',  ( -0.1988064231630442824, 1.883278821073177012, 0.09987441550702690074 ) ) ;
#40 = B_SPLINE_CURVE_WITH_KNOTS ( 'NONE', 3,
 ( #5174, #2633, #3984, #3513, #2232, #1465, #164, #4739, #3103, #2273, #518, #1860, #4807, #111, #1392, #5191 ),
 .UNSPECIFIED., .F., .F.,
 ( 4, 2, 2, 2, 2, 2, 2, 4 ),
 ( 0.0000000000000000000, 0.002049096695270300784, 0.004098193390540601569, 0.005122741738175759334, 0.006147290085810916231, 0.007171838433446073129, 0.007684112607263655914, 0.008196386781081239567 ),
 .UNSPECIFIED. ) ;
#41 = EDGE_CURVE ( 'NONE', #1845, #3024, #278, .T. ) ;
#42 = CARTESIAN_POINT ( 'NONE',  ( -0.3106474710965988484, 1.703893155275413740, -0.4679362895073003181 ) ) ;
#43 = CARTESIAN_POINT ( 'NONE',  ( -7.075310326977259415E-07, 2.155111100308018113, -0.1374209042520500024 ) ) ;
#44 = CARTESIAN_POINT ( 'NONE',  ( -0.8619922554878701737, 1.132912519910995730, -0.5027047589038208253 ) ) ;
#45 = CARTESIAN_POINT ( 'NONE',  ( 0.4929817107874260307, 1.075503745409490453, -0.2760287213718534138 ) ) ;
#46 = PRODUCT_DEFINITION_SHAPE ( 'NONE', 'NONE',  #3329 ) ;
#47 = CARTESIAN_POINT ( 'NONE',  ( -7.075310326503383657E-07, 2.142638581168790690, 0.1531039289208423193 ) ) ;
#48 = CARTESIAN_POINT ( 'NONE',  ( 1.034935464358674562, 1.723836302417243171, -0.9154536602026380754 ) ) ;
#49 = ORIENTED_EDGE ( 'NONE', *, *, #3518, .F. ) ;
#50 = CARTESIAN_POINT ( 'NONE',  ( 0.03210583902353954938, 1.880755141492141069, 0.5608335641122961235 ) ) ;
#51 = PRODUCT_DEFINITION_SHAPE ( 'NONE', 'NONE',  #2006 ) ;
#52 = CARTESIAN_POINT ( 'NONE',  ( 0.2219657158799666352, 1.951176915564387659, -0.2219664488132059021 ) ) ;
#53 = CARTESIAN_POINT ( 'NONE',  ( -0.1050844657879302091, 1.890624175358824655, -0.5517494824690227784 ) ) ;
#54 = DIRECTION ( 'NONE',  ( 0.0000000000000000000, -2.401145779328437928E-15, -1.000000000000000000 ) ) ;
#55 = CARTESIAN_POINT ( 'NONE',  ( -7.075310327131450117E-07, 2.163452667595270551, -0.1246909594896477291 ) ) ;
#56 = DIRECTION ( 'NONE',  ( 0.7071067811865476838, -0.0000000000000000000, 0.7071067811865473507 ) ) ;
#57 = CARTESIAN_POINT ( 'NONE',  ( 0.1529967300380691564, 1.794889389857937001, -0.1618167962315826547 ) ) ;
#58 = VERTEX_POINT ( 'NONE', #2050 ) ;
#59 = CARTESIAN_POINT ( 'NONE',  ( 0.009286588741073758049, 1.797124093125409772, -2.540220660926875176E-08 ) ) ;
#60 = CARTESIAN_POINT ( 'NONE',  ( 0.1852656470690217105, 2.104083014838995958, -0.1852663800022607832 ) ) ;
#61 = CARTESIAN_POINT ( 'NONE',  ( 0.1963044072801256312, 1.116638417020444862, -0.09810377062387347358 ) ) ;
#62 = MECHANICAL_DESIGN_GEOMETRIC_PRESENTATION_REPRESENTATION (  '', ( #4982 ), #879 ) ;
#63 = CARTESIAN_POINT ( 'NONE',  ( -0.1841121710374789833, 1.173044472387997361, -0.1186778203399451309 ) ) ;
#64 = ORIENTED_EDGE ( 'NONE', *, *, #1765, .T. ) ;
#65 = CARTESIAN_POINT ( 'NONE',  ( 1.379133150736683966, 1.926191724384900716, -0.1030542582445297950 ) ) ;
#66 = CARTESIAN_POINT ( 'NONE',  ( 0.2206241087028693038, 1.976823799906981982, -0.2206248416361085429 ) ) ;
#67 = FACE_OUTER_BOUND ( 'NONE', #1438, .T. ) ;
#68 = ORIENTED_EDGE ( 'NONE', *, *, #3920, .F. ) ;
#69 = CIRCLE ( 'NONE', #1312, 0.2137171453055093651 ) ;
#70 = ORIENTED_EDGE ( 'NONE', *, *, #4880, .F. ) ;
#71 = EDGE_CURVE ( 'NONE', #5401, #1560, #3224, .T. ) ;
#72 = DIRECTION ( 'NONE',  ( 0.0000000000000000000, -3.501968597274813188E-16, 1.000000000000000000 ) ) ;
#73 = CARTESIAN_POINT ( 'NONE',  ( -7.075310327241193823E-07, 2.168570798939339017, -0.1157811753442456876 ) ) ;
#74 = CARTESIAN_POINT ( 'NONE',  ( -0.8523091650304575051, 1.233288003293391499, -0.5194763635503449883 ) ) ;
#75 = LINE ( 'NONE', #5080, #4439 ) ;
#76 = CARTESIAN_POINT ( 'NONE',  ( -0.1050471331680124659, 1.890574472138595308, -0.1960878396567851956 ) ) ;
#77 = FACE_OUTER_BOUND ( 'NONE', #4306, .T. ) ;
#78 = CARTESIAN_POINT ( 'NONE',  ( -7.075310326648127823E-07, 2.171019139527382347, -0.1001124102062819488 ) ) ;
#79 = ORIENTED_EDGE ( 'NONE', *, *, #621, .F. ) ;
#80 = CARTESIAN_POINT ( 'NONE',  ( 0.2215871389237676348, 1.960695240334310308, -2.540220654993758120E-08 ) ) ;
#81 = CARTESIAN_POINT ( 'NONE',  ( -0.9442912819958109161, 1.892061177074431333, 1.006099206823153791 ) ) ;
#82 = ADVANCED_FACE ( 'NONE', ( #2889 ), #2869, .T. ) ;
#83 = DIRECTION ( 'NONE',  ( 0.0000000000000000000, 1.000000000000000000, 2.220446049250310123E-16 ) ) ;
#84 = EDGE_LOOP ( 'NONE', ( #512, #1684, #1059, #5118 ) ) ;
#85 = ORIENTED_EDGE ( 'NONE', *, *, #283, .F. ) ;
#86 = CARTESIAN_POINT ( 'NONE',  ( 1.379133150736683966, 1.728393678196920025, 0.09349803378431942313 ) ) ;
#87 = CIRCLE ( 'NONE', #1743, 0.2435939647183234524 ) ;
#88 = AXIS2_PLACEMENT_3D ( 'NONE', #4803, #4363, #1817 ) ;
#89 = CARTESIAN_POINT ( 'NONE',  ( -0.2184845797522612931, 1.998941422088291731, 0.2184838468190219984 ) ) ;
#90 = VERTEX_POINT ( 'NONE', #233 ) ;
#91 = LINE ( 'NONE', #1102, #3980 ) ;
#92 = LINE ( 'NONE', #2459, #2337 ) ;
#93 = CARTESIAN_POINT ( 'NONE',  ( -7.075310326961039793E-07, 1.948578194645492534, 0.2220560892099173178 ) ) ;
#94 =( BOUNDED_SURFACE ( )  B_SPLINE_SURFACE ( 3, 3, ( 
 ( #143, #3532, #4383, #1069 ),
 ( #4013, #4910, #737, #1694 ),
 ( #5465, #2134, #4136, #1917 ),
 ( #1989, #249, #223, #4872 ) ),
 .UNSPECIFIED., .F., .F., .F. ) 
 B_SPLINE_SURFACE_WITH_KNOTS ( ( 4, 4 ),
 ( 4, 4 ),
 ( 0.0000000000000000000, 1.000000000000000000 ),
 ( 0.0000000000000000000, 1.000000000000000000 ),
 .UNSPECIFIED. ) 
 GEOMETRIC_REPRESENTATION_ITEM ( )  RATIONAL_B_SPLINE_SURFACE ( (
 ( 1.000000000000000000, 0.3333333333326781722, 0.3333333333326781722, 1.000000000000000000),
 ( 0.8322209848834780654, 0.2774069949606141061, 0.2774069949606141061, 0.8322209848834780654),
 ( 0.8322209848834780654, 0.2774069949606141061, 0.2774069949606141061, 0.8322209848834780654),
 ( 1.000000000000000000, 0.3333333333326781722, 0.3333333333326781722, 1.000000000000000000) ) ) 
 REPRESENTATION_ITEM ( '' )  SURFACE ( )  );
#95 = VERTEX_POINT ( 'NONE', #4057 ) ;
#96 = CARTESIAN_POINT ( 'NONE',  ( 0.09775633488898181900, 0.2084659632555735109, 0.1900492493713389908 ) ) ;
#97 = DIRECTION ( 'NONE',  ( 0.0000000000000000000, 1.000000000000000000, 2.220446049250310123E-16 ) ) ;
#98 = CARTESIAN_POINT ( 'NONE',  ( -0.2142073067522387297, 2.026044938440203946, -2.540220662377928642E-08 ) ) ;
#99 =( CONVERSION_BASED_UNIT ( 'INCH', #4822 ) LENGTH_UNIT ( ) NAMED_UNIT ( #2368 ) );
#100 = CARTESIAN_POINT ( 'NONE',  ( 0.9561332504497949136, 1.767981565922491782, 0.9942558233071046025 ) ) ;
#101 = B_SPLINE_CURVE_WITH_KNOTS ( 'NONE', 3,
 ( #34, #438, #3818, #1721, #2147, #3454, #1345, #5112, #50, #3007, #3437, #928, #5213, #5181, #3553, #1826 ),
 .UNSPECIFIED., .F., .F.,
 ( 4, 2, 2, 2, 2, 2, 2, 4 ),
 ( 0.0000000000000000000, 0.002046144476153349996, 0.004092288952306699992, 0.005115361190383374557, 0.006138433428460049121, 0.007161505666536724553, 0.007673041785575067039, 0.008184577904613408658 ),
 .UNSPECIFIED. ) ;
#102 = CARTESIAN_POINT ( 'NONE',  ( -0.2206255237649346057, 1.976823799906981982, -0.2206248416361085429 ) ) ;
#103 = ORIENTED_EDGE ( 'NONE', *, *, #3115, .F. ) ;
#104 = CARTESIAN_POINT ( 'NONE',  ( 0.2149624514699459699, 1.839622412753077585, -0.05812758809678626043 ) ) ;
#105 = CARTESIAN_POINT ( 'NONE',  ( -7.075310326648127823E-07, 1.751860218209315923, -0.07618132288795506635 ) ) ;
#106 = CARTESIAN_POINT ( 'NONE',  ( -0.05576021715101463216, 1.339079361902335119, 0.5721185508870284542 ) ) ;
#107 = CARTESIAN_POINT ( 'NONE',  ( -0.1518038795134748764, 1.280526411776959250, -0.1312123058866954961 ) ) ;
#108 = CARTESIAN_POINT ( 'NONE',  ( -0.02529327734591901508, 1.769416692216434717, 0.5615048718699726660 ) ) ;
#109 = CIRCLE ( 'NONE', #2298, 0.02268237145657622453 ) ;
#110 = CARTESIAN_POINT ( 'NONE',  ( -0.2224383572803197706, 1.930860030043399789, -0.2224376751514937078 ) ) ;
#111 = CARTESIAN_POINT ( 'NONE',  ( -0.07405828286519111625, 1.924590728915401616, 0.2098494367706540409 ) ) ;
#112 = CARTESIAN_POINT ( 'NONE',  ( -7.075310327012948090E-07, 1.976823799906982204, 0.2206247908316953388 ) ) ;
#113 = FILL_AREA_STYLE_COLOUR ( '', #209 ) ;
#114 = EDGE_CURVE ( 'NONE', #17, #3995, #2747, .T. ) ;
#115 = EDGE_CURVE ( 'NONE', #145, #3574, #808, .T. ) ;
#116 = CARTESIAN_POINT ( 'NONE',  ( 0.9154529272693988640, 1.723836302417243171, 1.034936146487500652 ) ) ;
#117 = AXIS2_PLACEMENT_3D ( 'NONE', #1802, #4379, #1832 ) ;
#118 = CARTESIAN_POINT ( 'NONE',  ( 0.1938129341950617923, 1.926372906733586188, -0.1091679202321334530 ) ) ;
#119 = CARTESIAN_POINT ( 'NONE',  ( -0.5551839254621985242, 1.920616772260015148, 0.08531182326476875744 ) ) ;
#120 = CARTESIAN_POINT ( 'NONE',  ( -0.2149638665320112718, 1.839622412753077141, 0.05812753729237332689 ) ) ;
#121 = ORIENTED_EDGE ( 'NONE', *, *, #4880, .T. ) ;
#122 = CARTESIAN_POINT ( 'NONE',  ( -7.075310327187932391E-07, 2.169627812087729257, -0.1137727091427306048 ) ) ;
#123 = VERTEX_POINT ( 'NONE', #1898 ) ;
#124 = CARTESIAN_POINT ( 'NONE',  ( -0.006167224572539708148, 1.303578410377560282, 0.5748252461106100331 ) ) ;
#125 = DIRECTION ( 'NONE',  ( 0.0000000000000000000, 0.0000000000000000000, 1.000000000000000000 ) ) ;
#126 = CARTESIAN_POINT ( 'NONE',  ( 0.2224402373508570230, 1.926334100157303331, 0.2224409194796830858 ) ) ;
#127 = CARTESIAN_POINT ( 'NONE',  ( -0.6895676366648908484, 1.926334100157303553, 0.1112204470387382627 ) ) ;
#128 =( NAMED_UNIT ( * ) PLANE_ANGLE_UNIT ( ) SI_UNIT ( $, .RADIAN. ) );
#129 = B_SPLINE_CURVE_WITH_KNOTS ( 'NONE', 3,
 ( #1723, #3457, #1325, #63, #4714, #2148 ),
 .UNSPECIFIED., .F., .F.,
 ( 4, 2, 4 ),
 ( 7.112895110951044004E-18, 0.002172747332403118098, 0.004345494664806229257 ),
 .UNSPECIFIED. ) ;
#130 = PRODUCT_DEFINITION_FORMATION_WITH_SPECIFIED_SOURCE ( 'ANY', '', #506, .NOT_KNOWN. ) ;
#131 = CARTESIAN_POINT ( 'NONE',  ( -0.3837618337738136765, 1.061028180799971299, -0.2149692691142162937 ) ) ;
#132 = CIRCLE ( 'NONE', #2562, 0.2137171453055093928 ) ;
#133 = CARTESIAN_POINT ( 'NONE',  ( 1.593295028329734879E-17, 0.2084659632555736219, -0.2435939647183234802 ) ) ;
#134 = CARTESIAN_POINT ( 'NONE',  ( -0.0001499809375117821251, 1.860690414720895580, -0.6988510988312988115 ) ) ;
#135 = EDGE_CURVE ( 'NONE', #3196, #1727, #494, .T. ) ;
#136 = FACE_OUTER_BOUND ( 'NONE', #1346, .T. ) ;
#137 = CARTESIAN_POINT ( 'NONE',  ( -0.2194470374836284265, 1.821493450485898835, 0.03783225635330994541 ) ) ;
#138 = LINE ( 'NONE', #736, #4048 ) ;
#139 = ADVANCED_FACE ( 'NONE', ( #215 ), #1253, .T. ) ;
#140 = EDGE_CURVE ( 'NONE', #3271, #386, #2619, .T. ) ;
#141 = CARTESIAN_POINT ( 'NONE',  ( -7.075310326648127823E-07, 1.926334100157303553, 0.1112204470387382627 ) ) ;
#142 = ORIENTED_EDGE ( 'NONE', *, *, #768, .F. ) ;
#143 = CARTESIAN_POINT ( 'NONE',  ( -0.0001499809382048950099, 1.860690414720896468, -0.6988510988312996997 ) ) ;
#144 = CARTESIAN_POINT ( 'NONE',  ( -0.5313987027703718224, 1.061028180799971965, -0.2745221872904248239 ) ) ;
#145 = VERTEX_POINT ( 'NONE', #247 ) ;
#146 = CARTESIAN_POINT ( 'NONE',  ( 0.3106460560345334909, 1.926334100157303553, -0.4679362895073003181 ) ) ;
#147 = CIRCLE ( 'NONE', #3456, 0.2435939647183234524 ) ;
#148 = CARTESIAN_POINT ( 'NONE',  ( 0.2223968705752852049, 1.935347466138262806, 0.2223975527041114619 ) ) ;
#149 = DIRECTION ( 'NONE',  ( 4.930380657631323784E-32, 1.000000000000000000, 2.220446049250309876E-16 ) ) ;
#150 = SURFACE_SIDE_STYLE ('',( #1008 ) ) ;
#151 = ORIENTED_EDGE ( 'NONE', *, *, #513, .T. ) ;
#152 = FACE_BOUND ( 'NONE', #1347, .T. ) ;
#153 = VERTEX_POINT ( 'NONE', #5276 ) ;
#154 = CARTESIAN_POINT ( 'NONE',  ( -0.07864545780079636172, 1.703893155275413740, 0.07864472486755709479 ) ) ;
#155 = VERTEX_POINT ( 'NONE', #1951 ) ;
#156 = CARTESIAN_POINT ( 'NONE',  ( 0.1536441300163282342, 1.112582817257849355, -0.2620808091346916169 ) ) ;
#157 = CARTESIAN_POINT ( 'NONE',  ( -0.0001499809305422073868, 1.283469125681860223, 0.006509137389169282646 ) ) ;
#158 = ADVANCED_BREP_SHAPE_REPRESENTATION ( '', ( #3355, #477 ), #1553 ) ;
#159 = DIRECTION ( 'NONE',  ( -0.8660254037844460351, -2.698458740408365583E-15, 0.4999999999999870104 ) ) ;
#160 = CARTESIAN_POINT ( 'NONE',  ( -0.1735255391291251614, 1.061028180799970633, -0.09358928780767213074 ) ) ;
#161 = DIRECTION ( 'NONE',  ( 0.0000000000000000000, -1.000000000000000000, -2.220446049250310369E-16 ) ) ;
#162 = CARTESIAN_POINT ( 'NONE',  ( 0.8874117466187537717, 1.274502192926136201, -0.4581573595788511200 ) ) ;
#163 = CARTESIAN_POINT ( 'NONE',  ( -0.2223982856373505068, 1.935347466138262806, -0.2223976035085245273 ) ) ;
#164 = CARTESIAN_POINT ( 'NONE',  ( -0.1550821454717858094, 1.850334931845763142, 0.1597367707870887832 ) ) ;
#165 = AXIS2_PLACEMENT_3D ( 'NONE', #4736, #1359, #2211 ) ;
#166 = CARTESIAN_POINT ( 'NONE',  ( -0.02665048476634265806, 2.171019139527382347, -0.1041305536217116412 ) ) ;
#167 = CARTESIAN_POINT ( 'NONE',  ( -0.01906165289527523427, 1.767981565922491782, 0.01906091996203595693 ) ) ;
#168 = CARTESIAN_POINT ( 'NONE',  ( -0.0001499809259087603590, 1.706106920957451090, -0.7175361382013819567 ) ) ;
#169 = STYLED_ITEM ( 'NONE', ( #4191 ), #883 ) ;
#170 = CARTESIAN_POINT ( 'NONE',  ( -0.0001499809305422073868, 0.9498077083590259484, 0.006509137389169208920 ) ) ;
#171 = CARTESIAN_POINT ( 'NONE',  ( 0.6895662216028255465, 1.926334100157303553, -0.1112204978431513974 ) ) ;
#172 = ORIENTED_EDGE ( 'NONE', *, *, #3350, .F. ) ;
#173 =( CONVERSION_BASED_UNIT ( 'INCH', #4037 ) LENGTH_UNIT ( ) NAMED_UNIT ( #2501 ) );
#174 = EDGE_CURVE ( 'NONE', #5052, #2752, #5468, .T. ) ;
#175 = CARTESIAN_POINT ( 'NONE',  ( -0.3948838810179084446, 1.061028180799971299, -0.1957053182032639227 ) ) ;
#176 = CARTESIAN_POINT ( 'NONE',  ( -1.379134565798749046, 1.728393678196920025, -0.09349808458873237749 ) ) ;
#177 = ORIENTED_EDGE ( 'NONE', *, *, #509, .T. ) ;
#178 = CARTESIAN_POINT ( 'NONE',  ( -0.0001499809305422073868, 1.339079361902335119, 0.006509137389169294789 ) ) ;
#179 = CARTESIAN_POINT ( 'NONE',  ( 0.1688008234279154696, 1.231102483338293974, -0.1012531862697547691 ) ) ;
#180 = CARTESIAN_POINT ( 'NONE',  ( -0.2082072520117305425, 1.917075766121175917, 0.07851749818887684973 ) ) ;
#181 = DIRECTION ( 'NONE',  ( -0.0000000000000000000, -1.000000000000000000, -2.220446049250310123E-16 ) ) ;
#182 =( REPRESENTATION_RELATIONSHIP ('NONE','NONE', #1333, #4946 ) REPRESENTATION_RELATIONSHIP_WITH_TRANSFORMATION ( #2245 )SHAPE_REPRESENTATION_RELATIONSHIP( ) );
#183 = ORIENTED_EDGE ( 'NONE', *, *, #760, .F. ) ;
#184 = CARTESIAN_POINT ( 'NONE',  ( -0.06982370843533755589, 1.293375288974567994, 0.5705601244498801350 ) ) ;
#185 = CARTESIAN_POINT ( 'NONE',  ( -0.2098501697038977210, 1.924590728915404059, -0.07405760073635282714 ) ) ;
#186 = DIRECTION ( 'NONE',  ( 0.0000000000000000000, 0.0000000000000000000, 1.000000000000000000 ) ) ;
#187 = CARTESIAN_POINT ( 'NONE',  ( 0.1146351974703237603, 1.116638417020445306, -0.2395589914284567135 ) ) ;
#188 = DIRECTION ( 'NONE',  ( 0.0000000000000000000, 0.0000000000000000000, -1.000000000000000000 ) ) ;
#189 = EDGE_CURVE ( 'NONE', #4053, #2193, #109, .T. ) ;
#190 = CARTESIAN_POINT ( 'NONE',  ( 0.1112197649099122138, 1.926334100157303553, -2.540220660302714465E-08 ) ) ;
#191 = CARTESIAN_POINT ( 'NONE',  ( -0.0002879849930831049798, 1.135506355088754304, 1.007493389357672964 ) ) ;
#192 = DIRECTION ( 'NONE',  ( -0.0000000000000000000, -1.000000000000000000, -2.220446049250310123E-16 ) ) ;
#193 = FACE_OUTER_BOUND ( 'NONE', #401, .T. ) ;
#194 = CARTESIAN_POINT ( 'NONE',  ( 0.3458041885295544682, 1.706106920959869155, -0.5840715712749622313 ) ) ;
#195 = ORIENTED_EDGE ( 'NONE', *, *, #2204, .T. ) ;
#196 = CARTESIAN_POINT ( 'NONE',  ( 0.8667278100623468928, 1.283469125681862666, -0.4939829885950827726 ) ) ;
#197 = CARTESIAN_POINT ( 'NONE',  ( 0.1112197649099124358, 1.703893155275413740, -1.379133883669923177 ) ) ;
#198 = CARTESIAN_POINT ( 'NONE',  ( -1.389870663509346131E-17, 0.2632087033490721484, -6.490140971714850841E-17 ) ) ;
#199 = ORIENTED_EDGE ( 'NONE', *, *, #3764, .T. ) ;
#200 = CARTESIAN_POINT ( 'NONE',  ( -0.1529981451001341253, 1.794889389857936113, 0.1618167454271697558 ) ) ;
#201 = FACE_BOUND ( 'NONE', #1664, .T. ) ;
#202 = CARTESIAN_POINT ( 'NONE',  ( -0.06358200834760062425, 1.908269080859285927, -1.379133883669923177 ) ) ;
#203 = CLOSED_SHELL ( 'NONE', ( #3349, #3700, #1284, #2075, #4125, #3378, #1656, #4569, #4205, #1192, #2098, #2600, #2906, #2515, #2153, #5073, #4151, #2490, #835, #33, #787, #5087, #2848, #810, #2039, #4676, #2534, #2017, #1254, #2880, #1167, #4641, #5046, #730, #3364, #3731 ) ) ;
#204 = CARTESIAN_POINT ( 'NONE',  ( -0.4923439267053953960, 1.061028180799971521, -0.2776591696974407553 ) ) ;
#205 = CARTESIAN_POINT ( 'NONE',  ( -0.1125775059711573572, 1.924745851044262768, -2.540220663051745336E-08 ) ) ;
#206 = CYLINDRICAL_SURFACE ( 'NONE', #5038, 0.5683366141732283383 ) ;
#207 = CARTESIAN_POINT ( 'NONE',  ( 0.1081348352971306520, 1.926334100157303553, 0.1943879329110757281 ) ) ;
#208 = EDGE_CURVE ( 'NONE', #632, #920, #3340, .T. ) ;
#209 = COLOUR_RGB ( '',0.2509803921568627416, 0.2509803921568627416, 0.2509803921568627416 ) ;
#210 = VERTEX_POINT ( 'NONE', #1180 ) ;
#211 = PRESENTATION_STYLE_ASSIGNMENT (( #1261 ) ) ;
#212 = ORIENTED_EDGE ( 'NONE', *, *, #4651, .T. ) ;
#213 = CARTESIAN_POINT ( 'NONE',  ( -7.075310326648127823E-07, 1.703893155275413740, -0.1112204978431514807 ) ) ;
#214 = ORIENTED_EDGE ( 'NONE', *, *, #2306, .F. ) ;
#215 = FACE_OUTER_BOUND ( 'NONE', #1803, .T. ) ;
#216 = PLANE ( 'NONE',  #4251 ) ;
#217 = CARTESIAN_POINT ( 'NONE',  ( -0.1081362503592011998, 1.926334100157303553, -0.1943879837154859624 ) ) ;
#218 = CARTESIAN_POINT ( 'NONE',  ( 0.3458041885295547457, 1.706106920959869155, 0.5970898460533003993 ) ) ;
#219 = CARTESIAN_POINT ( 'NONE',  ( -7.075310326961039793E-07, 1.948578194645492534, 0.2220560892099173178 ) ) ;
#220 = EDGE_CURVE ( 'NONE', #2021, #5279, #4177, .T. ) ;
#221 = PRODUCT_CONTEXT ( 'NONE', #3182, 'mechanical' ) ;
#222 = EDGE_LOOP ( 'NONE', ( #2861, #2484, #952, #1477, #5302 ) ) ;
#223 = CARTESIAN_POINT ( 'NONE',  ( 1.136523247418147697, 1.706106920998919696, 0.5748457515635141402 ) ) ;
#224 = CARTESIAN_POINT ( 'NONE',  ( -0.06298532567518254355, 1.270995479397542871, 0.5713726125937975686 ) ) ;
#225 = CARTESIAN_POINT ( 'NONE',  ( -0.2224416524129224082, 1.926334100157303553, -2.540220660983740535E-08 ) ) ;
#226 = CARTESIAN_POINT ( 'NONE',  ( 0.05894196657075973650, 1.743193393742112018, -1.379133883669923177 ) ) ;
#227 = CARTESIAN_POINT ( 'NONE',  ( 0.3269172468111001262, 1.109918007326325284, -0.002526339421688481718 ) ) ;
#228 = DIRECTION ( 'NONE',  ( 1.000000000000000000, 4.869933132958959690E-11, 0.0000000000000000000 ) ) ;
#229 = CARTESIAN_POINT ( 'NONE',  ( -1.448240532113733048, 1.844127897461433463, -0.7175361382013819567 ) ) ;
#230 = CARTESIAN_POINT ( 'NONE',  ( 0.2139157115943817744, 1.926334100157303553, 0.06098964248103345281 ) ) ;
#231 = CARTESIAN_POINT ( 'NONE',  ( 0.1896840199598897325, 1.256011404338016391, -0.1095706178283065851 ) ) ;
#232 = ORIENTED_EDGE ( 'NONE', *, *, #2460, .F. ) ;
#233 = CARTESIAN_POINT ( 'NONE',  ( 0.05546025528993021869, 1.005417944579500622, 0.5721185508870284542 ) ) ;
#234 = CARTESIAN_POINT ( 'NONE',  ( -0.0001499809305375039822, 1.292416745410840617, 0.2289500822710590355 ) ) ;
#235 = CARTESIAN_POINT ( 'NONE',  ( -0.2151620454767153301, 1.903274320068529368, -0.05645563991066354648 ) ) ;
#236 = ORIENTED_EDGE ( 'NONE', *, *, #4333, .F. ) ;
#237 = CARTESIAN_POINT ( 'NONE',  ( -0.07019770864509469743, 2.171019139527382347, 0.08059590329683360976 ) ) ;
#238 = CARTESIAN_POINT ( 'NONE',  ( -0.2070773929081579368, 2.054691988635170663, -0.2070767107793319017 ) ) ;
#239 = EDGE_CURVE ( 'NONE', #95, #764, #3520, .T. ) ;
#240 = CARTESIAN_POINT ( 'NONE',  ( -0.04130911814970505275, 1.824185956693643584, -1.379133883669923177 ) ) ;
#241 = CARTESIAN_POINT ( 'NONE',  ( -0.5026930287207485026, 1.078862977671651624, -0.2589286438657547040 ) ) ;
#242 = CARTESIAN_POINT ( 'NONE',  ( -0.4426846804833748927, 1.736191466982981879, 0.3463500342767419360 ) ) ;
#243 = EDGE_CURVE ( 'NONE', #5010, #4327, #138, .T. ) ;
#244 = CARTESIAN_POINT ( 'NONE',  ( 0.06358059328553530842, 1.908269080859285927, 1.379133832865509834 ) ) ;
#245 = CARTESIAN_POINT ( 'NONE',  ( -0.07217875057196794508, 1.321581909612418393, 1.007493389357672964 ) ) ;
#246 = DIRECTION ( 'NONE',  ( -0.0000000000000000000, -1.000000000000000000, -2.220446049250310369E-16 ) ) ;
#247 = CARTESIAN_POINT ( 'NONE',  ( -0.4923439267053952850, 1.283469125681861334, -0.2776591696974409773 ) ) ;
#248 = CARTESIAN_POINT ( 'NONE',  ( -0.1112211799719775573, 1.703893155275413962, 0.1926394837073240884 ) ) ;
#249 = CARTESIAN_POINT ( 'NONE',  ( 1.136523247418147697, 1.706106920998919918, -0.5618274767851756391 ) ) ;
#250 = CARTESIAN_POINT ( 'NONE',  ( -0.1085581686427864595, 1.926437203932589215, -2.540220662977911195E-08 ) ) ;
#251 = AXIS2_PLACEMENT_3D ( 'NONE', #1766, #553, #1780 ) ;
#252 = CARTESIAN_POINT ( 'NONE',  ( 0.08045052022143718562, 2.171019139527381903, -0.07007712918545661029 ) ) ;
#253 = DIRECTION ( 'NONE',  ( 0.0000000000000000000, -2.403371457633731523E-16, 1.000000000000000000 ) ) ;
#254 = CARTESIAN_POINT ( 'NONE',  ( -0.4863486081863951926, 1.144858506561017286, -0.2878288253501442573 ) ) ;
#255 = VECTOR ( 'NONE', #3253, 39.37007874015748143 ) ;
#256 = LINE ( 'NONE', #833, #3390 ) ;
#257 = CARTESIAN_POINT ( 'NONE',  ( -0.05362367043897698499, 1.247496292154596897, 0.2067059877828699155 ) ) ;
#258 = CARTESIAN_POINT ( 'NONE',  ( 0.2148607459545278375, 1.703893155275413740, -0.05757197834823968990 ) ) ;
#259 = CARTESIAN_POINT ( 'NONE',  ( -0.9335168463174547959, 1.743193393742112018, -1.016873693305922810 ) ) ;
#260 = CARTESIAN_POINT ( 'NONE',  ( 0.1177772773615335111, 2.167410704699056723, -2.540220715849772944E-08 ) ) ;
#261 = LINE ( 'NONE', #144, #1918 ) ;
#262 = CARTESIAN_POINT ( 'NONE',  ( -0.05576021715101463910, 1.339079361902335119, 0.6070996885702715229 ) ) ;
#263 = VECTOR ( 'NONE', #343, 39.37007874015748143 ) ;
#264 = ORIENTED_EDGE ( 'NONE', *, *, #208, .F. ) ;
#265 = CARTESIAN_POINT ( 'NONE',  ( -0.1931050087210905708, 1.839622412753077807, -0.1108995390818963145 ) ) ;
#266 = ORIENTED_EDGE ( 'NONE', *, *, #381, .F. ) ;
#267 = CARTESIAN_POINT ( 'NONE',  ( 0.1109100482679291899, 1.900406239303865430, 0.1928254947403133246 ) ) ;
#268 = VECTOR ( 'NONE', #3433, 39.37007874015748143 ) ;
#269 = CARTESIAN_POINT ( 'NONE',  ( -0.06450333334603423896, 2.171019139527383679, 0.08522370585640039187 ) ) ;
#270 = CARTESIAN_POINT ( 'NONE',  ( -0.1888612573571463171, 1.116638417020444196, -0.1112534547587183398 ) ) ;
#271 = EDGE_CURVE ( 'NONE', #2716, #5446, #4642, .T. ) ;
#272 = CARTESIAN_POINT ( 'NONE',  ( 0.008135241982621235768, 1.116638417020444196, 0.2287957295201997199 ) ) ;
#273 = VECTOR ( 'NONE', #769, 39.37007874015748854 ) ;
#274 = CARTESIAN_POINT ( 'NONE',  ( 0.4509384385086526170, 1.863033024126959258, 0.3348772291860910300 ) ) ;
#275 = ORIENTED_EDGE ( 'NONE', *, *, #1133, .F. ) ;
#276 = CARTESIAN_POINT ( 'NONE',  ( 0.08742086161545806200, 1.921447095900730151, 0.2046195416575959380 ) ) ;
#277 = ORIENTED_EDGE ( 'NONE', *, *, #1891, .F. ) ;
#278 = B_SPLINE_CURVE_WITH_KNOTS ( 'NONE', 5,
 ( #5014, #4975, #5460, #1665, #303, #365, #4589, #1251, #1189, #3279, #4207, #4622, #2015, #2030, #1235 ),
 .UNSPECIFIED., .F., .F.,
 ( 6, 1, 1, 1, 1, 1, 1, 1, 1, 1, 6 ),
 ( -0.9887490276906329978, -0.9000000000000000222, -0.8000000000000000444, -0.6999999999999999556, -0.5999999999999999778, -0.5000000000000000000, -0.4000000000000000222, -0.3000000000000000444, -0.1999999999999998446, -0.09999999999999997780, -0.06271658775695232446 ),
 .UNSPECIFIED. ) ;
#279 = CARTESIAN_POINT ( 'NONE',  ( -0.1052750749993604379, 1.712158471848197250, -2.540220661628363048E-08 ) ) ;
#280 = B_SPLINE_CURVE_WITH_KNOTS ( 'NONE', 3,
 ( #988, #3981, #2284, #1441, #554, #2241, #5187, #4405, #3140, #2723, #2695, #1804 ),
 .UNSPECIFIED., .F., .F.,
 ( 4, 2, 2, 2, 2, 4 ),
 ( 0.004604673752630698315, 0.005499649790626379153, 0.006394625828622059124, 0.007289601866617739963, 0.007737089885615579948, 0.008184577904613420801 ),
 .UNSPECIFIED. ) ;
#281 = CARTESIAN_POINT ( 'NONE',  ( -0.8965508606063379293, 1.703893155275413740, -1.053839679017039677 ) ) ;
#282 = PLANE ( 'NONE',  #1093 ) ;
#283 = EDGE_CURVE ( 'NONE', #5164, #2222, #5456, .T. ) ;
#284 = CARTESIAN_POINT ( 'NONE',  ( 0.1112197649099122138, 1.926334100157303553, 0.1926394837073241162 ) ) ;
#285 = EDGE_CURVE ( 'NONE', #3196, #4474, #1535, .T. ) ;
#286 = CARTESIAN_POINT ( 'NONE',  ( -0.2158022994779515147, 1.909814100410651916, -0.05395658820303075170 ) ) ;
#287 = CARTESIAN_POINT ( 'NONE',  ( 0.08506709167451227682, 2.171019139527381903, -0.06439398751645214469 ) ) ;
#288 = CARTESIAN_POINT ( 'NONE',  ( 0.4422374902422404608, 1.848584231490361551, 0.3463865444607897026 ) ) ;
#289 = CARTESIAN_POINT ( 'NONE',  ( -0.2442070098929178812, 1.091705001674053044, -0.3141941291487641563 ) ) ;
#290 = DIRECTION ( 'NONE',  ( 0.0000000000000000000, 0.0000000000000000000, 1.000000000000000000 ) ) ;
#291 = FACE_OUTER_BOUND ( 'NONE', #899, .T. ) ;
#292 = DIRECTION ( 'NONE',  ( -0.0000000000000000000, 1.000000000000000000, -0.0000000000000000000 ) ) ;
#293 = CARTESIAN_POINT ( 'NONE',  ( -0.4557650091341091669, 1.719916982635089742, 0.3289817196537401789 ) ) ;
#294 = FILL_AREA_STYLE ('',( #1600 ) ) ;
#295 = CARTESIAN_POINT ( 'NONE',  ( -0.01887890995037399752, 1.774630256561653185, 0.2218412271828919535 ) ) ;
#296 = PRODUCT_RELATED_PRODUCT_CATEGORY ( 'part', '', ( #5198 ) ) ;
#297 = CARTESIAN_POINT ( 'NONE',  ( 0.3072580424508858377, 1.913453448141116287, -0.4701679447667163059 ) ) ;
#298 = CARTESIAN_POINT ( 'NONE',  ( -7.075310326531166337E-07, 2.159897092283287634, 0.09550545659201042925 ) ) ;
#299 = DIRECTION ( 'NONE',  ( 0.9999922886584666770, 0.0000000000000000000, -0.003927164829985672553 ) ) ;
#300 = CARTESIAN_POINT ( 'NONE',  ( 0.1377406475869373537, 1.768689894399597895, 0.1750027952098007211 ) ) ;
#301 = CARTESIAN_POINT ( 'NONE',  ( -0.9267846491499812656, 1.848849985279380936, 1.023605839668983331 ) ) ;
#302 = CARTESIAN_POINT ( 'NONE',  ( 0.04259512548773885382, 2.171019139527381903, -0.09781650260099247762 ) ) ;
#303 = CARTESIAN_POINT ( 'NONE',  ( -0.1534942742289043816, 2.142233843638553292, -2.540220656961613187E-08 ) ) ;
#304 = CARTESIAN_POINT ( 'NONE',  ( 0.3289810375249141439, 1.719916982635090186, 0.4557642762008701776 ) ) ;
#305 = ORIENTED_EDGE ( 'NONE', *, *, #114, .T. ) ;
#306 = CARTESIAN_POINT ( 'NONE',  ( -0.2610250057696154591, 1.085183156797603798, -0.3239040035954051655 ) ) ;
#307 = CARTESIAN_POINT ( 'NONE',  ( 0.07286963934175152979, 1.926191724384900716, -0.07287037227499079672 ) ) ;
#308 = CARTESIAN_POINT ( 'NONE',  ( 0.05974056101360426807, 1.723836302417243171, -0.05974129394684354194 ) ) ;
#309 = UNCERTAINTY_MEASURE_WITH_UNIT (LENGTH_MEASURE( 1.000000000000000082E-05 ), #99, 'distance_accuracy_value', 'NONE');
#310 = ORIENTED_EDGE ( 'NONE', *, *, #239, .T. ) ;
#311 = CARTESIAN_POINT ( 'NONE',  ( 0.3542154770662033214, 1.839352583142788378, -0.4360041778042554883 ) ) ;
#312 = ADVANCED_FACE ( 'NONE', ( #5178 ), #950, .T. ) ;
#313 = DIRECTION ( 'NONE',  ( 0.0000000000000000000, 1.000000000000000000, 2.220446049250310123E-16 ) ) ;
#314 = CARTESIAN_POINT ( 'NONE',  ( -0.0001499809305422073868, 1.339079361902335119, 0.2289500822710590355 ) ) ;
#315 = CIRCLE ( 'NONE', #3094, 0.2224409448818897572 ) ;
#316 = CARTESIAN_POINT ( 'NONE',  ( -1.389870663509346131E-17, 0.1194895853028177385, -9.681346450390297241E-17 ) ) ;
#317 = ORIENTED_EDGE ( 'NONE', *, *, #3789, .F. ) ;
#318 = CARTESIAN_POINT ( 'NONE',  ( 0.4958144896057092854, 1.116638417020444196, -0.2710259972795508454 ) ) ;
#319 = LINE ( 'NONE', #1313, #3824 ) ;
#320 = CARTESIAN_POINT ( 'NONE',  ( -0.1029639550747146193, 2.171019139527382347, -0.02810870602328786536 ) ) ;
#321 = CARTESIAN_POINT ( 'NONE',  ( 0.05757124541500039522, 1.926334100157303553, -0.2148614788877671045 ) ) ;
#322 = CARTESIAN_POINT ( 'NONE',  ( 0.07864404273873103202, 1.926334100157303553, 0.07864472486755709479 ) ) ;
#323 = ORIENTED_EDGE ( 'NONE', *, *, #3482, .T. ) ;
#324 = CARTESIAN_POINT ( 'NONE',  ( 0.08727610474816001329, 2.171019139527382347, -0.06136009596035482683 ) ) ;
#325 = CARTESIAN_POINT ( 'NONE',  ( -0.1112211799719775435, 2.171019139527382347, -2.540220651868889134E-08 ) ) ;
#326 = DIRECTION ( 'NONE',  ( 0.0000000000000000000, 0.0000000000000000000, -1.000000000000000000 ) ) ;
#327 = VECTOR ( 'NONE', #290, 39.37007874015748143 ) ;
#328 = ORIENTED_EDGE ( 'NONE', *, *, #3013, .F. ) ;
#329 = CARTESIAN_POINT ( 'NONE',  ( 1.379133150736683966, 1.924745851044262768, -0.1125768238423310863 ) ) ;
#330 = CARTESIAN_POINT ( 'NONE',  ( 0.04495806143302437385, 1.908269080859285927, -0.04495879436626364078 ) ) ;
#331 = FACE_OUTER_BOUND ( 'NONE', #825, .T. ) ;
#332 = AXIS2_PLACEMENT_3D ( 'NONE', #3204, #2774, #680 ) ;
#333 = LENGTH_MEASURE_WITH_UNIT ( LENGTH_MEASURE( 0.02539999999999999897 ), #1377 );
#334 = ORIENTED_EDGE ( 'NONE', *, *, #1590, .T. ) ;
#335 = FACE_OUTER_BOUND ( 'NONE', #3594, .T. ) ;
#336 = PLANE ( 'NONE',  #399 ) ;
#337 = SURFACE_SIDE_STYLE ('',( #4244 ) ) ;
#338 = CYLINDRICAL_SURFACE ( 'NONE', #3057, 0.7240452755905510962 ) ;
#339 = CARTESIAN_POINT ( 'NONE',  ( -0.04495947649508969662, 1.908269080859285927, -0.04495879436626364078 ) ) ;
#340 = ORIENTED_EDGE ( 'NONE', *, *, #1611, .F. ) ;
#341 = AXIS2_PLACEMENT_3D ( 'NONE', #2399, #1581, #1202 ) ;
#342 = CARTESIAN_POINT ( 'NONE',  ( -0.0001499809376357788039, 1.861978220022224129, 0.7225235359489953213 ) ) ;
#343 = DIRECTION ( 'NONE',  ( -0.7071067811865476838, -0.0000000000000000000, -0.7071067811865473507 ) ) ;
#344 = CARTESIAN_POINT ( 'NONE',  ( -7.075310325253284787E-07, 2.171019139527382347, 0.1083862841415767359 ) ) ;
#345 = CARTESIAN_POINT ( 'NONE',  ( 0.06611240414754090966, 1.728393678196920025, -0.06611313708078017659 ) ) ;
#346 = EDGE_CURVE ( 'NONE', #155, #210, #4322, .T. ) ;
#347 = CARTESIAN_POINT ( 'NONE',  ( -0.5534832483803969749, 1.878073678326437568, 0.09562004389212329369 ) ) ;
#348 = ORIENTED_EDGE ( 'NONE', *, *, #3425, .T. ) ;
#349 = DIRECTION ( 'NONE',  ( -0.0000000000000000000, 1.000000000000000000, 2.220446049250310123E-16 ) ) ;
#350 = CARTESIAN_POINT ( 'NONE',  ( -0.5030888441261851529, 1.061028180799971521, -0.2581774827814833917 ) ) ;
#351 = ADVANCED_FACE ( 'NONE', ( #3063 ), #2388, .T. ) ;
#352 = CARTESIAN_POINT ( 'NONE',  ( -0.4589855648495265728, 1.878073678326437790, -0.3237576838896041864 ) ) ;
#353 = CARTESIAN_POINT ( 'NONE',  ( 1.020152964778094695, 1.908269080859285927, 0.9302361089788048210 ) ) ;
#354 = CARTESIAN_POINT ( 'NONE',  ( -0.0001499809340129237226, 1.788845715243732704, 0.5748457515623969227 ) ) ;
#355 = CARTESIAN_POINT ( 'NONE',  ( 0.2226094006634987132, 1.850334931845768471, -0.003291860788608391881 ) ) ;
#356 = B_SPLINE_CURVE_WITH_KNOTS ( 'NONE', 3,
 ( #3705, #740, #1113, #1129, #1568, #4078, #4527, #1555, #2885, #4514, #1971, #4932, #2402, #4118, #5352, #2416, #5374, #4138, #2839, #300, #2010, #3275, #719, #4559, #3684, #4968 ),
 .UNSPECIFIED., .F., .F.,
 ( 4, 2, 2, 2, 2, 2, 2, 2, 2, 2, 2, 2, 4 ),
 ( 4.336808689942017736E-19, 0.0002690146151043190789, 0.0005380292302086377241, 0.0008070438453129563693, 0.001076058460417275014, 0.001614087690625894958, 0.002152116920834514467, 0.003228175381251739175, 0.004304233841668963015, 0.005380292302086189457, 0.006456350762503414165, 0.007532409222920640607, 0.008608467683337865314 ),
 .UNSPECIFIED. ) ;
#357 = AXIS2_PLACEMENT_3D ( 'NONE', #2760, #3632, #1078 ) ;
#358 = DIRECTION ( 'NONE',  ( -0.8660254037844319353, 2.794832266851519736E-15, -0.5000000000000116573 ) ) ;
#359 = CARTESIAN_POINT ( 'NONE',  ( -0.8774631163943601431, 1.089170550409900962, -0.4759084417769480213 ) ) ;
#360 = ORIENTED_EDGE ( 'NONE', *, *, #4448, .F. ) ;
#361 = CARTESIAN_POINT ( 'NONE',  ( -0.01579870125257717278, 1.863969252940381516, -0.2220330280954151414 ) ) ;
#362 = CARTESIAN_POINT ( 'NONE',  ( -7.075310326386317350E-07, 1.926334100157303553, -0.2224409702840963732 ) ) ;
#363 = CARTESIAN_POINT ( 'NONE',  ( -7.075310326648127823E-07, 2.159897092283287634, -0.1066275546405184016 ) ) ;
#364 = VERTEX_POINT ( 'NONE', #2703 ) ;
#365 = CARTESIAN_POINT ( 'NONE',  ( -0.1704192709433961506, 2.124651801044000532, -2.540220658847007943E-08 ) ) ;
#366 = ORIENTED_EDGE ( 'NONE', *, *, #965, .T. ) ;
#367 = CARTESIAN_POINT ( 'NONE',  ( -0.4229256239479974866, 1.821303089801792563, -0.3697340398181855337 ) ) ;
#368 = CARTESIAN_POINT ( 'NONE',  ( -0.2224416524129223804, 1.926334100157303331, 0.2224409194796830858 ) ) ;
#369 =( NAMED_UNIT ( * ) SI_UNIT ( $, .STERADIAN. ) SOLID_ANGLE_UNIT ( ) );
#370 = CARTESIAN_POINT ( 'NONE',  ( -0.007249756609101606387, 1.307413746360106988, 0.2067059877828699155 ) ) ;
#371 = ADVANCED_FACE ( 'NONE', ( #2777 ), #3193, .F. ) ;
#372 = CARTESIAN_POINT ( 'NONE',  ( -0.06867560658827737141, 1.325942731587548717, 0.2181506236583048430 ) ) ;
#373 = CARTESIAN_POINT ( 'NONE',  ( 0.7238952946573987690, 1.854859608411602023, 0.4306450400598915706 ) ) ;
#374 = CARTESIAN_POINT ( 'NONE',  ( -7.075310326055060764E-07, 2.168570798939339017, 0.1157811245398324834 ) ) ;
#375 = CARTESIAN_POINT ( 'NONE',  ( -0.03222570164303578677, 1.880722551463959169, -0.2202493855489948416 ) ) ;
#376 = CARTESIAN_POINT ( 'NONE',  ( 0.07443951159094638892, 1.712158471848197250, -0.07444024452418565585 ) ) ;
#377 = CARTESIAN_POINT ( 'NONE',  ( -1.379134565798749046, 1.905212127105338604, 0.1141508771983416048 ) ) ;
#378 = CARTESIAN_POINT ( 'NONE',  ( -0.5615056048032118774, 1.769416692216434495, -0.02529259521709248046 ) ) ;
#379 = DIRECTION ( 'NONE',  ( 0.8660254037844363761, 1.597817520535774853E-16, -0.5000000000000039968 ) ) ;
#380 = CARTESIAN_POINT ( 'NONE',  ( 1.379133150736683966, 1.723836302417243171, 0.08448688680699226183 ) ) ;
#381 = EDGE_CURVE ( 'NONE', #5446, #1138, #4602, .T. ) ;
#382 = CARTESIAN_POINT ( 'NONE',  ( -7.075310326932194086E-07, 1.935347466138263250, 0.2223975527041114619 ) ) ;
#383 = ORIENTED_EDGE ( 'NONE', *, *, #2565, .T. ) ;
#384 = DIMENSIONAL_EXPONENTS ( 1.000000000000000000, 0.0000000000000000000, 0.0000000000000000000, 0.0000000000000000000, 0.0000000000000000000, 0.0000000000000000000, 0.0000000000000000000 ) ;
#385 = EDGE_CURVE ( 'NONE', #2581, #2532, #4254, .T. ) ;
#386 = VERTEX_POINT ( 'NONE', #3566 ) ;
#387 = CARTESIAN_POINT ( 'NONE',  ( -0.0001499809375116957413, 1.860690414720896024, 0.7118693736096379787 ) ) ;
#388 = DIRECTION ( 'NONE',  ( 0.0000000000000000000, 0.0000000000000000000, -1.000000000000000000 ) ) ;
#389 = FACE_OUTER_BOUND ( 'NONE', #4050, .T. ) ;
#390 = B_SPLINE_CURVE_WITH_KNOTS ( 'NONE', 3,
 ( #3507, #4799, #2626, #1779, #4747, #974, #566, #552, #3137, #1425, #3545, #4346, #4360, #1815, #104, #3065, #1012, #4772, #511, #3950, #3934, #1440, #4403, #2239, #3529, #2282 ),
 .UNSPECIFIED., .F., .F.,
 ( 4, 2, 2, 2, 2, 2, 2, 2, 2, 2, 2, 2, 4 ),
 ( 4.336808689942017736E-19, 0.0002690146151043079658, 0.0005380292302086154979, 0.0008070438453129229759, 0.001076058460417230562, 0.001614087690625830339, 0.002152116920834430333, 0.003228175381251644632, 0.004304233841668858931, 0.005380292302086073231, 0.006456350762503285795, 0.007532409222920500094, 0.008608467683337712659 ),
 .UNSPECIFIED. ) ;
#391 =( NAMED_UNIT ( * ) SI_UNIT ( $, .STERADIAN. ) SOLID_ANGLE_UNIT ( ) );
#392 = CYLINDRICAL_SURFACE ( 'NONE', #4593, 0.2435939647183234524 ) ;
#393 = DIRECTION ( 'NONE',  ( 4.869933132958959690E-11, -1.000000000000000000, -1.327868774048510007E-24 ) ) ;
#394 = CARTESIAN_POINT ( 'NONE',  ( 0.1112197649099122276, 1.703893155275413740, -0.1926395345117372371 ) ) ;
#395 = CARTESIAN_POINT ( 'NONE',  ( -7.075314470923887867E-07, 1.846439661106183516, -0.2224409702840965120 ) ) ;
#396 = VECTOR ( 'NONE', #1248, 39.37007874015748143 ) ;
#397 = CARTESIAN_POINT ( 'NONE',  ( -0.9560380602608704592, 1.814965130096564350, -0.9943524793625072578 ) ) ;
#398 = CIRCLE ( 'NONE', #2867, 0.1334645669291338876 ) ;
#399 = AXIS2_PLACEMENT_3D ( 'NONE', #2541, #5094, #3385 ) ;
#400 = CARTESIAN_POINT ( 'NONE',  ( 0.8557358724568447927, 1.066695959405556504, -0.5130215830014382972 ) ) ;
#401 = EDGE_LOOP ( 'NONE', ( #404, #1211, #3405, #5211 ) ) ;
#402 = CARTESIAN_POINT ( 'NONE',  ( -7.075310326848618404E-07, 2.104083014838995958, 0.1852663291978477456 ) ) ;
#403 = CARTESIAN_POINT ( 'NONE',  ( 0.2220554070810917546, 1.948578194645492312, -2.540220752898220809E-08 ) ) ;
#404 = ORIENTED_EDGE ( 'NONE', *, *, #4217, .F. ) ;
#405 = ADVANCED_FACE ( 'NONE', ( #3897 ), #2924, .T. ) ;
#406 = CARTESIAN_POINT ( 'NONE',  ( 1.379133150736683966, 1.824185956693643584, -0.04130843602087898997 ) ) ;
#407 = CARTESIAN_POINT ( 'NONE',  ( 0.2223968705752853992, 1.935347466138263250, -2.540220655524971193E-08 ) ) ;
#408 = ORIENTED_EDGE ( 'NONE', *, *, #2090, .T. ) ;
#409 = PRODUCT_DEFINITION_FORMATION_WITH_SPECIFIED_SOURCE ( 'ANY', '', #5198, .NOT_KNOWN. ) ;
#410 = CARTESIAN_POINT ( 'NONE',  ( -1.410870453378449074, 1.860690414652194979, 0.7118693736096380897 ) ) ;
#411 = DIRECTION ( 'NONE',  ( 0.0000000000000000000, 0.0000000000000000000, 1.000000000000000000 ) ) ;
#412 = ORIENTED_EDGE ( 'NONE', *, *, #722, .T. ) ;
#413 = FILL_AREA_STYLE_COLOUR ( '', #3971 ) ;
#414 = EDGE_CURVE ( 'NONE', #495, #475, #40, .T. ) ;
#415 = CARTESIAN_POINT ( 'NONE',  ( 0.07491100411307444196, 1.731137180472057668, -0.2096814874924164684 ) ) ;
#416 = CARTESIAN_POINT ( 'NONE',  ( -0.1852670621310868460, 2.104083014838995958, -0.1852663800022609775 ) ) ;
#417 = DIRECTION ( 'NONE',  ( 0.0000000000000000000, -2.403371457633731523E-16, 1.000000000000000000 ) ) ;
#418 = DIMENSIONAL_EXPONENTS ( 1.000000000000000000, 0.0000000000000000000, 0.0000000000000000000, 0.0000000000000000000, 0.0000000000000000000, 0.0000000000000000000, 0.0000000000000000000 ) ;
#419 = DIRECTION ( 'NONE',  ( -0.8660254037844310471, 2.794832266851522892E-15, -0.5000000000000131006 ) ) ;
#420 = CARTESIAN_POINT ( 'NONE',  ( 0.1852656470690216828, 2.104083014838995958, -2.540220656360736286E-08 ) ) ;
#421 = CARTESIAN_POINT ( 'NONE',  ( -0.2000603826386398443, 1.172544963206375801, -0.09108554794181759895 ) ) ;
#422 = CARTESIAN_POINT ( 'NONE',  ( -7.075310326353835755E-07, 1.939796410036158436, -0.2223207568783308885 ) ) ;
#423 = VERTEX_POINT ( 'NONE', #1839 ) ;
#424 = CARTESIAN_POINT ( 'NONE',  ( -0.0001499809340131325400, 1.788845715243732704, -0.5618274767840588657 ) ) ;
#425 = CARTESIAN_POINT ( 'NONE',  ( -0.04496338916041048989, 1.337693034565084593, 1.007493389357672964 ) ) ;
#426 = ORIENTED_EDGE ( 'NONE', *, *, #4648, .F. ) ;
#427 = CARTESIAN_POINT ( 'NONE',  ( -0.07506072824836022839, 1.855885371398516170, -0.5566531891837379620 ) ) ;
#428 = ADVANCED_FACE ( 'NONE', ( #1791 ), #4330, .T. ) ;
#429 = CARTESIAN_POINT ( 'NONE',  ( -0.05212811387607267644, 1.245043386684075326, 0.2228288478911041870 ) ) ;
#430 = CARTESIAN_POINT ( 'NONE',  ( -1.389870663509346131E-17, 0.2632087033490721484, -0.02268237145657628698 ) ) ;
#431 = CARTESIAN_POINT ( 'NONE',  ( 0.1974879845635084119, 2.080766179256611448, 0.1974886666923344192 ) ) ;
#432 = CARTESIAN_POINT ( 'NONE',  ( -0.09766591674320503069, 1.924976723749142193, -0.1999330263933343232 ) ) ;
#433 = CARTESIAN_POINT ( 'NONE',  ( -0.0001499809305421801462, 1.227858889461390213, -0.2159318074927205067 ) ) ;
#434 = CARTESIAN_POINT ( 'NONE',  ( -0.08448761974023152876, 1.723836302417243171, 1.379133832865509834 ) ) ;
#435 = CARTESIAN_POINT ( 'NONE',  ( 0.1704178558813308209, 2.124651801044000532, -2.540220657884285515E-08 ) ) ;
#436 = CARTESIAN_POINT ( 'NONE',  ( 0.9267832340879160746, 1.848849985279380936, -1.023605890473396451 ) ) ;
#437 = MECHANICAL_DESIGN_GEOMETRIC_PRESENTATION_REPRESENTATION (  '', ( #3567 ), #3735 ) ;
#438 = CARTESIAN_POINT ( 'NONE',  ( -0.09563537728289359108, 1.725558025616496849, 0.5536899601883664701 ) ) ;
#439 = CARTESIAN_POINT ( 'NONE',  ( 0.2224369422182544687, 1.930860030043399789, -0.2224376751514935691 ) ) ;
#440 = ORIENTED_EDGE ( 'NONE', *, *, #4701, .F. ) ;
#441 = ADVANCED_FACE ( 'NONE', ( #1662 ), #5167, .T. ) ;
#442 = CARTESIAN_POINT ( 'NONE',  ( 0.2142058916901734000, 2.026044938440203502, -0.2142066246234124727 ) ) ;
#443 = AXIS2_PLACEMENT_3D ( 'NONE', #4462, #2785, #3225 ) ;
#444 = CARTESIAN_POINT ( 'NONE',  ( -1.379134565798749046, 1.921271663787443851, 0.1146853048476522557 ) ) ;
#445 = CARTESIAN_POINT ( 'NONE',  ( 0.04319770931573276712, 1.116638417020445528, 0.6070996885702715229 ) ) ;
#446 = EDGE_CURVE ( 'NONE', #423, #1585, #398, .T. ) ;
#447 = CARTESIAN_POINT ( 'NONE',  ( 0.4920439648443058478, 1.283469125681861334, -0.2776591696974495260 ) ) ;
#448 = CARTESIAN_POINT ( 'NONE',  ( 0.1246902265564084622, 2.163452667595270551, -2.540220663198866688E-08 ) ) ;
#449 = CARTESIAN_POINT ( 'NONE',  ( -0.1655790548547086405, 1.168476279836022202, -0.1073530023125088828 ) ) ;
#450 = ORIENTED_EDGE ( 'NONE', *, *, #4773, .T. ) ;
#451 = CARTESIAN_POINT ( 'NONE',  ( 0.1160353075642493181, 1.915167437866163835, -2.540220660273227461E-08 ) ) ;
#452 = CARTESIAN_POINT ( 'NONE',  ( 0.1704178558813308209, 2.124651801044000088, 0.1704185380101568559 ) ) ;
#453 = CARTESIAN_POINT ( 'NONE',  ( 0.9459847385455346647, 1.824185956693643584, -1.004404386015777861 ) ) ;
#454 = VECTOR ( 'NONE', #1482, 39.37007874015748143 ) ;
#455 = ORIENTED_EDGE ( 'NONE', *, *, #2013, .T. ) ;
#456 = LINE ( 'NONE', #4226, #927 ) ;
#457 = DIRECTION ( 'NONE',  ( -1.000000000000000000, -4.869933132958959690E-11, 1.224646799147353207E-16 ) ) ;
#458 = ORIENTED_EDGE ( 'NONE', *, *, #5238, .F. ) ;
#459 = CARTESIAN_POINT ( 'NONE',  ( 0.2776204199058889821, 1.105148578371815127, -0.1469859078925819240 ) ) ;
#460 = FACE_OUTER_BOUND ( 'NONE', #222, .T. ) ;
#461 = AXIS2_PLACEMENT_3D ( 'NONE', #3335, #2433, #299 ) ;
#462 = ORIENTED_EDGE ( 'NONE', *, *, #3415, .F. ) ;
#463 = CARTESIAN_POINT ( 'NONE',  ( -0.2220568221431563072, 1.948578194645492756, 0.2220560892099170403 ) ) ;
#464 = ORIENTED_EDGE ( 'NONE', *, *, #5422, .F. ) ;
#465 = VECTOR ( 'NONE', #528, 39.37007874015748143 ) ;
#466 = CARTESIAN_POINT ( 'NONE',  ( -0.1704192709433961228, 2.124651801044000088, -0.1704185888145700878 ) ) ;
#467 = ORIENTED_EDGE ( 'NONE', *, *, #385, .F. ) ;
#468 = CIRCLE ( 'NONE', #3211, 0.09751115400457018023 ) ;
#469 = CARTESIAN_POINT ( 'NONE',  ( 0.8556057628182525132, 1.061028180799972853, -0.5132469395060350603 ) ) ;
#470 = ORIENTED_EDGE ( 'NONE', *, *, #3194, .F. ) ;
#471 = FACE_OUTER_BOUND ( 'NONE', #681, .T. ) ;
#472 = CARTESIAN_POINT ( 'NONE',  ( -0.1704192709433961506, 2.124651801044000532, -2.540220658847007943E-08 ) ) ;
#473 = CARTESIAN_POINT ( 'NONE',  ( -0.07444092665301171863, 1.712158471848197250, -0.07444024452418565585 ) ) ;
#474 = CARTESIAN_POINT ( 'NONE',  ( -0.0001499809326302896167, 1.844127897531955051, 0.006509137389169129123 ) ) ;
#475 = VERTEX_POINT ( 'NONE', #1023 ) ;
#476 = CARTESIAN_POINT ( 'NONE',  ( 0.2224402373508570230, 1.926334100157303331, -0.2224409702840963177 ) ) ;
#477 = AXIS2_PLACEMENT_3D ( 'NONE', #3941, #5177, #2635 ) ;
#478 = CARTESIAN_POINT ( 'NONE',  ( -7.075310326650342814E-07, 1.844955220324026701, 0.001809843616507781673 ) ) ;
#479 = CARTESIAN_POINT ( 'NONE',  ( -0.2008751101572257836, 1.878136451747052238, 0.09567028285802890719 ) ) ;
#480 = EDGE_CURVE ( 'NONE', #1607, #4958, #1142, .T. ) ;
#481 =( BOUNDED_CURVE ( )  B_SPLINE_CURVE ( 3, ( #2748, #3186, #1154, #344 ),
 .UNSPECIFIED., .F., .F. ) 
 B_SPLINE_CURVE_WITH_KNOTS ( ( 4, 4 ),
 ( 0.2500000000000000000, 0.7500000000000000000 ),
 .UNSPECIFIED. ) 
 CURVE ( )  GEOMETRIC_REPRESENTATION_ITEM ( )  RATIONAL_B_SPLINE_CURVE ( ( 1.000000000000000000, 0.3333333333333339810, 0.3333333333333339810, 1.000000000000000000 ) ) 
 REPRESENTATION_ITEM ( '' )  );
#482 = CARTESIAN_POINT ( 'NONE',  ( -7.075310326599991999E-07, 2.124651801044000532, -0.1704185888145700878 ) ) ;
#483 = CARTESIAN_POINT ( 'NONE',  ( 0.2079006339770005374, 1.719347392813183717, -0.07990959086524584976 ) ) ;
#484 = CARTESIAN_POINT ( 'NONE',  ( 0.2002240620771180701, 2.171019139527382347, 0.1001123594018687585 ) ) ;
#485 = CARTESIAN_POINT ( 'NONE',  ( -7.075310326310938830E-07, 1.960695240334310308, -0.2215878718570069572 ) ) ;
#486 = DIRECTION ( 'NONE',  ( 1.000000000000000000, 0.0000000000000000000, 0.0000000000000000000 ) ) ;
#487 = EDGE_CURVE ( 'NONE', #4727, #4137, #2067, .T. ) ;
#488 = ORIENTED_EDGE ( 'NONE', *, *, #4063, .F. ) ;
#489 = EDGE_CURVE ( 'NONE', #1539, #364, #1073, .T. ) ;
#490 = CARTESIAN_POINT ( 'NONE',  ( -0.3791600804319060214, 1.769416692216434051, -0.4149284935625601189 ) ) ;
#491 = AXIS2_PLACEMENT_3D ( 'NONE', #4523, #4938, #2407 ) ;
#492 =( NAMED_UNIT ( * ) SI_UNIT ( $, .STERADIAN. ) SOLID_ANGLE_UNIT ( ) );
#493 = CARTESIAN_POINT ( 'NONE',  ( -7.075310326741422149E-07, 1.751860218209315923, 0.07618127208354184832 ) ) ;
#494 = LINE ( 'NONE', #262, #3738 ) ;
#495 = VERTEX_POINT ( 'NONE', #3945 ) ;
#496 = CARTESIAN_POINT ( 'NONE',  ( -0.1147494794137176588, 1.919443797061178625, -0.5498171775386820892 ) ) ;
#497 = DIRECTION ( 'NONE',  ( 0.0000000000000000000, 0.0000000000000000000, 1.000000000000000000 ) ) ;
#498 = DIRECTION ( 'NONE',  ( 0.0000000000000000000, 0.0000000000000000000, 1.000000000000000000 ) ) ;
#499 = DIRECTION ( 'NONE',  ( 0.8660254037844362651, 0.0000000000000000000, -0.5000000000000041078 ) ) ;
#500 = ORIENTED_EDGE ( 'NONE', *, *, #3293, .F. ) ;
#501 = CARTESIAN_POINT ( 'NONE',  ( -7.075310326909937237E-07, 1.926334100157303553, 0.2224409194796831413 ) ) ;
#502 = CARTESIAN_POINT ( 'NONE',  ( -7.075310326246898904E-07, 2.026044938440203946, -0.2142066246234126670 ) ) ;
#503 =( NAMED_UNIT ( * ) SI_UNIT ( $, .STERADIAN. ) SOLID_ANGLE_UNIT ( ) );
#504 = AXIS2_PLACEMENT_3D ( 'NONE', #3505, #1397, #4767 ) ;
#505 = CARTESIAN_POINT ( 'NONE',  ( 0.08204914560470584484, 1.915167437866163835, -0.08204987853794511177 ) ) ;
#506 = PRODUCT ( 'EDF1', 'EDF1', '', ( #1095 ) ) ;
#507 = CARTESIAN_POINT ( 'NONE',  ( -7.075310326594604870E-07, 1.892061177074431333, -0.04370534644075188546 ) ) ;
#508 = CARTESIAN_POINT ( 'NONE',  ( -0.2219671309420319649, 1.951176915564387659, -0.2219664488132059021 ) ) ;
#509 = EDGE_CURVE ( 'NONE', #1103, #1079, #4534, .T. ) ;
#510 = ORIENTED_EDGE ( 'NONE', *, *, #2820, .F. ) ;
#511 = CARTESIAN_POINT ( 'NONE',  ( 0.2226591320396005824, 1.786063840511598499, 0.004611262300047834321 ) ) ;
#512 = ORIENTED_EDGE ( 'NONE', *, *, #15, .F. ) ;
#513 = EDGE_CURVE ( 'NONE', #4414, #2468, #4899, .T. ) ;
#514 = DIRECTION ( 'NONE',  ( 0.0000000000000000000, -3.501968597274813188E-16, 1.000000000000000000 ) ) ;
#515 = CARTESIAN_POINT ( 'NONE',  ( -0.1889746109389354445, 1.116638417020444862, -0.1113188994796779629 ) ) ;
#516 = CARTESIAN_POINT ( 'NONE',  ( -0.01733313583558475021, 1.318931338724155911, 0.5746046145134563465 ) ) ;
#517 = CIRCLE ( 'NONE', #3846, 0.2224409448818897572 ) ;
#518 = CARTESIAN_POINT ( 'NONE',  ( -0.1076738460676852915, 1.906722958286403591, 0.1950036670236032499 ) ) ;
#519 = CARTESIAN_POINT ( 'NONE',  ( 0.2142058916901731780, 2.026044938440203502, 0.2142065738189994073 ) ) ;
#520 =( CONVERSION_BASED_UNIT ( 'INCH', #1994 ) LENGTH_UNIT ( ) NAMED_UNIT ( #1699 ) );
#521 = CIRCLE ( 'NONE', #1963, 0.2220561146121241836 ) ;
#522 = CARTESIAN_POINT ( 'NONE',  ( -0.1932308538314908841, 1.926373710395650196, 0.1101973757382297830 ) ) ;
#523 = VECTOR ( 'NONE', #4411, 39.37007874015748854 ) ;
#524 = CARTESIAN_POINT ( 'NONE',  ( -0.03466536122181816670, 1.334052773627958155, 0.2067059877828699155 ) ) ;
#525 = ORIENTED_EDGE ( 'NONE', *, *, #271, .F. ) ;
#526 = ORIENTED_EDGE ( 'NONE', *, *, #3717, .F. ) ;
#527 = AXIS2_PLACEMENT_3D ( 'NONE', #4787, #3508, #497 ) ;
#528 = DIRECTION ( 'NONE',  ( -4.930380657631323784E-32, -1.000000000000000000, -2.220446049250310369E-16 ) ) ;
#529 = CYLINDRICAL_SURFACE ( 'NONE', #4419, 0.02268237145657622453 ) ;
#530 = CIRCLE ( 'NONE', #1024, 0.2224409448818897572 ) ;
#531 = ORIENTED_EDGE ( 'NONE', *, *, #3920, .T. ) ;
#532 = CARTESIAN_POINT ( 'NONE',  ( -0.04719324528365483051, 0.2084659632555735109, 0.08533008118418602961 ) ) ;
#533 = EDGE_CURVE ( 'NONE', #3775, #1197, #4507, .T. ) ;
#534 = CARTESIAN_POINT ( 'NONE',  ( -7.075310326648127823E-07, 1.924468639114974566, 0.09426782484100497406 ) ) ;
#535 = ORIENTED_EDGE ( 'NONE', *, *, #4333, .T. ) ;
#536 = CARTESIAN_POINT ( 'NONE',  ( -0.2167733266185997154, 2.171019139527382347, 0.1083862841415768052 ) ) ;
#537 = CARTESIAN_POINT ( 'NONE',  ( -7.075310325584916186E-07, 2.169627812087729701, 0.1137726583383175255 ) ) ;
#538 = CARTESIAN_POINT ( 'NONE',  ( 0.1144914295608756571, 1.910031424489863738, 0.5498713464859582567 ) ) ;
#539 = CARTESIAN_POINT ( 'NONE',  ( -7.075310326353835755E-07, 1.939796410036158436, -0.2223207568783308885 ) ) ;
#540 = CARTESIAN_POINT ( 'NONE',  ( 0.1720984838323595112, 1.870309783462452025, 0.1412372387410026631 ) ) ;
#541 =( NAMED_UNIT ( * ) SI_UNIT ( $, .STERADIAN. ) SOLID_ANGLE_UNIT ( ) );
#542 = B_SPLINE_CURVE_WITH_KNOTS ( 'NONE', 3,
 ( #394, #2549, #2583, #3778, #3430, #1317 ),
 .UNSPECIFIED., .F., .F.,
 ( 4, 2, 4 ),
 ( 0.0000000000000000000, 0.002327149433528503605, 0.004654298867057007211 ),
 .UNSPECIFIED. ) ;
#543 = CARTESIAN_POINT ( 'NONE',  ( -0.05533588492999765018, 2.171019139527381903, -0.09121673981262809483 ) ) ;
#544 = CARTESIAN_POINT ( 'NONE',  ( 0.9335154312553896050, 1.743193393742112018, 1.016873642501509689 ) ) ;
#545 = CARTESIAN_POINT ( 'NONE',  ( -0.3941252899886187322, 1.851508584093073839, 0.4002692195657029939 ) ) ;
#546 = EDGE_LOOP ( 'NONE', ( #4350, #4839 ) ) ;
#547 = CARTESIAN_POINT ( 'NONE',  ( -0.1926402166405633831, 1.703893155275413962, -0.1112204978431515084 ) ) ;
#548 = CARTESIAN_POINT ( 'NONE',  ( -0.4884846932645149908, 1.116638417020444196, -0.2842411261353633978 ) ) ;
#549 = EDGE_CURVE ( 'NONE', #878, #4562, #2828, .T. ) ;
#550 =( BOUNDED_SURFACE ( )  B_SPLINE_SURFACE ( 3, 3, ( 
 ( #2492, #2899, #2476, #4555, #738, #717, #776 ),
 ( #804, #3742, #3683, #1169, #373, #5388, #3703 ),
 ( #4117, #1582, #5406, #4539, #2882, #4966, #342 ),
 ( #4583, #5453, #4203, #1659, #2041, #4617, #5009 ) ),
 .UNSPECIFIED., .F., .F., .F. ) 
 B_SPLINE_SURFACE_WITH_KNOTS ( ( 4, 4 ),
 ( 4, 3, 4 ),
 ( 0.0000000000000000000, 1.000000000000000000 ),
 ( 0.0000000000000000000, 0.5000000000000000000, 1.000000000000000000 ),
 .UNSPECIFIED. ) 
 GEOMETRIC_REPRESENTATION_ITEM ( )  RATIONAL_B_SPLINE_SURFACE ( (
 ( 1.000000000000000000, 0.8047378541230033600, 0.8047378541230033600, 1.000000000000000000, 0.8047378541230033600, 0.8047378541230033600, 1.000000000000000000),
 ( 0.7755499720473204572, 0.6241144202705158905, 0.6241144202705158905, 0.7755499720473204572, 0.6241144202705158905, 0.6241144202705158905, 0.7755499720473204572),
 ( 0.7755499720473204572, 0.6241144202705158905, 0.6241144202705158905, 0.7755499720473204572, 0.6241144202705158905, 0.6241144202705158905, 0.7755499720473204572),
 ( 1.000000000000000000, 0.8047378541230033600, 0.8047378541230033600, 1.000000000000000000, 0.8047378541230033600, 0.8047378541230033600, 1.000000000000000000) ) ) 
 REPRESENTATION_ITEM ( '' )  SURFACE ( )  );
#551 = ORIENTED_EDGE ( 'NONE', *, *, #915, .T. ) ;
#552 = CARTESIAN_POINT ( 'NONE',  ( 0.1947944012366166489, 1.894260703812642443, -0.1074170912400981143 ) ) ;
#553 = DIRECTION ( 'NONE',  ( 0.0000000000000000000, -1.000000000000000000, -2.220446049250310123E-16 ) ) ;
#554 = CARTESIAN_POINT ( 'NONE',  ( -0.04066903067426805296, 1.888813700730687106, -0.5602612764757192165 ) ) ;
#555 = DIRECTION ( 'NONE',  ( 0.8660254037854981934, 0.0000000000000000000, -0.4999999999981649124 ) ) ;
#556 = CARTESIAN_POINT ( 'NONE',  ( -0.0001499809375116957413, 1.860690414720895580, 0.7118693736096380897 ) ) ;
#557 = ORIENTED_EDGE ( 'NONE', *, *, #2358, .F. ) ;
#558 = CARTESIAN_POINT ( 'NONE',  ( -0.2220568221431565847, 1.948578194645492534, -2.540220661494781320E-08 ) ) ;
#559 = CARTESIAN_POINT ( 'NONE',  ( 0.1533130222789274577, 1.840031841043717309, 0.1614048202670746168 ) ) ;
#560 =( CONVERSION_BASED_UNIT ( 'INCH', #1287 ) LENGTH_UNIT ( ) NAMED_UNIT ( #5410 ) );
#561 = EDGE_CURVE ( 'NONE', #3763, #5065, #5049, .T. ) ;
#562 = EDGE_CURVE ( 'NONE', #3024, #1320, #694, .T. ) ;
#563 = CARTESIAN_POINT ( 'NONE',  ( -0.05974197607566959084, 1.723836302417243171, 0.05974124314243032391 ) ) ;
#564 = DIRECTION ( 'NONE',  ( 1.000000000000000000, 4.869933132958959690E-11, 0.0000000000000000000 ) ) ;
#565 = PLANE ( 'NONE',  #1861 ) ;
#566 = CARTESIAN_POINT ( 'NONE',  ( 0.1929372607006434592, 1.900159607913655124, -0.1107181397632041597 ) ) ;
#567 = EDGE_LOOP ( 'NONE', ( #3780, #4281, #1573, #3363, #2958, #64 ) ) ;
#568 = CARTESIAN_POINT ( 'NONE',  ( -0.1724074487236874065, 1.078342358169571025, -0.09552587719734577376 ) ) ;
#569 = CARTESIAN_POINT ( 'NONE',  ( -0.1943886658443149673, 1.926334100157303553, 0.1081355174259567009 ) ) ;
#570 = CARTESIAN_POINT ( 'NONE',  ( -0.4641414001208231666, 1.926594536647362244, -0.3163641688452545342 ) ) ;
#571 = CARTESIAN_POINT ( 'NONE',  ( 0.4591411594532198159, 1.725558025616496849, -0.3238940453903058625 ) ) ;
#572 = CARTESIAN_POINT ( 'NONE',  ( 0.1879441841610028086, 1.233288003293389279, -0.06809591285242865000 ) ) ;
#573 = AXIS2_PLACEMENT_3D ( 'NONE', #3985, #3147, #4437 ) ;
#574 = DIRECTION ( 'NONE',  ( -0.4010817701850152850, 0.0000000000000000000, -0.9160422553710360072 ) ) ;
#575 = CARTESIAN_POINT ( 'NONE',  ( -0.1196788905431742378, 1.788020222360587663, -0.1882512163165201702 ) ) ;
#576 = LINE ( 'NONE', #4291, #2577 ) ;
#577 = ORIENTED_EDGE ( 'NONE', *, *, #2548, .F. ) ;
#578 = CARTESIAN_POINT ( 'NONE',  ( 0.4443991920803169182, 1.071509080551111825, -0.07035457214778988166 ) ) ;
#579 = CARTESIAN_POINT ( 'NONE',  ( -0.0001499809305421350434, 1.339079361902332899, -0.5840715712722479580 ) ) ;
#580 = VERTEX_POINT ( 'NONE', #4062 ) ;
#581 = AXIS2_PLACEMENT_3D ( 'NONE', #4808, #349, #5031 ) ;
#582 = VECTOR ( 'NONE', #2738, 39.37007874015748143 ) ;
#583 = SURFACE_STYLE_FILL_AREA ( #1787 ) ;
#584 = CARTESIAN_POINT ( 'NONE',  ( -0.8659096815179916362, 1.078342358169573023, -0.4959195779847562213 ) ) ;
#585 = ORIENTED_EDGE ( 'NONE', *, *, #5272, .F. ) ;
#586 = CARTESIAN_POINT ( 'NONE',  ( -0.0001499809305422073868, 1.706106920957450868, 0.006509137389169376321 ) ) ;
#587 = CARTESIAN_POINT ( 'NONE',  ( -0.2275460750120814613, 2.169627812087729257, 0.1137726583383178863 ) ) ;
#588 = ORIENTED_EDGE ( 'NONE', *, *, #4574, .F. ) ;
#589 = CARTESIAN_POINT ( 'NONE',  ( 0.8884494696779964285, 1.280526411776961249, -0.4563599705160599207 ) ) ;
#590 = LINE ( 'NONE', #4986, #4573 ) ;
#591 = DIRECTION ( 'NONE',  ( 0.0000000000000000000, 0.0000000000000000000, -1.000000000000000000 ) ) ;
#592 = CARTESIAN_POINT ( 'NONE',  ( 0.2139157115943817744, 1.926334100157303553, 0.06098964248103345281 ) ) ;
#593 = ORIENTED_EDGE ( 'NONE', *, *, #1532, .F. ) ;
#594 = CIRCLE ( 'NONE', #2612, 0.01668307086614216270 ) ;
#595 = ORIENTED_EDGE ( 'NONE', *, *, #2510, .T. ) ;
#596 = CARTESIAN_POINT ( 'NONE',  ( -0.05576021715101463216, 1.339079361902335119, 0.5721185508870284542 ) ) ;
#597 = CIRCLE ( 'NONE', #4196, 0.2137171453055093928 ) ;
#598 = CARTESIAN_POINT ( 'NONE',  ( -0.4679369716361265752, 1.703893155275413740, 0.3106467381633598035 ) ) ;
#599 = ORIENTED_EDGE ( 'NONE', *, *, #5210, .T. ) ;
#600 = FACE_OUTER_BOUND ( 'NONE', #4397, .T. ) ;
#601 = CARTESIAN_POINT ( 'NONE',  ( 0.8667278100623468928, 1.061028180799972853, -0.4939829885950827726 ) ) ;
#602 = DIRECTION ( 'NONE',  ( 1.000000000000000000, -1.230251190531776269E-15, 0.0000000000000000000 ) ) ;
#603 = ORIENTED_EDGE ( 'NONE', *, *, #2482, .T. ) ;
#604 = CARTESIAN_POINT ( 'NONE',  ( 0.1112197649099122138, 1.926334100157303553, 1.379133832865509834 ) ) ;
#605 = CARTESIAN_POINT ( 'NONE',  ( -0.8651528806614278144, 1.089584325283623922, -0.4972303955195379599 ) ) ;
#606 = DIRECTION ( 'NONE',  ( 0.4965951198216208562, 1.927307886577273678E-16, -0.8679823079817640119 ) ) ;
#607 = CARTESIAN_POINT ( 'NONE',  ( -0.0001499809305422447375, 1.134776086225030012, 0.5748457515623975889 ) ) ;
#608 = CARTESIAN_POINT ( 'NONE',  ( 0.5904307277232483386, 1.784288654189319479, 0.006509137389168989478 ) ) ;
#609 = CARTESIAN_POINT ( 'NONE',  ( 0.8657730836573026556, 1.273916976534703149, -0.4956366232359444846 ) ) ;
#610 = CARTESIAN_POINT ( 'NONE',  ( -0.1943886658443149673, 1.926334100157303553, 0.1081355174259567009 ) ) ;
#611 = CARTESIAN_POINT ( 'NONE',  ( -0.4897995386746258895, 1.098865883801575460, -0.2820238934929278352 ) ) ;
#612 = AXIS2_PLACEMENT_3D ( 'NONE', #3745, #4659, #5083 ) ;
#613 = CARTESIAN_POINT ( 'NONE',  ( -0.1109002212107220581, 1.839622412753077585, 0.1931042757878515814 ) ) ;
#614 = CARTESIAN_POINT ( 'NONE',  ( 0.1052736599372951082, 1.712158471848197250, -2.540220659049884576E-08 ) ) ;
#615 = DIRECTION ( 'NONE',  ( 0.0000000000000000000, 0.0000000000000000000, 1.000000000000000000 ) ) ;
#616 = CARTESIAN_POINT ( 'NONE',  ( -0.09004032609678150334, 1.870764955127810936, -1.379133883669923177 ) ) ;
#617 = UNCERTAINTY_MEASURE_WITH_UNIT (LENGTH_MEASURE( 1.000000000000000082E-05 ), #5395, 'distance_accuracy_value', 'NONE');
#618 = CARTESIAN_POINT ( 'NONE',  ( 0.1766503156654173901, 1.111364361228264652, -0.08765746690078408954 ) ) ;
#619 = ORIENTED_EDGE ( 'NONE', *, *, #1365, .T. ) ;
#620 = DIRECTION ( 'NONE',  ( -0.9999922886584666770, -6.204758806171562613E-17, 0.003927164829985673421 ) ) ;
#621 = EDGE_CURVE ( 'NONE', #1906, #3439, #2188, .T. ) ;
#622 = CARTESIAN_POINT ( 'NONE',  ( 0.1030535253112905003, 1.926191724384900716, 1.379133832865509834 ) ) ;
#623 = ORIENTED_EDGE ( 'NONE', *, *, #5037, .F. ) ;
#624 = CARTESIAN_POINT ( 'NONE',  ( -0.1701008007317380832, 1.111364361228264652, -0.09952110871457842123 ) ) ;
#625 = DIRECTION ( 'NONE',  ( 0.0000000000000000000, -1.000000000000000000, -2.220446049250310369E-16 ) ) ;
#626 = CARTESIAN_POINT ( 'NONE',  ( 0.03419470878240632450, 1.176631829856119582, 0.2263799721717109636 ) ) ;
#627 = ORIENTED_EDGE ( 'NONE', *, *, #4925, .F. ) ;
#628 = CARTESIAN_POINT ( 'NONE',  ( -0.0001499809380888605492, 1.839571487886584977, -0.7175361382013819567 ) ) ;
#629 = DIRECTION ( 'NONE',  ( 0.0000000000000000000, 1.000000000000000000, 2.220446049250310123E-16 ) ) ;
#630 = DIRECTION ( 'NONE',  ( 1.000000000000000000, 0.0000000000000000000, 0.0000000000000000000 ) ) ;
#631 = CARTESIAN_POINT ( 'NONE',  ( -0.07638086043367418865, 1.751687168213965418, 0.2097842396280599209 ) ) ;
#632 = VERTEX_POINT ( 'NONE', #204 ) ;
#633 = CARTESIAN_POINT ( 'NONE',  ( -0.09426855777424424099, 1.924468639114974566, -2.540220662715415354E-08 ) ) ;
#634 = PLANE ( 'NONE',  #443 ) ;
#635 = DIRECTION ( 'NONE',  ( -0.0000000000000000000, -1.000000000000000000, -2.220446049250310123E-16 ) ) ;
#636 = CARTESIAN_POINT ( 'NONE',  ( -1.389870663509345823E-17, 0.2084659632555735942, -0.09751115400457026350 ) ) ;
#637 = CARTESIAN_POINT ( 'NONE',  ( 0.06098896035222190620, 1.926334100157303553, -0.2139164445276169058 ) ) ;
#638 = CARTESIAN_POINT ( 'NONE',  ( 0.08147072586372408609, 1.919415172244245849, -2.540220660484874525E-08 ) ) ;
#639 = CARTESIAN_POINT ( 'NONE',  ( 0.09254471884683591887, 1.717765319835561355, -0.5543141005632827856 ) ) ;
#640 = SURFACE_STYLE_USAGE ( .BOTH. , #2322 ) ;
#641 = ORIENTED_EDGE ( 'NONE', *, *, #5068, .F. ) ;
#642 = ORIENTED_EDGE ( 'NONE', *, *, #243, .F. ) ;
#643 = DIRECTION ( 'NONE',  ( 1.000000000000000000, 0.0000000000000000000, 0.0000000000000000000 ) ) ;
#644 = CARTESIAN_POINT ( 'NONE',  ( -0.1018211172297783379, 1.848826375439692082, 0.1980265341488465503 ) ) ;
#645 = CARTESIAN_POINT ( 'NONE',  ( 1.227409515703672326E-17, 0.4189173647663949618, 0.2137171453055093095 ) ) ;
#646 = FACE_OUTER_BOUND ( 'NONE', #2648, .T. ) ;
#647 = CARTESIAN_POINT ( 'NONE',  ( -0.06358200834760084630, 1.908269080859285927, -2.540220662151712611E-08 ) ) ;
#648 = CARTESIAN_POINT ( 'NONE',  ( -0.08727751981022606464, 2.171019139527382347, 0.06136004515593910386 ) ) ;
#649 = CARTESIAN_POINT ( 'NONE',  ( -0.2224383572803197984, 1.930860030043399789, -2.540220661098053587E-08 ) ) ;
#650 = CARTESIAN_POINT ( 'NONE',  ( -0.04719324528365484439, 0.4309069081374632404, 0.08533008118418608512 ) ) ;
#651 = DIRECTION ( 'NONE',  ( 0.0000000000000000000, 0.0000000000000000000, -1.000000000000000000 ) ) ;
#652 = VECTOR ( 'NONE', #56, 39.37007874015748143 ) ;
#653 = CARTESIAN_POINT ( 'NONE',  ( -7.075310326648127823E-07, 1.787308509606122309, 0.2224409194796831690 ) ) ;
#654 = CONTEXT_DEPENDENT_SHAPE_REPRESENTATION ( #5297, #4113 ) ;
#655 = VERTEX_POINT ( 'NONE', #3623 ) ;
#656 = ORIENTED_EDGE ( 'NONE', *, *, #3027, .T. ) ;
#657 = CARTESIAN_POINT ( 'NONE',  ( -1.410870453374372335, 1.860690414652194313, 0.7118693736096370905 ) ) ;
#658 = FACE_OUTER_BOUND ( 'NONE', #1004, .T. ) ;
#659 = CARTESIAN_POINT ( 'NONE',  ( -0.01909264907288566945, 1.175359421683187522, 0.2067059877828699155 ) ) ;
#660 = ORIENTED_EDGE ( 'NONE', *, *, #346, .F. ) ;
#661 = CARTESIAN_POINT ( 'NONE',  ( 0.06762119854853652912, 1.926107550777168331, -0.2120255284092111003 ) ) ;
#662 = SURFACE_STYLE_FILL_AREA ( #2644 ) ;
#663 = CARTESIAN_POINT ( 'NONE',  ( 0.2206241087028692482, 1.976823799906982426, -2.540220751748852355E-08 ) ) ;
#664 = EDGE_CURVE ( 'NONE', #2468, #2263, #3640, .T. ) ;
#665 = VERTEX_POINT ( 'NONE', #2369 ) ;
#666 = CARTESIAN_POINT ( 'NONE',  ( 0.2220554070810909775, 1.948578194645492756, 0.2220560892099173456 ) ) ;
#667 = EDGE_CURVE ( 'NONE', #5039, #4809, #938, .T. ) ;
#668 = AXIS2_PLACEMENT_3D ( 'NONE', #2719, #2771, #4902 ) ;
#669 = ORIENTED_EDGE ( 'NONE', *, *, #4368, .F. ) ;
#670 = CARTESIAN_POINT ( 'NONE',  ( -0.1819241585241000159, 1.821493450485898613, -0.1284205504411008725 ) ) ;
#671 = DIRECTION ( 'NONE',  ( 0.8660254037844454800, 2.794832266851525258E-15, -0.4999999999999880096 ) ) ;
#672 = CARTESIAN_POINT ( 'NONE',  ( -7.075310326648127823E-07, 1.767981565922491782, -0.02695627284797104048 ) ) ;
#673 = DIRECTION ( 'NONE',  ( 0.0000000000000000000, 1.000000000000000000, 2.220446049250310123E-16 ) ) ;
#674 = CARTESIAN_POINT ( 'NONE',  ( 0.1066275713615520288, 2.171019139527382347, 0.006775601244858991609 ) ) ;
#675 = CARTESIAN_POINT ( 'NONE',  ( 0.4229242088859327398, 1.821303089801792341, 0.3697339890137720242 ) ) ;
#676 = CARTESIAN_POINT ( 'NONE',  ( -1.410870453374372779, 1.860690414652193869, -0.6988510988312983674 ) ) ;
#677 = CARTESIAN_POINT ( 'NONE',  ( -0.05576021715101463910, 1.339079361902335119, 0.2067059877828699155 ) ) ;
#678 = CARTESIAN_POINT ( 'NONE',  ( 0.2275446599500156597, 2.169627812087729701, -0.1137727091427308823 ) ) ;
#679 = CARTESIAN_POINT ( 'NONE',  ( -0.2706438207487412151, 1.116638417020445306, 0.03013632132490346935 ) ) ;
#680 = DIRECTION ( 'NONE',  ( 0.0000000000000000000, -1.597817520535775099E-16, 1.000000000000000000 ) ) ;
#681 = EDGE_LOOP ( 'NONE', ( #3702, #3490, #918, #4011 ) ) ;
#682 = CARTESIAN_POINT ( 'NONE',  ( -0.4920359264990956105, 1.065854780608276098, -0.2781926417034937815 ) ) ;
#683 = CARTESIAN_POINT ( 'NONE',  ( -0.2118139603063844689, 1.711469513685657251, 0.06894796746599465842 ) ) ;
#684 = ORIENTED_EDGE ( 'NONE', *, *, #174, .T. ) ;
#685 = DIRECTION ( 'NONE',  ( 1.000000000000000000, -1.230251190531776269E-15, 0.0000000000000000000 ) ) ;
#686 = CARTESIAN_POINT ( 'NONE',  ( -1.379134565798749046, 1.797124093125409772, 0.009287270869899813888 ) ) ;
#687 = CARTESIAN_POINT ( 'NONE',  ( 0.1828557835364494899, 1.116638417020444418, -0.1213974702397981748 ) ) ;
#688 = EDGE_CURVE ( 'NONE', #1405, #1033, #3231, .T. ) ;
#689 = CARTESIAN_POINT ( 'NONE',  ( 0.03841162097212014181, 2.171019139527382347, -0.09947219267372826856 ) ) ;
#690 = CARTESIAN_POINT ( 'NONE',  ( -0.1112211799719775573, 1.703893155275413962, 0.1926394837073240884 ) ) ;
#691 = CARTESIAN_POINT ( 'NONE',  ( -0.4685895737997190502, 1.283469125681861778, -0.3153151234154643601 ) ) ;
#692 = CARTESIAN_POINT ( 'NONE',  ( -0.001280478187225053861, 1.844955220324026701, 0.001279745253985779124 ) ) ;
#693 = FILL_AREA_STYLE ('',( #5317 ) ) ;
#694 = B_SPLINE_CURVE_WITH_KNOTS ( 'NONE', 5,
 ( #1435, #1556, #1957, #1115, #649, #225 ),
 .UNSPECIFIED., .F., .F.,
 ( 6, 6 ),
 ( -0.06271658775695229671, 0.0000000000000000000 ),
 .UNSPECIFIED. ) ;
#695 = CARTESIAN_POINT ( 'NONE',  ( 0.2177382408988915441, 1.788020222360586553, 0.04848841349177842458 ) ) ;
#696 = ORIENTED_EDGE ( 'NONE', *, *, #3425, .F. ) ;
#697 = CARTESIAN_POINT ( 'NONE',  ( 0.1101966936094037480, 1.926373710395650196, 0.1932301208982517560 ) ) ;
#698 = CARTESIAN_POINT ( 'NONE',  ( -0.06894870039923377270, 1.711469513685656807, -0.2118132781775582396 ) ) ;
#699 = CARTESIAN_POINT ( 'NONE',  ( 0.1112197649099122138, 1.926334100157303553, 0.1926394837073241162 ) ) ;
#700 = CARTESIAN_POINT ( 'NONE',  ( -0.9115279860128113754, 1.870764955127810936, 1.038862502806153332 ) ) ;
#701 = CARTESIAN_POINT ( 'NONE',  ( -7.075310326517546047E-07, 2.171019139527382347, -0.1066275546405183738 ) ) ;
#702 = CARTESIAN_POINT ( 'NONE',  ( -0.09747777854318884216, 0.2084659632555735109, 0.002551047939188970382 ) ) ;
#703 = CARTESIAN_POINT ( 'NONE',  ( -0.2941627255815807418, 1.114512169000843711, 0.01655767528861861945 ) ) ;
#704 = FACE_OUTER_BOUND ( 'NONE', #3087, .T. ) ;
#705 = CARTESIAN_POINT ( 'NONE',  ( -0.1112211799719775435, 1.703893155275413740, 0.5505413131804708371 ) ) ;
#706 = ORIENTED_EDGE ( 'NONE', *, *, #174, .F. ) ;
#707 = FACE_OUTER_BOUND ( 'NONE', #3427, .T. ) ;
#708 = AXIS2_PLACEMENT_3D ( 'NONE', #2004, #734, #388 ) ;
#709 = DIMENSIONAL_EXPONENTS ( 1.000000000000000000, 0.0000000000000000000, 0.0000000000000000000, 0.0000000000000000000, 0.0000000000000000000, 0.0000000000000000000, 0.0000000000000000000 ) ;
#710 = ORIENTED_EDGE ( 'NONE', *, *, #414, .T. ) ;
#711 = CARTESIAN_POINT ( 'NONE',  ( -0.2723458811654416722, 1.116519423177950499, 0.02915363628514441516 ) ) ;
#712 = LINE ( 'NONE', #1892, #791 ) ;
#713 = CARTESIAN_POINT ( 'NONE',  ( -0.1023594527160340550, 1.710475807782206426, 0.1977558043240287000 ) ) ;
#714 = CARTESIAN_POINT ( 'NONE',  ( 0.4239859217333290520, 1.839571487907240011, -0.7175361382047094061 ) ) ;
#715 = ORIENTED_EDGE ( 'NONE', *, *, #135, .F. ) ;
#716 = PRESENTATION_LAYER_ASSIGNMENT (  '', '', ( #169 ) ) ;
#717 = CARTESIAN_POINT ( 'NONE',  ( 0.4239859217339096986, 1.844127897552610307, 0.7305544129821708310 ) ) ;
#718 = ORIENTED_EDGE ( 'NONE', *, *, #2169, .T. ) ;
#719 = CARTESIAN_POINT ( 'NONE',  ( 0.1006322140175461982, 1.735367123164420766, 0.1986995507270071792 ) ) ;
#720 = CIRCLE ( 'NONE', #5424, 0.09550548199421698969 ) ;
#721 = CARTESIAN_POINT ( 'NONE',  ( -0.9459861536075999666, 1.824185956693643584, 1.004404335211364740 ) ) ;
#722 = EDGE_CURVE ( 'NONE', #2602, #4692, #1562, .T. ) ;
#723 = CARTESIAN_POINT ( 'NONE',  ( 0.06450191828394581661, 2.171019139527381903, -0.08522375666082475376 ) ) ;
#724 = EDGE_LOOP ( 'NONE', ( #585, #2823, #5430, #4818 ) ) ;
#725 = FACE_OUTER_BOUND ( 'NONE', #4729, .T. ) ;
#726 = CARTESIAN_POINT ( 'NONE',  ( 0.1112197649099121721, 2.171019139527382347, 0.1112204470387382349 ) ) ;
#727 = CARTESIAN_POINT ( 'NONE',  ( 0.05760829549538805383, 1.919415172244245849, 0.05760897762421410967 ) ) ;
#728 = EDGE_LOOP ( 'NONE', ( #535, #5450, #1068, #4558, #4024 ) ) ;
#729 = CARTESIAN_POINT ( 'NONE',  ( -0.3455585583104508474, 1.106538484830727365, -0.01311572257262087933 ) ) ;
#730 = ADVANCED_FACE ( 'NONE', ( #1277 ), #634, .F. ) ;
#731 = VERTEX_POINT ( 'NONE', #270 ) ;
#732 = CARTESIAN_POINT ( 'NONE',  ( 0.5505386837205878958, 1.900286602869685426, -0.1112520009230868884 ) ) ;
#733 = CARTESIAN_POINT ( 'NONE',  ( -1.023606572602222542, 1.848849985279380936, -0.9267839670211552860 ) ) ;
#734 = DIRECTION ( 'NONE',  ( -4.930380657631323784E-32, -1.000000000000000000, -2.220446049250310123E-16 ) ) ;
#735 = ORIENTED_EDGE ( 'NONE', *, *, #2660, .T. ) ;
#736 = CARTESIAN_POINT ( 'NONE',  ( 0.1157093104812516454, 0.4309069081374634069, -0.1796840940803874909 ) ) ;
#737 = CARTESIAN_POINT ( 'NONE',  ( 1.246288661900705641, 1.850761759466506451, 0.6297284588083423840 ) ) ;
#738 = CARTESIAN_POINT ( 'NONE',  ( 0.7238952946579214620, 1.844127897567215735, 0.4306450400598915151 ) ) ;
#739 = CARTESIAN_POINT ( 'NONE',  ( -0.8771581932040386498, 1.100196715742747910, -0.4764365842349904678 ) ) ;
#740 = CARTESIAN_POINT ( 'NONE',  ( 0.2155102616258020021, 1.923789154167841797, 0.05514790205831894554 ) ) ;
#741 = CARTESIAN_POINT ( 'NONE',  ( -0.09947287480255391501, 2.171019139527382347, -0.03841235390536032468 ) ) ;
#742 = CARTESIAN_POINT ( 'NONE',  ( -0.07287105440381684562, 1.926191724384900716, 0.07287032147057757869 ) ) ;
#743 = CARTESIAN_POINT ( 'NONE',  ( -0.8944787335686898988, 1.905212127105338604, 1.055911755250274586 ) ) ;
#744 = CARTESIAN_POINT ( 'NONE',  ( 0.07007639625220701829, 2.171019139527382347, 0.08045120235026692601 ) ) ;
#745 = CARTESIAN_POINT ( 'NONE',  ( -0.8738742319463064234, 1.189219009695277274, -0.4821245719834733046 ) ) ;
#746 = CARTESIAN_POINT ( 'NONE',  ( -0.4614682113586461853, 1.883289228466590526, -0.3202016410021139015 ) ) ;
#747 = CARTESIAN_POINT ( 'NONE',  ( 1.048064542686820699, 1.926191724384900716, 0.9023245310700784838 ) ) ;
#748 = VERTEX_POINT ( 'NONE', #4892 ) ;
#749 = CARTESIAN_POINT ( 'NONE',  ( -0.9029321157936206488, 1.710596686870354821, -1.047458423829757290 ) ) ;
#750 = DIRECTION ( 'NONE',  ( -0.0000000000000000000, -1.000000000000000000, -2.220446049250310369E-16 ) ) ;
#751 = AXIS2_PLACEMENT_3D ( 'NONE', #2216, #3928, #4318 ) ;
#752 = ORIENTED_EDGE ( 'NONE', *, *, #4492, .T. ) ;
#753 = SURFACE_STYLE_USAGE ( .BOTH. , #3793 ) ;
#754 = ADVANCED_FACE ( 'NONE', ( #2201 ), #4511, .T. ) ;
#755 = CARTESIAN_POINT ( 'NONE',  ( -7.075310326648127823E-07, 2.171019139527382347, -2.540220651868889134E-08 ) ) ;
#756 = CARTESIAN_POINT ( 'NONE',  ( -0.0001499809259086880427, 1.706106920957450868, 0.5970898460505863481 ) ) ;
#757 = DIRECTION ( 'NONE',  ( 0.0000000000000000000, 0.0000000000000000000, -1.000000000000000000 ) ) ;
#758 = DIRECTION ( 'NONE',  ( 0.8660254037842236574, 0.0000000000000000000, 0.5000000000003721468 ) ) ;
#759 = CARTESIAN_POINT ( 'NONE',  ( 0.05309930862076298053, 1.913331138168369305, -0.2160102805648889956 ) ) ;
#760 = EDGE_CURVE ( 'NONE', #4727, #1197, #92, .T. ) ;
#761 = CARTESIAN_POINT ( 'NONE',  ( 0.1634171166151575094, 1.110997952494245933, -0.1105780400025062754 ) ) ;
#762 = CARTESIAN_POINT ( 'NONE',  ( -0.1754032978628523864, 1.263946401572992650, -0.09033691427650043793 ) ) ;
#763 = CARTESIAN_POINT ( 'NONE',  ( -0.06099037541428542486, 1.926334100157303553, 0.2139163937232043400 ) ) ;
#764 = VERTEX_POINT ( 'NONE', #3277 ) ;
#765 = CARTESIAN_POINT ( 'NONE',  ( -0.5505420461137098265, 1.703893155275413740, -0.1112204978431515084 ) ) ;
#766 = EDGE_CURVE ( 'NONE', #1103, #2356, #4762, .T. ) ;
#767 = CARTESIAN_POINT ( 'NONE',  ( -0.1112211799719775435, 1.703893155275413740, -2.540220661664771899E-08 ) ) ;
#768 = EDGE_CURVE ( 'NONE', #4327, #5234, #1800, .T. ) ;
#769 = DIRECTION ( 'NONE',  ( -0.9938567491838180556, 6.265651922811281959E-17, -0.1106741257104534998 ) ) ;
#770 = CARTESIAN_POINT ( 'NONE',  ( 0.2215616249506420499, 1.870309783462453357, -0.02182270342008437239 ) ) ;
#771 = ORIENTED_EDGE ( 'NONE', *, *, #2154, .T. ) ;
#772 = B_SPLINE_CURVE_WITH_KNOTS ( 'NONE', 3,
 ( #3118, #4752, #3141, #2301, #989, #4788, #1459, #2650, #1878, #2229, #2270, #1015, #5221, #1389, #570, #3953 ),
 .UNSPECIFIED., .F., .F.,
 ( 4, 2, 2, 2, 2, 2, 2, 4 ),
 ( 0.0000000000000000000, 0.002046144476153333516, 0.004092288952306667033, 0.005115361190383341597, 0.006138433428460015294, 0.007161505666536689858, 0.007673041785575026273, 0.008184577904613363555 ),
 .UNSPECIFIED. ) ;
#773 = CARTESIAN_POINT ( 'NONE',  ( -1.379134565798749046, 1.710596686870354821, -0.1021960402123314876 ) ) ;
#774 =( CONVERSION_BASED_UNIT ( 'INCH', #4105 ) LENGTH_UNIT ( ) NAMED_UNIT ( #384 ) );
#775 = CARTESIAN_POINT ( 'NONE',  ( -7.075310326909290315E-07, 2.171019139527382347, -0.1066275546405183738 ) ) ;
#776 = CARTESIAN_POINT ( 'NONE',  ( -0.0001499809368128714963, 1.844127897531955051, 0.7305544129797207908 ) ) ;
#777 = CARTESIAN_POINT ( 'NONE',  ( 0.1635918326254961197, 1.116638417020443086, -0.1102754229957039617 ) ) ;
#778 = ORIENTED_EDGE ( 'NONE', *, *, #3052, .T. ) ;
#779 = DIRECTION ( 'NONE',  ( 0.0000000000000000000, 1.000000000000000000, 2.220446049250310123E-16 ) ) ;
#780 = FACE_OUTER_BOUND ( 'NONE', #1179, .T. ) ;
#781 = CARTESIAN_POINT ( 'NONE',  ( -1.389870663509346131E-17, 0.4189173647663950173, -3.032714150933363580E-17 ) ) ;
#782 = ORIENTED_EDGE ( 'NONE', *, *, #3999, .F. ) ;
#783 = CARTESIAN_POINT ( 'NONE',  ( -0.5549481248550111046, 1.867940490486980964, 0.08671493687286435659 ) ) ;
#784 = DIRECTION ( 'NONE',  ( -0.0000000000000000000, 1.000000000000000000, 2.220446049250309876E-16 ) ) ;
#785 =( NAMED_UNIT ( * ) SI_UNIT ( $, .STERADIAN. ) SOLID_ANGLE_UNIT ( ) );
#786 = CYLINDRICAL_SURFACE ( 'NONE', #1756, 0.2224409448818897572 ) ;
#787 = ADVANCED_FACE ( 'NONE', ( #3398 ), #2904, .T. ) ;
#788 = EDGE_LOOP ( 'NONE', ( #2265, #2400, #4980, #5149 ) ) ;
#789 = CARTESIAN_POINT ( 'NONE',  ( -0.4160658501275252830, 1.812484271563130633, -0.3774443670687165353 ) ) ;
#790 = CARTESIAN_POINT ( 'NONE',  ( 0.2224402373508570785, 1.926334100157303553, -2.540220655747550938E-08 ) ) ;
#791 = VECTOR ( 'NONE', #5315, 39.37007874015748143 ) ;
#792 = COLOUR_RGB ( '',1.000000000000000000, 0.1529411764705882470, 0.1529411764705882470 ) ;
#793 = ORIENTED_EDGE ( 'NONE', *, *, #667, .T. ) ;
#794 = LENGTH_MEASURE_WITH_UNIT ( LENGTH_MEASURE( 0.02539999999999999897 ), #3218 );
#795 = CARTESIAN_POINT ( 'NONE',  ( -0.3076442803198162768, 1.920387216501464600, 0.4699161841094002812 ) ) ;
#796 = CARTESIAN_POINT ( 'NONE',  ( 0.02709183797194232926, 1.211723111304489953, 0.2067059877828699155 ) ) ;
#797 = ORIENTED_EDGE ( 'NONE', *, *, #1914, .F. ) ;
#798 = CARTESIAN_POINT ( 'NONE',  ( -7.075310326648127823E-07, 1.703893155275413740, -0.1112204978431514807 ) ) ;
#799 = LINE ( 'NONE', #2765, #1602 ) ;
#800 = CARTESIAN_POINT ( 'NONE',  ( 0.8984324789135215150, 1.926437203932589215, -1.051956645647791344 ) ) ;
#801 = CARTESIAN_POINT ( 'NONE',  ( -0.05592787553552456409, 1.253580631049435734, 0.2218740044848383219 ) ) ;
#802 = VERTEX_POINT ( 'NONE', #4418 ) ;
#803 = LINE ( 'NONE', #4951, #3715 ) ;
#804 = CARTESIAN_POINT ( 'NONE',  ( -0.0001499809373357703863, 1.854859608376341784, -0.7175361382013824008 ) ) ;
#805 = CARTESIAN_POINT ( 'NONE',  ( -0.8766676956241111762, 1.116439203011146075, -0.4772861509644150679 ) ) ;
#806 = CARTESIAN_POINT ( 'NONE',  ( -7.075310326531166337E-07, 2.159897092283287634, 0.09550545659201040150 ) ) ;
#807 = ORIENTED_EDGE ( 'NONE', *, *, #2548, .T. ) ;
#808 = B_SPLINE_CURVE_WITH_KNOTS ( 'NONE', 3,
 ( #1489, #3619, #4457, #4435, #4830, #4909 ),
 .UNSPECIFIED., .F., .F.,
 ( 4, 2, 4 ),
 ( 8.673617379884035472E-19, 0.002134028896033152243, 0.004268057792066303618 ),
 .UNSPECIFIED. ) ;
#809 = CARTESIAN_POINT ( 'NONE',  ( -0.06665814368588550420, 1.924468639114974566, 0.06665741075264623727 ) ) ;
#810 = ADVANCED_FACE ( 'NONE', ( #1221 ), #4693, .T. ) ;
#811 = EDGE_CURVE ( 'NONE', #4692, #2721, #1402, .T. ) ;
#812 = CARTESIAN_POINT ( 'NONE',  ( 0.08522302372755133359, 2.171019139527382347, 0.06450260041281501155 ) ) ;
#813 = ORIENTED_EDGE ( 'NONE', *, *, #2277, .F. ) ;
#814 = CARTESIAN_POINT ( 'NONE',  ( 0.04652961694998514197, 0.2632087033490722039, -0.08569375649246954718 ) ) ;
#815 = DIRECTION ( 'NONE',  ( 0.0000000000000000000, 2.220446049250309876E-16, -1.000000000000000000 ) ) ;
#816 = CARTESIAN_POINT ( 'NONE',  ( 0.5620356332172570246, 1.786382252198474241, 0.003950987469651323462 ) ) ;
#817 =( CONVERSION_BASED_UNIT ( 'INCH', #3325 ) LENGTH_UNIT ( ) NAMED_UNIT ( #4610 ) );
#818 = CARTESIAN_POINT ( 'NONE',  ( -0.007249756609101606387, 1.307413746360106988, 1.007493389357672964 ) ) ;
#819 = B_SPLINE_CURVE_WITH_KNOTS ( 'NONE', 3,
 ( #699, #3240, #4094, #3310, #5408, #2803, #1540, #267, #3656, #1171, #4491, #3257, #1955, #2864, #3634, #4913, #4542, #2382, #1185, #4945 ),
 .UNSPECIFIED., .F., .F.,
 ( 4, 2, 2, 2, 2, 2, 2, 2, 2, 4 ),
 ( 4.336808689942017736E-19, 0.0001521491215126695787, 0.0003042982430253387237, 0.0006085964860506770137, 0.0009128947290760153037, 0.001217192972101353594, 0.001825789458152046437, 0.002434385944202739280, 0.003651578916304137543, 0.004868771888405535805 ),
 .UNSPECIFIED. ) ;
#820 = DIRECTION ( 'NONE',  ( 0.0000000000000000000, 0.0000000000000000000, 1.000000000000000000 ) ) ;
#821 = ADVANCED_FACE ( 'NONE', ( #4455 ), #5296, .F. ) ;
#822 = CARTESIAN_POINT ( 'NONE',  ( -0.3837618337738136765, 1.061028180799971299, -0.2149692691142162937 ) ) ;
#823 = CARTESIAN_POINT ( 'NONE',  ( 0.1112197649099122276, 1.703893155275413740, -0.1926395345117372371 ) ) ;
#824 = CARTESIAN_POINT ( 'NONE',  ( -0.1836559604097347254, 1.100196715742745690, -0.07604288344757957618 ) ) ;
#825 = EDGE_LOOP ( 'NONE', ( #669, #2179 ) ) ;
#826 = CARTESIAN_POINT ( 'NONE',  ( -0.0001499809325193425579, 1.841849692709270014, 0.006509137389169129123 ) ) ;
#827 = DIRECTION ( 'NONE',  ( 0.0000000000000000000, 1.000000000000000000, 2.220446049250310123E-16 ) ) ;
#828 = CARTESIAN_POINT ( 'NONE',  ( -1.379134565798749046, 1.870764955127810936, 0.09003959316354245845 ) ) ;
#829 = EDGE_CURVE ( 'NONE', #655, #4459, #3323, .T. ) ;
#830 = CARTESIAN_POINT ( 'NONE',  ( -0.1704192709433961506, 2.124651801044000532, -2.540220658847007943E-08 ) ) ;
#831 = CARTESIAN_POINT ( 'NONE',  ( -0.08109548225332650906, 1.921271663787443851, -0.08109480012450046016 ) ) ;
#832 = VECTOR ( 'NONE', #784, 39.37007874015748143 ) ;
#833 = CARTESIAN_POINT ( 'NONE',  ( 0.1924895281789835988, 1.116638417020445306, -0.1047113350517844127 ) ) ;
#834 = CARTESIAN_POINT ( 'NONE',  ( -0.2223214390071569513, 1.939796410036157992, 0.2223207060739176566 ) ) ;
#835 = ADVANCED_FACE ( 'NONE', ( #4179 ), #2827, .T. ) ;
#836 = CARTESIAN_POINT ( 'NONE',  ( -0.3348779621193303524, 1.863033024126960591, 0.4509391206374790406 ) ) ;
#837 = CARTESIAN_POINT ( 'NONE',  ( 0.03579836599432277555, 1.167441934753319144, 0.2067059877828699155 ) ) ;
#838 = AXIS2_PLACEMENT_3D ( 'NONE', #5184, #228, #3661 ) ;
#839 = CARTESIAN_POINT ( 'NONE',  ( 0.07443951159094638892, 1.712158471848197250, 0.07444019371977243782 ) ) ;
#840 = PLANE ( 'NONE',  #5281 ) ;
#841 = EDGE_CURVE ( 'NONE', #3334, #2064, #3336, .T. ) ;
#842 = CARTESIAN_POINT ( 'NONE',  ( 0.05757124541500039522, 1.926334100157303553, -0.2148614788877671045 ) ) ;
#843 = CARTESIAN_POINT ( 'NONE',  ( -0.1531046618540815585, 2.142638581168790690, -0.1531039797252555512 ) ) ;
#844 = DIRECTION ( 'NONE',  ( -0.0000000000000000000, -1.000000000000000000, -2.220446049250310123E-16 ) ) ;
#845 = CARTESIAN_POINT ( 'NONE',  ( -0.1090482569208148234, 1.897011032481153769, -0.1938912691713017555 ) ) ;
#846 = EDGE_LOOP ( 'NONE', ( #5251, #3531, #3114, #4763 ) ) ;
#847 = CARTESIAN_POINT ( 'NONE',  ( -7.075310326648127823E-07, 1.889608691730187973, 0.1053831147906866272 ) ) ;
#848 = CARTESIAN_POINT ( 'NONE',  ( 0.1621035300239358212, 1.061028180799970633, -0.1128532387186436947 ) ) ;
#849 = CARTESIAN_POINT ( 'NONE',  ( 0.1246902265564086842, 2.163452667595270551, 0.1246909086852345250 ) ) ;
#850 = CARTESIAN_POINT ( 'NONE',  ( -0.05386901958279508712, 1.751860218209315923, -0.05386833745396903128 ) ) ;
#851 = ADVANCED_FACE ( 'NONE', ( #3203 ), #4726, .T. ) ;
#852 = CARTESIAN_POINT ( 'NONE',  ( -0.1973684603758140144, 1.228247588680730917, -0.09641686846572720959 ) ) ;
#853 = EDGE_CURVE ( 'NONE', #5446, #2161, #3056, .T. ) ;
#854 = CARTESIAN_POINT ( 'NONE',  ( 0.5548985435708975178, 1.719916982635089964, 0.08964878006843599034 ) ) ;
#855 = EDGE_CURVE ( 'NONE', #944, #3024, #2934, .T. ) ;
#856 = AXIS2_PLACEMENT_3D ( 'NONE', #937, #4289, #2187 ) ;
#857 = CARTESIAN_POINT ( 'NONE',  ( -0.3087424886066819085, 1.923709587002752075, 0.4692008909440930631 ) ) ;
#858 = VECTOR ( 'NONE', #606, 39.37007874015748854 ) ;
#859 = VERTEX_POINT ( 'NONE', #3042 ) ;
#860 = FACE_OUTER_BOUND ( 'NONE', #1821, .T. ) ;
#861 = CARTESIAN_POINT ( 'NONE',  ( -0.04042291547072003610, 1.219518570245921696, 0.2254199472827314588 ) ) ;
#862 = ORIENTED_EDGE ( 'NONE', *, *, #2660, .F. ) ;
#863 = EDGE_CURVE ( 'NONE', #5364, #3667, #1981, .T. ) ;
#864 = DIRECTION ( 'NONE',  ( 4.869933132958959690E-11, -1.000000000000000000, -1.327868774048510007E-24 ) ) ;
#865 = CARTESIAN_POINT ( 'NONE',  ( -0.1974893996255737694, 2.080766179256611004, -2.540220661462797885E-08 ) ) ;
#866 = CARTESIAN_POINT ( 'NONE',  ( -0.8590812876490130368, 1.168476279836024423, -0.5077467030999194275 ) ) ;
#867 = CIRCLE ( 'NONE', #2248, 0.08897637795275589734 ) ;
#868 = CARTESIAN_POINT ( 'NONE',  ( -0.1927894900400779488, 1.116638417020445306, -0.1047113350517666353 ) ) ;
#869 = CARTESIAN_POINT ( 'NONE',  ( 0.04130770308763993814, 1.824185956693643584, -2.540220660730802269E-08 ) ) ;
#870 = EDGE_LOOP ( 'NONE', ( #1820, #2849, #1011, #3319 ) ) ;
#871 = CARTESIAN_POINT ( 'NONE',  ( -7.075310327131450117E-07, 2.163452667595270551, -0.1246909594896477291 ) ) ;
#872 = CARTESIAN_POINT ( 'NONE',  ( -0.0001499809305422073868, 0.9498077083590259484, 0.006509137389169208920 ) ) ;
#873 = EDGE_LOOP ( 'NONE', ( #1076, #29, #1085, #2005 ) ) ;
#874 = LINE ( 'NONE', #3558, #1858 ) ;
#875 = ORIENTED_EDGE ( 'NONE', *, *, #5376, .T. ) ;
#876 = LINE ( 'NONE', #579, #2394 ) ;
#877 = CARTESIAN_POINT ( 'NONE',  ( -7.075310326374885582E-07, 1.930860030043399789, -0.2224376751514937356 ) ) ;
#878 = VERTEX_POINT ( 'NONE', #2297 ) ;
#879 =( GEOMETRIC_REPRESENTATION_CONTEXT ( 3 ) GLOBAL_UNCERTAINTY_ASSIGNED_CONTEXT ( ( #617 ) ) GLOBAL_UNIT_ASSIGNED_CONTEXT ( ( #5395, #4208, #785 ) ) REPRESENTATION_CONTEXT ( 'NONE', 'WORKASPACE' ) );
#880 = VECTOR ( 'NONE', #1806, 39.37007874015748854 ) ;
#881 = CARTESIAN_POINT ( 'NONE',  ( -0.2219671309420319649, 1.951176915564387659, -2.540220661548323728E-08 ) ) ;
#882 = ORIENTED_EDGE ( 'NONE', *, *, #4401, .T. ) ;
#883 = ADVANCED_FACE ( 'NONE', ( #1924 ), #3263, .T. ) ;
#884 = AXIS2_PLACEMENT_3D ( 'NONE', #5334, #3652, #1125 ) ;
#885 = CARTESIAN_POINT ( 'NONE',  ( 0.4872458922295948569, 1.228245571610123266, -0.2858274201450757279 ) ) ;
#886 = VERTEX_POINT ( 'NONE', #1439 ) ;
#887 = CARTESIAN_POINT ( 'NONE',  ( -0.1531046618540815585, 2.142638581168790690, 0.1531039289208423193 ) ) ;
#888 = CARTESIAN_POINT ( 'NONE',  ( -0.8569102606057217297, 1.191757078582162510, -0.5115070322435057992 ) ) ;
#889 = DIRECTION ( 'NONE',  ( 0.5000000000000128786, 0.0000000000000000000, -0.8660254037844311581 ) ) ;
#890 = CARTESIAN_POINT ( 'NONE',  ( 0.1125760909090920414, 1.924745851044262768, -2.540220660294408909E-08 ) ) ;
#891 = CARTESIAN_POINT ( 'NONE',  ( -7.075310326599991999E-07, 2.124651801044000532, -0.1704185888145700878 ) ) ;
#892 = CARTESIAN_POINT ( 'NONE',  ( -0.04841166925715428837, 1.848849985279380936, -0.04841098712832823947 ) ) ;
#893 =( CONVERSION_BASED_UNIT ( 'INCH', #2643 ) LENGTH_UNIT ( ) NAMED_UNIT ( #1299 ) );
#894 = MECHANICAL_DESIGN_GEOMETRIC_PRESENTATION_REPRESENTATION (  '', ( #4075 ), #2379 ) ;
#895 =( LENGTH_UNIT ( ) NAMED_UNIT ( * ) SI_UNIT ( $, .METRE. ) );
#896 = CARTESIAN_POINT ( 'NONE',  ( -7.075310326335214794E-07, 1.948578194645492534, -0.2220561400143302999 ) ) ;
#897 = ORIENTED_EDGE ( 'NONE', *, *, #1256, .F. ) ;
#898 = CARTESIAN_POINT ( 'NONE',  ( 0.05546025528993021869, 1.005417944579500622, 0.2675812809239174750 ) ) ;
#899 = EDGE_LOOP ( 'NONE', ( #2705, #4835, #2884, #4189, #3392 ) ) ;
#900 = CARTESIAN_POINT ( 'NONE',  ( 0.06566551114989631344, 1.738178521613801708, -0.2127450294064353320 ) ) ;
#901 =( BOUNDED_SURFACE ( )  B_SPLINE_SURFACE ( 3, 3, ( 
 ( #387, #410, #3791, #5077 ),
 ( #18, #5448, #2078, #1673 ),
 ( #354, #2520, #1279, #424 ),
 ( #3326, #1224, #4250, #4611 ) ),
 .UNSPECIFIED., .F., .F., .F. ) 
 B_SPLINE_SURFACE_WITH_KNOTS ( ( 4, 4 ),
 ( 4, 4 ),
 ( 0.0000000000000000000, 1.000000000000000000 ),
 ( 0.0000000000000000000, 1.000000000000000000 ),
 .UNSPECIFIED. ) 
 GEOMETRIC_REPRESENTATION_ITEM ( )  RATIONAL_B_SPLINE_SURFACE ( (
 ( 1.000000000000000000, 0.3333333333333334259, 0.3333333333333334259, 1.000000000000000000),
 ( 0.8322209849031969586, 0.2774069949677324121, 0.2774069949677324121, 0.8322209849031969586),
 ( 0.8322209849031969586, 0.2774069949677324121, 0.2774069949677324121, 0.8322209849031969586),
 ( 1.000000000000000000, 0.3333333333333334259, 0.3333333333333334259, 1.000000000000000000) ) ) 
 REPRESENTATION_ITEM ( '' )  SURFACE ( )  );
#902 = CARTESIAN_POINT ( 'NONE',  ( -0.1374215863808760374, 2.155111100308018557, -0.1374209042520499746 ) ) ;
#903 = CARTESIAN_POINT ( 'NONE',  ( -0.1634080278114177498, 1.191757078582160512, -0.1111133314560942553 ) ) ;
#904 = CARTESIAN_POINT ( 'NONE',  ( 0.4958144896057092854, 1.116638417020444196, -0.2710259972795508454 ) ) ;
#905 = CARTESIAN_POINT ( 'NONE',  ( -0.1974893996255737139, 2.080766179256611448, -0.1974887174967476511 ) ) ;
#906 = CARTESIAN_POINT ( 'NONE',  ( -0.02921016479953440076, 1.824185956693643584, -0.02920948267070834492 ) ) ;
#907 = ORIENTED_EDGE ( 'NONE', *, *, #664, .T. ) ;
#908 = AXIS2_PLACEMENT_3D ( 'NONE', #2609, #83, #2129 ) ;
#909 =( NAMED_UNIT ( * ) SI_UNIT ( $, .STERADIAN. ) SOLID_ANGLE_UNIT ( ) );
#910 = FILL_AREA_STYLE_COLOUR ( '', #2784 ) ;
#911 = ORIENTED_EDGE ( 'NONE', *, *, #667, .F. ) ;
#912 = CARTESIAN_POINT ( 'NONE',  ( -7.075310326777051531E-07, 1.712158471848197250, 0.1052743420661211571 ) ) ;
#913 = CARTESIAN_POINT ( 'NONE',  ( -7.075310327039542807E-07, 1.998941422088291731, 0.2184838468190220262 ) ) ;
#914 = CARTESIAN_POINT ( 'NONE',  ( -0.1957872770282330088, 1.891456391440994533, 0.1056042065357270798 ) ) ;
#915 = EDGE_CURVE ( 'NONE', #3003, #1852, #2789, .T. ) ;
#916 = CARTESIAN_POINT ( 'NONE',  ( -7.075310326648127823E-07, 1.926191724384900716, 0.1030542074401167713 ) ) ;
#917 = CARTESIAN_POINT ( 'NONE',  ( -7.075310326318994113E-07, 2.155111100308018113, 0.1374208534476369648 ) ) ;
#918 = ORIENTED_EDGE ( 'NONE', *, *, #3154, .T. ) ;
#919 = DIRECTION ( 'NONE',  ( 0.0000000000000000000, -1.000000000000000000, -2.220446049250310123E-16 ) ) ;
#920 = VERTEX_POINT ( 'NONE', #4415 ) ;
#921 = CARTESIAN_POINT ( 'NONE',  ( -1.389870663509346131E-17, 0.2084659632555735664, -7.705673981372304168E-17 ) ) ;
#922 = CARTESIAN_POINT ( 'NONE',  ( -0.05894338163282483722, 1.743193393742112018, -2.540220661344662597E-08 ) ) ;
#923 = CARTESIAN_POINT ( 'NONE',  ( -7.075310327049354625E-07, 2.026044938440203946, 0.2142065738189994351 ) ) ;
#924 =( LENGTH_UNIT ( ) NAMED_UNIT ( * ) SI_UNIT ( $, .METRE. ) );
#925 = FACE_BOUND ( 'NONE', #2001, .T. ) ;
#926 = ORIENTED_EDGE ( 'NONE', *, *, #3054, .T. ) ;
#927 = VECTOR ( 'NONE', #1297, 39.37007874015748143 ) ;
#928 = CARTESIAN_POINT ( 'NONE',  ( 0.07943690575625463046, 1.917582571776019540, 0.5560467076806433484 ) ) ;
#929 = ORIENTED_EDGE ( 'NONE', *, *, #1663, .F. ) ;
#930 = CARTESIAN_POINT ( 'NONE',  ( 0.1910102564574013562, 2.159897092283287634, -0.09550550739642359177 ) ) ;
#931 = VECTOR ( 'NONE', #3777, 39.37007874015748143 ) ;
#932 = CARTESIAN_POINT ( 'NONE',  ( -7.075310326521922031E-07, 1.926191724384900716, -0.1030542582445299893 ) ) ;
#933 = AXIS2_PLACEMENT_3D ( 'NONE', #4735, #3371, #1246 ) ;
#934 = ORIENTED_EDGE ( 'NONE', *, *, #4948, .T. ) ;
#935 = CARTESIAN_POINT ( 'NONE',  ( -7.075310326310938830E-07, 1.960695240334310308, -0.2215878718570069572 ) ) ;
#936 = SURFACE_STYLE_FILL_AREA ( #5061 ) ;
#937 = CARTESIAN_POINT ( 'NONE',  ( -0.0001499809305422073868, 1.283469125681860667, 0.006509137389169282646 ) ) ;
#938 = LINE ( 'NONE', #4045, #2646 ) ;
#939 = CARTESIAN_POINT ( 'NONE',  ( -7.075310326648127823E-07, 1.844955220324026701, -0.001809894420921001222 ) ) ;
#940 = ORIENTED_EDGE ( 'NONE', *, *, #1509, .F. ) ;
#941 = CARTESIAN_POINT ( 'NONE',  ( -0.1528416025727167560, 1.274502192926133981, -0.1294149168239029923 ) ) ;
#942 = CARTESIAN_POINT ( 'NONE',  ( 0.08206744295158024949, 1.863033024126958370, 0.5556560802494449058 ) ) ;
#943 = CARTESIAN_POINT ( 'NONE',  ( -0.2223982856373507566, 1.935347466138263250, -2.540220661206322595E-08 ) ) ;
#944 = VERTEX_POINT ( 'NONE', #5200 ) ;
#945 = VECTOR ( 'NONE', #4623, 39.37007874015748143 ) ;
#946 = B_SPLINE_SURFACE_WITH_KNOTS ( 'NONE', 5, 1, ( 
 ( #4123, #3361 ),
 ( #3315, #4143 ),
 ( #2419, #2497 ),
 ( #1614, #762 ),
 ( #2928, #1647 ),
 ( #3729, #4159 ),
 ( #1175, #2888 ),
 ( #745, #2843 ),
 ( #4606, #4545 ),
 ( #4183, #1213 ),
 ( #3766, #3295 ),
 ( #2439, #1629 ),
 ( #4565, #1592 ) ),
 .UNSPECIFIED., .F., .F., .F.,
 ( 6, 1, 1, 1, 1, 1, 1, 1, 6 ),
 ( 2, 2 ),
 ( 0.0000000000000000000, 0.1000000000000000056, 0.2000000000000000111, 0.2999999999999999889, 0.4000000000000000222, 0.5000000000000000000, 0.5999999999999999778, 0.6999999999999999556, 0.7961980842294830163 ),
 ( 0.0000000000000000000, 3.600000000000000089 ),
 .UNSPECIFIED. ) ;
#947 = CARTESIAN_POINT ( 'NONE',  ( 0.2184831646901959912, 1.998941422088291731, -0.2184838976234352581 ) ) ;
#948 = DIRECTION ( 'NONE',  ( -0.9018713322486511252, 0.4320047454230598882, 4.525009520808949079E-15 ) ) ;
#949 = B_SPLINE_CURVE_WITH_KNOTS ( 'NONE', 3,
 ( #4544, #4479, #4587, #4158, #4142, #2946, #4621, #3380, #347, #783, #3709, #1612, #4996, #2029, #5413, #3314, #378, #3360, #3748, #2071 ),
 .UNSPECIFIED., .F., .F.,
 ( 4, 2, 2, 2, 2, 2, 2, 2, 2, 4 ),
 ( 0.0000000000000000000, 0.0002616034324524554736, 0.0005232068649049109472, 0.001046413729809802812, 0.001569620594714694678, 0.002092827459619586543, 0.003139241189429370707, 0.004185654919239154871, 0.006278482378858737077, 0.008371309838478318416 ),
 .UNSPECIFIED. ) ;
#950 = CYLINDRICAL_SURFACE ( 'NONE', #1940, 0.5616633858267716661 ) ;
#951 = ORIENTED_EDGE ( 'NONE', *, *, #987, .F. ) ;
#952 = ORIENTED_EDGE ( 'NONE', *, *, #1072, .T. ) ;
#953 = DIRECTION ( 'NONE',  ( 4.930380657631323784E-32, 1.000000000000000000, 2.220446049250309876E-16 ) ) ;
#954 = CARTESIAN_POINT ( 'NONE',  ( -0.2206255237649346057, 1.976823799906981982, 0.2206247908316953665 ) ) ;
#955 = B_SPLINE_SURFACE_WITH_KNOTS ( 'NONE', 5, 1, ( 
 ( #2180, #3477 ),
 ( #4586, #1679 ),
 ( #742, #2945 ),
 ( #809, #5053 ),
 ( #4620, #2495 ),
 ( #3727, #2886 ),
 ( #2070, #3762 ),
 ( #2922, #2435 ),
 ( #4640, #1249 ),
 ( #5028, #397 ),
 ( #5433, #5457 ),
 ( #4139, #2901 ),
 ( #345, #2509 ),
 ( #376, #4178 ),
 ( #4603, #4993 ) ),
 .UNSPECIFIED., .F., .F., .F.,
 ( 6, 1, 1, 1, 1, 1, 1, 1, 1, 1, 6 ),
 ( 2, 2 ),
 ( 0.0000000000000000000, 0.1000000000000000056, 0.2000000000000000111, 0.2999999999999999889, 0.4000000000000000222, 0.5000000000000000000, 0.5999999999999999778, 0.6999999999999999556, 0.8000000000000000444, 0.9000000000000000222, 1.000000000000000000 ),
 ( 0.0000000000000000000, 6.200000000000000178 ),
 .UNSPECIFIED. ) ;
#956 = CARTESIAN_POINT ( 'NONE',  ( 0.5088546464210941256, 1.061028180799971965, -0.3130500891123393914 ) ) ;
#957 = CARTESIAN_POINT ( 'NONE',  ( 0.008135241982621235768, 1.116638417020444196, 0.2287957295201997199 ) ) ;
#958 = CARTESIAN_POINT ( 'NONE',  ( -0.03224190080103235545, 1.202651259755430413, 0.2267734081597193585 ) ) ;
#959 = CARTESIAN_POINT ( 'NONE',  ( -0.0001499809305421123836, 1.292416745410849499, 0.5748457515623975889 ) ) ;
#960 = CARTESIAN_POINT ( 'NONE',  ( 0.09561936176329730031, 1.878073678326437346, 0.5534825154471574304 ) ) ;
#961 = CARTESIAN_POINT ( 'NONE',  ( -7.075310326921367946E-07, 1.930860030043399789, 0.2224376243470805037 ) ) ;
#962 = CARTESIAN_POINT ( 'NONE',  ( 0.1335730211929230526, 1.809015648123441400, 0.1787305901341332826 ) ) ;
#963 = CARTESIAN_POINT ( 'NONE',  ( 0.2142058916901734000, 2.026044938440203502, -0.2142066246234124727 ) ) ;
#964 = SURFACE_STYLE_USAGE ( .BOTH. , #150 ) ;
#965 = EDGE_CURVE ( 'NONE', #1967, #1320, #530, .T. ) ;
#966 = ORIENTED_EDGE ( 'NONE', *, *, #4359, .F. ) ;
#967 = EDGE_CURVE ( 'NONE', #4901, #1585, #876, .T. ) ;
#968 =( NAMED_UNIT ( * ) PLANE_ANGLE_UNIT ( ) SI_UNIT ( $, .RADIAN. ) );
#969 = AXIS2_PLACEMENT_3D ( 'NONE', #4284, #3022, #4271 ) ;
#970 = CARTESIAN_POINT ( 'NONE',  ( -0.3506008238868812410, 1.907277071021308501, 0.4389481453237342179 ) ) ;
#971 = CARTESIAN_POINT ( 'NONE',  ( 1.379133150736683966, 1.924468639114974566, -0.09426787564541795617 ) ) ;
#972 = ORIENTED_EDGE ( 'NONE', *, *, #2154, .F. ) ;
#973 = CARTESIAN_POINT ( 'NONE',  ( -7.075310326648127823E-07, 1.926334100157303553, -2.540220658365646729E-08 ) ) ;
#974 = CARTESIAN_POINT ( 'NONE',  ( 0.1920614814345137367, 1.903274320068528924, -0.1122219186577855937 ) ) ;
#975 = DIRECTION ( 'NONE',  ( -0.0000000000000000000, -1.000000000000000000, -2.220446049250310123E-16 ) ) ;
#976 = CARTESIAN_POINT ( 'NONE',  ( 0.02663417951254123603, 0.4309069081374632404, 0.2120510284795381339 ) ) ;
#977 = CARTESIAN_POINT ( 'NONE',  ( -7.075310326648127823E-07, 1.692771108031319027, -2.540220641473977390E-08 ) ) ;
#978 = CARTESIAN_POINT ( 'NONE',  ( -0.2224383572803197984, 1.930860030043399789, -2.540220661098053587E-08 ) ) ;
#979 = CARTESIAN_POINT ( 'NONE',  ( -7.075310326648127823E-07, 1.692771108031319027, -2.540220641473977390E-08 ) ) ;
#980 =( CONVERSION_BASED_UNIT ( 'INCH', #1000 ) LENGTH_UNIT ( ) NAMED_UNIT ( #709 ) );
#981 = B_SPLINE_CURVE_WITH_KNOTS ( 'NONE', 3,
 ( #321, #1645, #4221, #759, #1233, #3291, #1609, #4561, #1208, #2458, #5409, #4156, #3341, #1627, #5011, #2478, #2604, #57, #3447, #4706, #4263, #1714, #1360, #483, #3031, #4660 ),
 .UNSPECIFIED., .F., .F.,
 ( 4, 2, 2, 2, 2, 2, 2, 2, 2, 2, 2, 2, 4 ),
 ( 0.0000000000000000000, 0.0002690146151043059058, 0.0005380292302086118117, 0.0008070438453129177717, 0.001076058460417223623, 0.001614087690625835977, 0.002152116920834448114, 0.003228175381251671520, 0.004304233841668894493, 0.005380292302086117466, 0.006456350762503339571, 0.007532409222920560810, 0.008608467683337782048 ),
 .UNSPECIFIED. ) ;
#982 = ORIENTED_EDGE ( 'NONE', *, *, #3973, .T. ) ;
#983 =( GEOMETRIC_REPRESENTATION_CONTEXT ( 3 ) GLOBAL_UNCERTAINTY_ASSIGNED_CONTEXT ( ( #1222 ) ) GLOBAL_UNIT_ASSIGNED_CONTEXT ( ( #3872, #3073, #5192 ) ) REPRESENTATION_CONTEXT ( 'NONE', 'WORKASPACE' ) );
#984 = CARTESIAN_POINT ( 'NONE',  ( -0.3738671850047104450, 1.880755141492140847, 0.4192719656499101499 ) ) ;
#985 = B_SPLINE_CURVE_WITH_KNOTS ( 'NONE', 3,
 ( #763, #3345, #3730, #2480 ),
 .UNSPECIFIED., .F., .F.,
 ( 4, 4 ),
 ( 3.366268786345922837E-18, 9.006750223502849853E-05 ),
 .UNSPECIFIED. ) ;
#986 = CARTESIAN_POINT ( 'NONE',  ( 0.2766638200681261206, 1.077909019366944277, -0.3331062603017202473 ) ) ;
#987 = EDGE_CURVE ( 'NONE', #1539, #1430, #4109, .T. ) ;
#988 = CARTESIAN_POINT ( 'NONE',  ( -7.075310326571755097E-07, 1.846439661105714114, -0.5616634112289777825 ) ) ;
#989 = CARTESIAN_POINT ( 'NONE',  ( -0.3751582735822076575, 1.810721966159431373, -0.4183587286516626813 ) ) ;
#990 = LINE ( 'NONE', #5431, #4242 ) ;
#991 = CARTESIAN_POINT ( 'NONE',  ( 0.3941238749265533747, 1.851508584093074505, -0.4002692703701159482 ) ) ;
#992 = EDGE_LOOP ( 'NONE', ( #3599, #4449, #2995, #4308, #4513, #3643, #1203 ) ) ;
#993 = CARTESIAN_POINT ( 'NONE',  ( -0.2013583641575264482, 1.724883122525788792, -0.09612022339589108844 ) ) ;
#994 = CARTESIAN_POINT ( 'NONE',  ( 0.05757124541500042991, 1.703893155275413740, 0.2148614280833539281 ) ) ;
#995 = VERTEX_POINT ( 'NONE', #134 ) ;
#996 = SURFACE_STYLE_USAGE ( .BOTH. , #2655 ) ;
#997 = CYLINDRICAL_SURFACE ( 'NONE', #165, 0.2224409448818897572 ) ;
#998 = CARTESIAN_POINT ( 'NONE',  ( -0.04092127985177285154, 2.171019139527382347, -0.09846695753745393631 ) ) ;
#999 = CARTESIAN_POINT ( 'NONE',  ( 1.038861820677327241, 1.870764955127810936, 0.9115272530795721639 ) ) ;
#1000 = LENGTH_MEASURE_WITH_UNIT ( LENGTH_MEASURE( 0.02539999999999999897 ), #1394 );
#1001 = VERTEX_POINT ( 'NONE', #3527 ) ;
#1002 = CARTESIAN_POINT ( 'NONE',  ( 0.5422207881533775975, 1.283469125681861778, -0.2552582363794803078 ) ) ;
#1003 = CARTESIAN_POINT ( 'NONE',  ( -0.1141516101315806359, 1.905212127105338604, -1.379133883669923177 ) ) ;
#1004 = EDGE_LOOP ( 'NONE', ( #3642, #1901, #1864, #1009 ) ) ;
#1005 = DIRECTION ( 'NONE',  ( -1.000000000000000000, 2.350287727802129971E-15, 0.0000000000000000000 ) ) ;
#1006 = VECTOR ( 'NONE', #159, 39.37007874015748854 ) ;
#1007 = CARTESIAN_POINT ( 'NONE',  ( -0.1969586673181678294, 0.4309069081374634069, -0.08295963817295430587 ) ) ;
#1008 = SURFACE_STYLE_FILL_AREA ( #2673 ) ;
#1009 = ORIENTED_EDGE ( 'NONE', *, *, #4074, .F. ) ;
#1010 = FACE_OUTER_BOUND ( 'NONE', #1778, .T. ) ;
#1011 = ORIENTED_EDGE ( 'NONE', *, *, #5238, .T. ) ;
#1012 = CARTESIAN_POINT ( 'NONE',  ( 0.2209984798844850662, 1.812581967479704570, -0.02742706290243562481 ) ) ;
#1013 = CARTESIAN_POINT ( 'NONE',  ( 0.05546025528993022563, 1.005417944579500622, 0.2067059877828699155 ) ) ;
#1014 = ORIENTED_EDGE ( 'NONE', *, *, #4528, .F. ) ;
#1015 = CARTESIAN_POINT ( 'NONE',  ( -0.4493559981872565778, 1.917582571776019096, -0.3370135659850015397 ) ) ;
#1016 = CARTESIAN_POINT ( 'NONE',  ( 0.1151934708568660565, 1.913453448141116287, 0.5497236443679248685 ) ) ;
#1017 = CARTESIAN_POINT ( 'NONE',  ( 0.8729933037765347237, 1.148529527269974038, -0.4831308351476036322 ) ) ;
#1018 = CARTESIAN_POINT ( 'NONE',  ( 0.1780377906241119024, 1.879993453525608427, 0.1337375296476371322 ) ) ;
#1019 = STYLED_ITEM ( 'NONE', ( #3452 ), #5003 ) ;
#1020 =( REPRESENTATION_RELATIONSHIP ('NONE','NONE', #3162, #1333 ) REPRESENTATION_RELATIONSHIP_WITH_TRANSFORMATION ( #2451 )SHAPE_REPRESENTATION_RELATIONSHIP( ) );
#1021 = EDGE_LOOP ( 'NONE', ( #2334, #2207, #5170, #470 ) ) ;
#1022 = CARTESIAN_POINT ( 'NONE',  ( -0.1030549403733560382, 1.926191724384900716, -2.540220662876819136E-08 ) ) ;
#1023 = CARTESIAN_POINT ( 'NONE',  ( -0.06099037541428542486, 1.926334100157303553, 0.2139163937232043400 ) ) ;
#1024 = AXIS2_PLACEMENT_3D ( 'NONE', #973, #4817, #3153 ) ;
#1025 = CARTESIAN_POINT ( 'NONE',  ( -7.075310326648127823E-07, 2.166412236717524031, -0.09550550739642360565 ) ) ;
#1026 = CARTESIAN_POINT ( 'NONE',  ( 0.2938627637204807574, 1.114512169000843711, 0.01655767528860360369 ) ) ;
#1027 = DIRECTION ( 'NONE',  ( -0.0000000000000000000, 1.000000000000000000, 2.220446049250310123E-16 ) ) ;
#1028 = EDGE_CURVE ( 'NONE', #2569, #995, #4834, .T. ) ;
#1029 = CARTESIAN_POINT ( 'NONE',  ( -0.2226605471016660509, 1.786063840511598277, -0.004611313104461175517 ) ) ;
#1030 = CARTESIAN_POINT ( 'NONE',  ( -7.075310326648127823E-07, 1.728393678196920025, -0.09349808458873237749 ) ) ;
#1031 = CARTESIAN_POINT ( 'NONE',  ( -0.2220568221431563072, 1.948578194645492756, -0.2220561400143302999 ) ) ;
#1032 = CARTESIAN_POINT ( 'NONE',  ( 0.6457135614406055435, 1.839571487918038262, -0.3718289662929659678 ) ) ;
#1033 = VERTEX_POINT ( 'NONE', #1890 ) ;
#1034 = CARTESIAN_POINT ( 'NONE',  ( 0.1833430885857374737, 1.191757078582160512, -0.07606524415926828320 ) ) ;
#1035 = CARTESIAN_POINT ( 'NONE',  ( -0.0001499809326302896167, 1.844127897531955051, -0.7175361382013822897 ) ) ;
#1036 = DIRECTION ( 'NONE',  ( 0.0000000000000000000, 0.0000000000000000000, -1.000000000000000000 ) ) ;
#1037 = DIRECTION ( 'NONE',  ( 4.869933132958959690E-11, -1.000000000000000000, -1.327868774048510007E-24 ) ) ;
#1038 = AXIS2_PLACEMENT_3D ( 'NONE', #1566, #313, #1168 ) ;
#1039 = CARTESIAN_POINT ( 'NONE',  ( -0.2139171266564472706, 1.926334100157303553, -0.06098969328544630308 ) ) ;
#1040 = CARTESIAN_POINT ( 'NONE',  ( -0.04130911814970527479, 1.824185956693643584, -2.540220661742566250E-08 ) ) ;
#1041 = CARTESIAN_POINT ( 'NONE',  ( 0.2703438588876434512, 1.116638417020445306, 0.03013632132488790194 ) ) ;
#1042 = CARTESIAN_POINT ( 'NONE',  ( 0.1085567535807211437, 1.926437203932589215, -2.540220660319020180E-08 ) ) ;
#1043 = EDGE_LOOP ( 'NONE', ( #1794, #2870, #455, #2330, #305, #4270, #4391, #3974, #3651, #4027, #4786, #5156, #641 ) ) ;
#1044 = CARTESIAN_POINT ( 'NONE',  ( -0.0001499809305422073868, 1.706106920957450868, 0.006509137389169376321 ) ) ;
#1045 = DIRECTION ( 'NONE',  ( 0.0000000000000000000, -3.195635041071550199E-16, 1.000000000000000000 ) ) ;
#1046 = CARTESIAN_POINT ( 'NONE',  ( -1.389870663509346131E-17, 0.1194895853028177385, -0.02268237145657632167 ) ) ;
#1047 = CARTESIAN_POINT ( 'NONE',  ( 0.5904307277355085315, 1.706106920971782293, 0.006509137389168990345 ) ) ;
#1048 = CARTESIAN_POINT ( 'NONE',  ( 0.1811720615424468883, 1.168476279836022202, -0.07982557330285386388 ) ) ;
#1049 = CARTESIAN_POINT ( 'NONE',  ( -1.389870663509346131E-17, 0.1194895853028177385, -9.681346450390297241E-17 ) ) ;
#1050 = CARTESIAN_POINT ( 'NONE',  ( -0.4891570404382885595, 1.107755953657654890, -0.2831118736294045424 ) ) ;
#1051 = DIRECTION ( 'NONE',  ( 0.0000000000000000000, 0.0000000000000000000, 1.000000000000000000 ) ) ;
#1052 = CARTESIAN_POINT ( 'NONE',  ( -0.1750035281430399325, 1.768689894399597895, 0.1377413297157635552 ) ) ;
#1053 = ORIENTED_EDGE ( 'NONE', *, *, #1663, .T. ) ;
#1054 = AXIS2_PLACEMENT_3D ( 'NONE', #4792, #2274, #486 ) ;
#1055 = CARTESIAN_POINT ( 'NONE',  ( -0.04040992052834579962, 1.219490323175599134, 0.5734722465838746341 ) ) ;
#1056 = CARTESIAN_POINT ( 'NONE',  ( 0.4192712835210849476, 1.880755141492141069, 0.3738664520714714001 ) ) ;
#1057 = CARTESIAN_POINT ( 'NONE',  ( 0.04586168989441618410, 1.102836489736715331, 0.5730341897683359775 ) ) ;
#1058 = VECTOR ( 'NONE', #3935, 39.37007874015748143 ) ;
#1059 = ORIENTED_EDGE ( 'NONE', *, *, #4427, .T. ) ;
#1060 = CARTESIAN_POINT ( 'NONE',  ( 0.1163372578870243979, 1.116519423177950499, -0.2405416764682173358 ) ) ;
#1061 = VECTOR ( 'NONE', #2338, 39.37007874015748854 ) ;
#1062 = EDGE_LOOP ( 'NONE', ( #3590, #2557, #557 ) ) ;
#1063 = AXIS2_PLACEMENT_3D ( 'NONE', #4614, #5043, #2136 ) ;
#1064 = FACE_OUTER_BOUND ( 'NONE', #3411, .T. ) ;
#1065 = PLANE ( 'NONE',  #1260 ) ;
#1066 = FACE_OUTER_BOUND ( 'NONE', #2984, .T. ) ;
#1067 = CARTESIAN_POINT ( 'NONE',  ( -1.379134565798749046, 1.712158471848197250, -0.1052743928705343751 ) ) ;
#1068 = ORIENTED_EDGE ( 'NONE', *, *, #4052, .T. ) ;
#1069 = CARTESIAN_POINT ( 'NONE',  ( -0.0001499809382049958136, 1.860690414720896246, 0.7118693736096379787 ) ) ;
#1070 = EDGE_CURVE ( 'NONE', #1079, #4650, #4107, .T. ) ;
#1071 = LINE ( 'NONE', #433, #268 ) ;
#1072 = EDGE_CURVE ( 'NONE', #920, #1219, #2798, .T. ) ;
#1073 = LINE ( 'NONE', #1002, #523 ) ;
#1074 = APPLICATION_PROTOCOL_DEFINITION ( 'draft international standard', 'automotive_design', 1998, #4831 ) ;
#1075 = CARTESIAN_POINT ( 'NONE',  ( 0.04652961694998514891, 0.2084659632555735942, -0.08569375649246960269 ) ) ;
#1076 = ORIENTED_EDGE ( 'NONE', *, *, #2682, .F. ) ;
#1077 =( BOUNDED_SURFACE ( )  B_SPLINE_SURFACE ( 3, 3, ( 
 ( #3724, #5405, #5370, #775 ),
 ( #2835, #2860, #4172, #1151 ),
 ( #2025, #3701, #4091, #4988 ),
 ( #298, #2452, #3274, #2881 ) ),
 .UNSPECIFIED., .F., .F., .F. ) 
 B_SPLINE_SURFACE_WITH_KNOTS ( ( 4, 4 ),
 ( 4, 4 ),
 ( 0.0000000000000000000, 1.000000000000000000 ),
 ( 0.0000000000000000000, 1.000000000000000000 ),
 .UNSPECIFIED. ) 
 GEOMETRIC_REPRESENTATION_ITEM ( )  RATIONAL_B_SPLINE_SURFACE ( (
 ( 1.000000000000000000, 0.3333333333333334259, 0.3333333333333334259, 1.000000000000000000),
 ( 0.8047378541243653816, 0.2682459513747885160, 0.2682459513747885160, 0.8047378541243653816),
 ( 0.8047378541243653816, 0.2682459513747885160, 0.2682459513747885160, 0.8047378541243653816),
 ( 1.000000000000000000, 0.3333333333333334259, 0.3333333333333334259, 1.000000000000000000) ) ) 
 REPRESENTATION_ITEM ( '' )  SURFACE ( )  );
#1078 = DIRECTION ( 'NONE',  ( 1.000000000000000000, 4.869931427294231357E-11, 0.0000000000000000000 ) ) ;
#1079 = VERTEX_POINT ( 'NONE', #2373 ) ;
#1080 = CARTESIAN_POINT ( 'NONE',  ( -0.04370602856957794130, 1.892061177074431333, -2.540220661786596743E-08 ) ) ;
#1081 = CYLINDRICAL_SURFACE ( 'NONE', #969, 0.08897637795275589734 ) ;
#1082 = DIRECTION ( 'NONE',  ( -0.0000000000000000000, -1.000000000000000000, -0.0000000000000000000 ) ) ;
#1083 = ORIENTED_EDGE ( 'NONE', *, *, #1637, .T. ) ;
#1084 = CARTESIAN_POINT ( 'NONE',  ( 0.4614667962965806614, 1.883289228466590970, 0.3202015901977005585 ) ) ;
#1085 = ORIENTED_EDGE ( 'NONE', *, *, #4743, .F. ) ;
#1086 = CARTESIAN_POINT ( 'NONE',  ( -0.05757266047706571799, 1.703893155275413740, -0.2148614788877671045 ) ) ;
#1087 = VERTEX_POINT ( 'NONE', #4086 ) ;
#1088 = CARTESIAN_POINT ( 'NONE',  ( 0.04370461350751261853, 1.892061177074431333, -2.540220660716125107E-08 ) ) ;
#1089 = CARTESIAN_POINT ( 'NONE',  ( 0.05182508921224478898, 1.014502043550958854, 0.2067059877828699155 ) ) ;
#1090 = CARTESIAN_POINT ( 'NONE',  ( 0.2205609640405719052, 2.171019139527382791, 0.1102808103835956205 ) ) ;
#1091 = CARTESIAN_POINT ( 'NONE',  ( 0.1383009716510831266, 2.154407943906813117, -2.540220722378960982E-08 ) ) ;
#1092 = DIRECTION ( 'NONE',  ( 0.0000000000000000000, 1.000000000000000000, 2.220446049250310123E-16 ) ) ;
#1093 = AXIS2_PLACEMENT_3D ( 'NONE', #1564, #2487, #3327 ) ;
#1094 = B_SPLINE_SURFACE_WITH_KNOTS ( 'NONE', 5, 1, ( 
 ( #2231, #197 ),
 ( #1881, #3585 ),
 ( #1488, #2749 ),
 ( #3149, #226 ),
 ( #4412, #4398 ),
 ( #4859, #3609 ),
 ( #1040, #240 ),
 ( #5233, #1436 ),
 ( #3555, #616 ),
 ( #1873, #5283 ),
 ( #4444, #1003 ),
 ( #3968, #3213 ),
 ( #4812, #2336 ),
 ( #205, #5269 ),
 ( #3190, #1453 ) ),
 .UNSPECIFIED., .F., .F., .F.,
 ( 6, 1, 1, 1, 1, 1, 1, 1, 1, 1, 6 ),
 ( 2, 2 ),
 ( -1.000000000000000000, -0.9000000000000000222, -0.8000000000000000444, -0.6999999999999999556, -0.5999999999999999778, -0.5000000000000000000, -0.4000000000000000222, -0.2999999999999999889, -0.2000000000000000111, -0.1000000000000000056, 0.0000000000000000000 ),
 ( 0.0000000000000000000, 6.200000000000000178 ),
 .UNSPECIFIED. ) ;
#1095 = PRODUCT_CONTEXT ( 'NONE', #4038, 'mechanical' ) ;
#1096 = DIRECTION ( 'NONE',  ( -0.0000000000000000000, -1.000000000000000000, -2.220446049250310369E-16 ) ) ;
#1097 = CARTESIAN_POINT ( 'NONE',  ( -0.2148621610165931672, 1.926334100157303553, -0.05757197834823970378 ) ) ;
#1098 = CARTESIAN_POINT ( 'NONE',  ( -0.07193851785637898899, 1.312012040412517955, 0.5702941163005532665 ) ) ;
#1099 = CARTESIAN_POINT ( 'NONE',  ( 0.3723398246686279167, 1.061028180799971299, -0.2342332200251824870 ) ) ;
#1100 = AXIS2_PLACEMENT_3D ( 'NONE', #2831, #3668, #4389 ) ;
#1101 = CARTESIAN_POINT ( 'NONE',  ( -7.075310327194528660E-07, 2.159897092283287634, -0.1083863349459902869 ) ) ;
#1102 = CARTESIAN_POINT ( 'NONE',  ( -0.09747777854318884216, 0.4309069081374632404, 0.002551047939189019821 ) ) ;
#1103 = VERTEX_POINT ( 'NONE', #1086 ) ;
#1104 = CARTESIAN_POINT ( 'NONE',  ( -0.2976054051686914947, 1.066391325425524395, -0.3450237070355278157 ) ) ;
#1105 = EDGE_CURVE ( 'NONE', #1547, #2021, #1212, .T. ) ;
#1106 = CARTESIAN_POINT ( 'NONE',  ( -1.432178778053150969, 1.861978219952485247, 0.7225235359489950993 ) ) ;
#1107 = ORIENTED_EDGE ( 'NONE', *, *, #2506, .F. ) ;
#1108 = CARTESIAN_POINT ( 'NONE',  ( -0.07217875057196794508, 1.321581909612418393, 0.2067059877828699155 ) ) ;
#1109 =( CONVERSION_BASED_UNIT ( 'INCH', #794 ) LENGTH_UNIT ( ) NAMED_UNIT ( #4685 ) );
#1110 = CARTESIAN_POINT ( 'NONE',  ( 0.2220554070810917546, 1.948578194645492312, -2.540220752898220809E-08 ) ) ;
#1111 = B_SPLINE_SURFACE_WITH_KNOTS ( 'NONE', 5, 1, ( 
 ( #3625, #3597 ),
 ( #4495, #1494 ),
 ( #3215, #1104 ),
 ( #4051, #1524 ),
 ( #4481, #4898 ),
 ( #4937, #306 ),
 ( #1160, #289 ),
 ( #3265, #3281 ),
 ( #4101, #4952 ),
 ( #729, #5358 ),
 ( #2824, #1999 ),
 ( #2422, #2406 ),
 ( #703, #3675 ),
 ( #1574, #4530 ),
 ( #5381, #2846 ),
 ( #711, #5399 ),
 ( #679, #4503 ) ),
 .UNSPECIFIED., .F., .F., .F.,
 ( 6, 1, 1, 1, 1, 1, 1, 1, 1, 1, 1, 1, 6 ),
 ( 2, 2 ),
 ( -1.000000000000000000, -0.9333333333333330151, -0.8666666666666670293, -0.8000000000000000444, -0.7333333333333329485, -0.6666666666666669627, -0.5999999999999999778, -0.5333333333333329929, -0.4666666666666670071, -0.4000000000000000222, -0.3333333333333329818, -0.2666666666666669960, -0.2136309069195140020 ),
 ( -0.6999999999999999556, 0.6999999999999999556 ),
 .UNSPECIFIED. ) ;
#1112 = DIRECTION ( 'NONE',  ( 0.0000000000000000000, 1.000000000000000000, 0.0000000000000000000 ) ) ;
#1113 = CARTESIAN_POINT ( 'NONE',  ( 0.2158843716030502125, 1.920433779836447030, 0.05360664076944479661 ) ) ;
#1114 = CARTESIAN_POINT ( 'NONE',  ( -7.075310326648127823E-07, 1.870764955127810936, 0.09003959316354245845 ) ) ;
#1115 = CARTESIAN_POINT ( 'NONE',  ( -0.2223982856373507566, 1.935347466138263250, -2.540220661206322595E-08 ) ) ;
#1116 = CARTESIAN_POINT ( 'NONE',  ( 0.1029625400126492479, 2.171019139527382347, 0.02810865521888983309 ) ) ;
#1117 = DIRECTION ( 'NONE',  ( -0.0000000000000000000, -1.000000000000000000, -2.220446049250309876E-16 ) ) ;
#1118 = ORIENTED_EDGE ( 'NONE', *, *, #2657, .F. ) ;
#1119 = CARTESIAN_POINT ( 'NONE',  ( -0.2190038531596932014, 1.115481746914356087, -0.09751517082422957172 ) ) ;
#1120 = EDGE_CURVE ( 'NONE', #3522, #2135, #3647, .T. ) ;
#1121 = DIRECTION ( 'NONE',  ( 0.0000000000000000000, 0.0000000000000000000, -1.000000000000000000 ) ) ;
#1122 = CARTESIAN_POINT ( 'NONE',  ( 0.04652961694998514891, 0.2632087033490722039, -0.08569375649246957494 ) ) ;
#1123 = CARTESIAN_POINT ( 'NONE',  ( -0.9154543423314641659, 1.723836302417243171, -1.034936197291913773 ) ) ;
#1124 = CARTESIAN_POINT ( 'NONE',  ( 0.03905234006606156383, 1.146727668489310181, 0.2255091702825604005 ) ) ;
#1125 = DIRECTION ( 'NONE',  ( 0.0000000000000000000, -2.803690145631480473E-16, 1.000000000000000000 ) ) ;
#1126 = CARTESIAN_POINT ( 'NONE',  ( -0.02051877318982376838, 1.823220648322717352, 0.2224409194797221101 ) ) ;
#1127 = FACE_OUTER_BOUND ( 'NONE', #546, .T. ) ;
#1128 = VERTEX_POINT ( 'NONE', #637 ) ;
#1129 = CARTESIAN_POINT ( 'NONE',  ( 0.2160095476316497287, 1.913331138168369305, 0.05309999074958893922 ) ) ;
#1130 = CIRCLE ( 'NONE', #2425, 0.1334645669291338876 ) ;
#1131 = CARTESIAN_POINT ( 'NONE',  ( -0.02811187426893723557, 2.171019139527382347, 0.1029622382202421138 ) ) ;
#1132 = ORIENTED_EDGE ( 'NONE', *, *, #4256, .F. ) ;
#1133 = EDGE_CURVE ( 'NONE', #5030, #5164, #4069, .T. ) ;
#1134 = CARTESIAN_POINT ( 'NONE',  ( -7.075310326648127823E-07, 1.926334100157303553, -2.540220658365646729E-08 ) ) ;
#1135 = CARTESIAN_POINT ( 'NONE',  ( 0.4537231123157515755, 1.867940490486981409, 0.3310903187345009546 ) ) ;
#1136 = LINE ( 'NONE', #2783, #4961 ) ;
#1137 = CARTESIAN_POINT ( 'NONE',  ( 0.08243170920544308500, 1.919091310806186002, 0.2066695407744258695 ) ) ;
#1138 = VERTEX_POINT ( 'NONE', #3172 ) ;
#1139 = CARTESIAN_POINT ( 'NONE',  ( -0.07444092665301171863, 1.712158471848197250, 0.07444019371977243782 ) ) ;
#1140 = CIRCLE ( 'NONE', #2876, 0.2224409448818897572 ) ;
#1141 = CARTESIAN_POINT ( 'NONE',  ( 0.2242296040761008191, 2.170545325477225340, -0.1121151812057734620 ) ) ;
#1142 = B_SPLINE_CURVE_WITH_KNOTS ( 'NONE', 3,
 ( #3967, #118, #1452, #4783 ),
 .UNSPECIFIED., .F., .F.,
 ( 4, 4 ),
 ( 1.563658610346375379E-18, 9.006750223464889224E-05 ),
 .UNSPECIFIED. ) ;
#1143 = VERTEX_POINT ( 'NONE', #3612 ) ;
#1144 = CARTESIAN_POINT ( 'NONE',  ( -1.038863235739392543, 1.870764955127810936, -0.9115273038839852848 ) ) ;
#1145 = CARTESIAN_POINT ( 'NONE',  ( -0.2148621610165931672, 1.926334100157303553, -0.05757197834823970378 ) ) ;
#1146 = EDGE_CURVE ( 'NONE', #3187, #1852, #1478, .T. ) ;
#1147 = EDGE_LOOP ( 'NONE', ( #5371, #3248, #1801, #4713 ) ) ;
#1148 = CARTESIAN_POINT ( 'NONE',  ( -0.03769373262283846199, 1.759790074219405920, 0.2194291516334365422 ) ) ;
#1149 = EDGE_CURVE ( 'NONE', #4295, #3220, #594, .T. ) ;
#1150 = STYLED_ITEM ( 'NONE', ( #1667 ), #2968 ) ;
#1151 = CARTESIAN_POINT ( 'NONE',  ( -7.075310326893332214E-07, 2.171019139527382347, -0.1001124102062819349 ) ) ;
#1152 = ORIENTED_EDGE ( 'NONE', *, *, #4072, .T. ) ;
#1153 = CARTESIAN_POINT ( 'NONE',  ( -0.0001499809305422073868, 1.227858889461390213, 0.2289500822710590078 ) ) ;
#1154 = CARTESIAN_POINT ( 'NONE',  ( 0.2167719115565339971, 2.171019139527382791, 0.1083862841415764167 ) ) ;
#1155 = CARTESIAN_POINT ( 'NONE',  ( -0.03841303603418525642, 2.171019139527381903, 0.09947214186931564728 ) ) ;
#1156 = CARTESIAN_POINT ( 'NONE',  ( 0.08204914560470584484, 1.915167437866163835, 0.08204982773353187986 ) ) ;
#1157 = DIRECTION ( 'NONE',  ( 0.0000000000000000000, -1.000000000000000000, -2.220446049250309876E-16 ) ) ;
#1158 = ORIENTED_EDGE ( 'NONE', *, *, #12, .T. ) ;
#1159 = CARTESIAN_POINT ( 'NONE',  ( 0.4659204719341619727, 1.894383477984873831, 0.3136857827680723521 ) ) ;
#1160 = CARTESIAN_POINT ( 'NONE',  ( -0.3999156713102451910, 1.091705001674053044, -0.04449881639542404427 ) ) ;
#1161 = B_SPLINE_SURFACE_WITH_KNOTS ( 'NONE', 5, 1, ( 
 ( #190, #604 ),
 ( #1042, #2751 ),
 ( #3197, #622 ),
 ( #2795, #3991 ),
 ( #638, #4067 ),
 ( #3614, #244 ),
 ( #1088, #4030 ),
 ( #1510, #4465 ),
 ( #1926, #3216 ),
 ( #5382, #4127 ),
 ( #1962, #5398 ),
 ( #2019, #3716 ),
 ( #2002, #2470 ),
 ( #279, #1195 ),
 ( #767, #2874 ) ),
 .UNSPECIFIED., .F., .F., .F.,
 ( 6, 1, 1, 1, 1, 1, 1, 1, 1, 1, 6 ),
 ( 2, 2 ),
 ( 0.0000000000000000000, 0.1000000000000000056, 0.2000000000000000111, 0.2999999999999999889, 0.4000000000000000222, 0.5000000000000000000, 0.5999999999999999778, 0.6999999999999999556, 0.8000000000000000444, 0.9000000000000000222, 1.000000000000000000 ),
 ( 0.0000000000000000000, 6.200000000000000178 ),
 .UNSPECIFIED. ) ;
#1162 = DIRECTION ( 'NONE',  ( -0.0000000000000000000, -1.000000000000000000, -0.0000000000000000000 ) ) ;
#1163 = CARTESIAN_POINT ( 'NONE',  ( 0.4805447877769065124, 1.061028180799971521, -0.2967053846033985698 ) ) ;
#1164 = CARTESIAN_POINT ( 'NONE',  ( 0.1977398717753248991, 1.926107550777172106, -0.1021087880173395801 ) ) ;
#1165 = DIRECTION ( 'NONE',  ( -4.930380657631323784E-32, -1.000000000000000000, -2.220446049250310369E-16 ) ) ;
#1166 = CARTESIAN_POINT ( 'NONE',  ( 0.6457135614406058766, 1.839571487918038262, 0.3848472410713039138 ) ) ;
#1167 = ADVANCED_FACE ( 'NONE', ( #335 ), #1111, .F. ) ;
#1168 = DIRECTION ( 'NONE',  ( 0.0000000000000000000, 0.0000000000000000000, 1.000000000000000000 ) ) ;
#1169 = CARTESIAN_POINT ( 'NONE',  ( 0.7238952946573986580, 1.854859608411602245, 0.006509137389168992947 ) ) ;
#1170 = VERTEX_POINT ( 'NONE', #4026 ) ;
#1171 = CARTESIAN_POINT ( 'NONE',  ( 0.1050457181059467615, 1.890574472138594420, 0.1960877888523721857 ) ) ;
#1172 = CARTESIAN_POINT ( 'NONE',  ( -0.03370661984549477852, 2.171019139527381903, 0.1011880936934148184 ) ) ;
#1173 = CARTESIAN_POINT ( 'NONE',  ( -0.9686285007032064964, 1.797124093125409772, 0.9817619881157582107 ) ) ;
#1174 = CARTESIAN_POINT ( 'NONE',  ( 0.07019629358304597944, 2.171019139527381903, -0.08059595410121833670 ) ) ;
#1175 = CARTESIAN_POINT ( 'NONE',  ( -0.8727189538244783940, 1.210894448349596031, -0.4841255723873483796 ) ) ;
#1176 =( LENGTH_UNIT ( ) NAMED_UNIT ( * ) SI_UNIT ( $, .METRE. ) );
#1177 = ORIENTED_EDGE ( 'NONE', *, *, #1316, .T. ) ;
#1178 = CARTESIAN_POINT ( 'NONE',  ( 0.2208318120894403325, 1.809015648123440734, 0.03193071548010264354 ) ) ;
#1179 = EDGE_LOOP ( 'NONE', ( #3254, #4243, #151 ) ) ;
#1180 = CARTESIAN_POINT ( 'NONE',  ( -0.1926402166405633831, 1.926334100157303553, 0.1112204470387382904 ) ) ;
#1181 = CARTESIAN_POINT ( 'NONE',  ( 0.3774436341354772684, 1.812484271563131299, -0.4160651679986989704 ) ) ;
#1182 = DIRECTION ( 'NONE',  ( 0.9938567491838180556, 0.0000000000000000000, 0.1106741257104535137 ) ) ;
#1183 = CARTESIAN_POINT ( 'NONE',  ( -0.0001499809259089050187, 1.706106920957450646, -0.5840715712722480690 ) ) ;
#1184 = CARTESIAN_POINT ( 'NONE',  ( -0.1845174767346269284, 1.066695959405554506, -0.07455069340131620370 ) ) ;
#1185 = CARTESIAN_POINT ( 'NONE',  ( 0.01220438420860709902, 1.799802359928276640, 0.2224409194796831968 ) ) ;
#1186 = CARTESIAN_POINT ( 'NONE',  ( -0.1011894005807067731, 2.171019139527382347, -0.03370448748185512350 ) ) ;
#1187 = CARTESIAN_POINT ( 'NONE',  ( 0.02920874973746907105, 1.824185956693643584, 0.02920943186629512689 ) ) ;
#1188 = CARTESIAN_POINT ( 'NONE',  ( 0.1910102564574013284, 2.166412236717524031, 0.09550545659201040150 ) ) ;
#1189 = CARTESIAN_POINT ( 'NONE',  ( -0.2070773929081581866, 2.054691988635170219, -2.540220662122269614E-08 ) ) ;
#1190 = CARTESIAN_POINT ( 'NONE',  ( -0.9302368419120440324, 1.908269080859285927, 1.020153646906920564 ) ) ;
#1191 = B_SPLINE_SURFACE_WITH_KNOTS ( 'NONE', 5, 1, ( 
 ( #4920, #3245 ),
 ( #1596, #4549 ),
 ( #307, #747 ),
 ( #2390, #2443 ),
 ( #1977, #3733 ),
 ( #330, #353 ),
 ( #4531, #2810 ),
 ( #3676, #1223 ),
 ( #692, #2034 ),
 ( #3300, #1617 ),
 ( #4999, #4981 ),
 ( #5420, #3321 ),
 ( #3662, #1548 ),
 ( #1139, #4499 ),
 ( #3282, #4087 ) ),
 .UNSPECIFIED., .F., .F., .F.,
 ( 6, 1, 1, 1, 1, 1, 1, 1, 1, 1, 6 ),
 ( 2, 2 ),
 ( 0.0000000000000000000, 0.1000000000000000056, 0.2000000000000000111, 0.2999999999999999889, 0.4000000000000000222, 0.5000000000000000000, 0.5999999999999999778, 0.6999999999999999556, 0.8000000000000000444, 0.9000000000000000222, 1.000000000000000000 ),
 ( 0.0000000000000000000, 6.200000000000000178 ),
 .UNSPECIFIED. ) ;
#1192 = ADVANCED_FACE ( 'NONE', ( #1598 ), #2996, .T. ) ;
#1193 = CARTESIAN_POINT ( 'NONE',  ( 1.379133150736683966, 1.710596686870354821, 0.1021959894079185055 ) ) ;
#1194 = CIRCLE ( 'NONE', #527, 0.2224409448818897572 ) ;
#1195 = CARTESIAN_POINT ( 'NONE',  ( -0.1052750749993604379, 1.712158471848197250, 1.379133832865509834 ) ) ;
#1196 = ORIENTED_EDGE ( 'NONE', *, *, #2832, .T. ) ;
#1197 = VERTEX_POINT ( 'NONE', #5365 ) ;
#1198 = CARTESIAN_POINT ( 'NONE',  ( 0.01906023783320990456, 1.767981565922491782, -0.01906097076644917843 ) ) ;
#1199 = LINE ( 'NONE', #5204, #858 ) ;
#1200 = PRODUCT_DEFINITION_SHAPE ( 'NONE', 'NONE',  #5486 ) ;
#1201 = DIRECTION ( 'NONE',  ( 0.0000000000000000000, 1.000000000000000000, 2.220446049250310123E-16 ) ) ;
#1202 = DIRECTION ( 'NONE',  ( 0.0000000000000000000, -0.0000000000000000000, 1.000000000000000000 ) ) ;
#1203 = ORIENTED_EDGE ( 'NONE', *, *, #4028, .F. ) ;
#1204 = AXIS2_PLACEMENT_3D ( 'NONE', #4580, #3333, #1623 ) ;
#1205 = PLANE ( 'NONE',  #461 ) ;
#1206 = CARTESIAN_POINT ( 'NONE',  ( 0.8580959770058276259, 1.146881722101589229, -0.5089337620114237071 ) ) ;
#1207 = CARTESIAN_POINT ( 'NONE',  ( -0.06770368522265148015, 1.910820522758155171, -0.2121462876423359512 ) ) ;
#1208 = CARTESIAN_POINT ( 'NONE',  ( 0.06376783490037911395, 1.891456391440993867, -0.2131155048842380551 ) ) ;
#1209 = EDGE_CURVE ( 'NONE', #5000, #3522, #2264, .T. ) ;
#1210 = CARTESIAN_POINT ( 'NONE',  ( 0.05533446986794271494, 2.171019139527382347, 0.09121668900821014447 ) ) ;
#1211 = ORIENTED_EDGE ( 'NONE', *, *, #4195, .T. ) ;
#1212 = LINE ( 'NONE', #653, #26 ) ;
#1213 = CARTESIAN_POINT ( 'NONE',  ( -0.1821573721856426520, 1.146881722101587009, -0.07863851439133122401 ) ) ;
#1214 = CARTESIAN_POINT ( 'NONE',  ( 0.2223968705752853992, 1.935347466138263473, -2.540220753336057102E-08 ) ) ;
#1215 = VERTEX_POINT ( 'NONE', #1163 ) ;
#1216 = FACE_OUTER_BOUND ( 'NONE', #5464, .T. ) ;
#1217 = B_SPLINE_SURFACE_WITH_KNOTS ( 'NONE', 5, 1, ( 
 ( #601, #3542 ),
 ( #1437, #3947 ),
 ( #4399, #3970 ),
 ( #3556, #1846 ),
 ( #2280, #5235 ),
 ( #4426, #618 ),
 ( #1454, #1888 ) ),
 .UNSPECIFIED., .F., .F., .F.,
 ( 6, 1, 6 ),
 ( 2, 2 ),
 ( -1.000000000000000000, -0.9000000000000000222, -0.8018172745509960508 ),
 ( 0.0000000000000000000, 3.600000000000000089 ),
 .UNSPECIFIED. ) ;
#1218 = CARTESIAN_POINT ( 'NONE',  ( -7.075310326510260505E-07, 1.924745851044262768, -0.1125768238423313083 ) ) ;
#1219 = VERTEX_POINT ( 'NONE', #4960 ) ;
#1220 = VECTOR ( 'NONE', #2464, 39.37007874015748143 ) ;
#1221 = FACE_OUTER_BOUND ( 'NONE', #3862, .T. ) ;
#1222 = UNCERTAINTY_MEASURE_WITH_UNIT (LENGTH_MEASURE( 1.000000000000000082E-05 ), #3872, 'distance_accuracy_value', 'NONE');
#1223 = CARTESIAN_POINT ( 'NONE',  ( 0.9906483925782849642, 1.870822151696355906, 0.9597406811786145520 ) ) ;
#1224 = CARTESIAN_POINT ( 'NONE',  ( -1.136823209276439206, 1.706106920902095592, 0.5748457515623971448 ) ) ;
#1225 = CARTESIAN_POINT ( 'NONE',  ( 0.2204582539017923004, 1.879993453525609537, -0.03132552268492434788 ) ) ;
#1226 = EDGE_LOOP ( 'NONE', ( #4097, #4800, #1601, #2053, #1408 ) ) ;
#1227 = B_SPLINE_CURVE_WITH_KNOTS ( 'NONE', 3,
 ( #3428, #4655, #3026, #2168, #5134, #2137, #5120, #2993, #914, #39, #479, #3863, #1354, #2266, #120, #137, #3096, #2683, #1029, #3081, #1384, #5202, #3918, #3977, #1401, #5185 ),
 .UNSPECIFIED., .F., .F.,
 ( 4, 2, 2, 2, 2, 2, 2, 2, 2, 2, 2, 2, 4 ),
 ( 0.0000000000000000000, 0.0002690146151043211389, 0.0005380292302086422777, 0.0008070438453129633082, 0.001076058460417284555, 0.001614087690625909920, 0.002152116920834535718, 0.003228175381251786012, 0.004304233841669036741, 0.005380292302086287469, 0.006456350762503539065, 0.007532409222920788926, 0.008608467683338038787 ),
 .UNSPECIFIED. ) ;
#1228 = AXIS2_PLACEMENT_3D ( 'NONE', #4670, #2138, #54 ) ;
#1229 = ADVANCED_FACE ( 'NONE', ( #1997 ), #4636, .T. ) ;
#1230 = CARTESIAN_POINT ( 'NONE',  ( -0.09747777854318884216, 0.2632087033490721484, 0.002551047939188982525 ) ) ;
#1231 = CARTESIAN_POINT ( 'NONE',  ( -0.4679369716361265752, 1.703893155275413740, 0.3106467381633598035 ) ) ;
#1232 = CARTESIAN_POINT ( 'NONE',  ( -0.04068805925457834316, 1.888826605089461097, -0.2188783299901961854 ) ) ;
#1233 = CARTESIAN_POINT ( 'NONE',  ( 0.05395585526979183866, 1.909814100410651028, -0.2158016173491254519 ) ) ;
#1234 = CARTESIAN_POINT ( 'NONE',  ( -0.0001499809305422073868, 0.9498077083590258374, 0.5970898460505864591 ) ) ;
#1235 = CARTESIAN_POINT ( 'NONE',  ( -0.2220568221431566402, 1.948578194645492978, -2.540220661494655588E-08 ) ) ;
#1236 = DIRECTION ( 'NONE',  ( -2.713294730641134369E-15, -1.000000000000000000, 2.713294730641137524E-15 ) ) ;
#1237 = CARTESIAN_POINT ( 'NONE',  ( 0.2050309202207404591, 1.228900754679354002, -0.07959928018518552806 ) ) ;
#1238 = CARTESIAN_POINT ( 'NONE',  ( 0.5534818333183312289, 1.878073678326438234, -0.09562009469653738603 ) ) ;
#1239 = ORIENTED_EDGE ( 'NONE', *, *, #4604, .T. ) ;
#1240 = ADVANCED_FACE ( 'NONE', ( #2329 ), #2447, .F. ) ;
#1241 = CARTESIAN_POINT ( 'NONE',  ( -0.3202023231309393814, 1.883289228466591636, 0.4614674784254075290 ) ) ;
#1242 = CARTESIAN_POINT ( 'NONE',  ( 0.05222656846703358641, 1.040979925931208472, 1.007493389357672964 ) ) ;
#1243 = ORIENTED_EDGE ( 'NONE', *, *, #1316, .F. ) ;
#1244 = CARTESIAN_POINT ( 'NONE',  ( 0.8965494455442727384, 1.926334100157303553, -1.053839679017039677 ) ) ;
#1245 = B_SPLINE_SURFACE_WITH_KNOTS ( 'NONE', 5, 1, ( 
 ( #3093, #3478 ),
 ( #1758, #4342 ),
 ( #3023, #1795 ),
 ( #1422, #578 ),
 ( #986, #3988 ),
 ( #4815, #3575 ),
 ( #4375, #4842 ),
 ( #4784, #2315 ),
 ( #2296, #2679 ),
 ( #2750, #5216 ),
 ( #1829, #227 ),
 ( #156, #2735 ),
 ( #4796, #1026 ),
 ( #3112, #1904 ),
 ( #5255, #1474 ),
 ( #1060, #4413 ),
 ( #187, #1041 ) ),
 .UNSPECIFIED., .F., .F., .F.,
 ( 6, 1, 1, 1, 1, 1, 1, 1, 1, 1, 1, 1, 6 ),
 ( 2, 2 ),
 ( -1.000000000000000000, -0.9333333333333330151, -0.8666666666666670293, -0.8000000000000000444, -0.7333333333333329485, -0.6666666666666669627, -0.5999999999999999778, -0.5333333333333329929, -0.4666666666666670071, -0.4000000000000000222, -0.3333333333333329818, -0.2666666666666669960, -0.2136309069195140020 ),
 ( -0.6999999999999999556, 0.6999999999999999556 ),
 .UNSPECIFIED. ) ;
#1246 = DIRECTION ( 'NONE',  ( 0.0000000000000000000, 0.0000000000000000000, -1.000000000000000000 ) ) ;
#1247 = CARTESIAN_POINT ( 'NONE',  ( -0.8781498191675235487, 1.061028180799972853, -0.4747190376841306514 ) ) ;
#1248 = DIRECTION ( 'NONE',  ( 0.0000000000000000000, -1.000000000000000000, -2.220446049250310369E-16 ) ) ;
#1249 = CARTESIAN_POINT ( 'NONE',  ( -0.9739158402199099562, 1.844955220324026701, -0.9764746994034678718 ) ) ;
#1250 = CARTESIAN_POINT ( 'NONE',  ( 0.09632897147929531112, 2.171019139527381459, 0.04586075897053423778 ) ) ;
#1251 = CARTESIAN_POINT ( 'NONE',  ( -0.1974893996255737694, 2.080766179256611004, -2.540220661462797885E-08 ) ) ;
#1252 = CARTESIAN_POINT ( 'NONE',  ( -0.1112211799719774463, 1.926334100157303553, -0.6895669545360648689 ) ) ;
#1253 = B_SPLINE_SURFACE_WITH_KNOTS ( 'NONE', 5, 1, ( 
 ( #4662, #3382 ),
 ( #4675, #1754 ),
 ( #4688, #48 ),
 ( #3036, #4225 ),
 ( #4241, #7 ),
 ( #1702, #5127 ),
 ( #906, #453 ),
 ( #892, #436 ),
 ( #1323, #2125 ),
 ( #3856, #1344 ),
 ( #4298, #3421 ),
 ( #2175, #5143 ),
 ( #831, #2607 ),
 ( #1683, #4646 ),
 ( #2106, #1808 ) ),
 .UNSPECIFIED., .F., .F., .F.,
 ( 6, 1, 1, 1, 1, 1, 1, 1, 1, 1, 6 ),
 ( 2, 2 ),
 ( -1.000000000000000000, -0.9000000000000000222, -0.8000000000000000444, -0.6999999999999999556, -0.5999999999999999778, -0.5000000000000000000, -0.4000000000000000222, -0.2999999999999999889, -0.2000000000000000111, -0.1000000000000000056, 0.0000000000000000000 ),
 ( 0.0000000000000000000, 6.200000000000000178 ),
 .UNSPECIFIED. ) ;
#1254 = ADVANCED_FACE ( 'NONE', ( #2530 ), #1732, .T. ) ;
#1255 = CARTESIAN_POINT ( 'NONE',  ( 1.379133150736683966, 1.848849985279380936, -0.06846346404281221376 ) ) ;
#1256 = EDGE_CURVE ( 'NONE', #1498, #1845, #1414, .T. ) ;
#1257 = CARTESIAN_POINT ( 'NONE',  ( 0.2223200239450916216, 1.939796410036158436, -2.540220655422743912E-08 ) ) ;
#1258 = ORIENTED_EDGE ( 'NONE', *, *, #243, .T. ) ;
#1259 = EDGE_CURVE ( 'NONE', #5307, #3528, #4974, .T. ) ;
#1260 = AXIS2_PLACEMENT_3D ( 'NONE', #3644, #4451, #2319 ) ;
#1261 = SURFACE_STYLE_USAGE ( .BOTH. , #1708 ) ;
#1262 = CARTESIAN_POINT ( 'NONE',  ( 0.01711822645371354271, 1.250278702916448825, 1.007493389357672964 ) ) ;
#1263 = CARTESIAN_POINT ( 'NONE',  ( -0.03090503641132319110, 1.892061177074431333, -0.03090435428249713526 ) ) ;
#1264 = CARTESIAN_POINT ( 'NONE',  ( -0.05974230097528663436, 1.336652449259916997, 0.2208584865274124398 ) ) ;
#1265 = CARTESIAN_POINT ( 'NONE',  ( 0.1112197649099122138, 1.926334100157303553, 0.1926394837073241162 ) ) ;
#1266 = CARTESIAN_POINT ( 'NONE',  ( -1.389870663509346131E-17, 0.1194895853028176552, -9.681346450390296008E-17 ) ) ;
#1267 = DIRECTION ( 'NONE',  ( 0.0000000000000000000, 0.0000000000000000000, 1.000000000000000000 ) ) ;
#1268 = ADVANCED_FACE ( 'NONE', ( #4647 ), #336, .T. ) ;
#1269 = CARTESIAN_POINT ( 'NONE',  ( 0.04003601203086783883, 2.171019139527381903, 0.09882906635554557229 ) ) ;
#1270 = CARTESIAN_POINT ( 'NONE',  ( -0.1374215863808760374, 2.155111100308018557, -0.1374209042520499746 ) ) ;
#1271 = DIRECTION ( 'NONE',  ( -0.0000000000000000000, -1.000000000000000000, -2.220446049250310123E-16 ) ) ;
#1272 = VECTOR ( 'NONE', #1112, 39.37007874015748143 ) ;
#1273 = DIRECTION ( 'NONE',  ( 4.869933132958959690E-11, -1.000000000000000000, -1.327868774048510007E-24 ) ) ;
#1274 = CARTESIAN_POINT ( 'NONE',  ( -0.5617130577508612221, 1.841424366017939240, -0.004511769168571579114 ) ) ;
#1275 = LINE ( 'NONE', #4845, #1789 ) ;
#1276 =( GEOMETRIC_REPRESENTATION_CONTEXT ( 3 ) GLOBAL_UNCERTAINTY_ASSIGNED_CONTEXT ( ( #1383 ) ) GLOBAL_UNIT_ASSIGNED_CONTEXT ( ( #1823, #1412, #2200 ) ) REPRESENTATION_CONTEXT ( 'NONE', 'WORKASPACE' ) );
#1277 = FACE_OUTER_BOUND ( 'NONE', #2317, .T. ) ;
#1278 = ORIENTED_EDGE ( 'NONE', *, *, #5135, .F. ) ;
#1279 = CARTESIAN_POINT ( 'NONE',  ( -1.136823209280468427, 1.788845715188376984, -0.5618274767840585326 ) ) ;
#1280 = DIRECTION ( 'NONE',  ( 0.0000000000000000000, 1.000000000000000000, 2.220446049250310123E-16 ) ) ;
#1281 = LINE ( 'NONE', #3847, #4515 ) ;
#1282 = DIRECTION ( 'NONE',  ( 0.0000000000000000000, 1.000000000000000000, 2.220446049250310369E-16 ) ) ;
#1283 = CARTESIAN_POINT ( 'NONE',  ( -7.075310326648127823E-07, 1.924745851044262768, 0.1125767730379180903 ) ) ;
#1284 = ADVANCED_FACE ( 'NONE', ( #3838 ), #901, .T. ) ;
#1285 = CARTESIAN_POINT ( 'NONE',  ( -0.1137733912715557238, 2.169627812087729701, -2.540220657281538193E-08 ) ) ;
#1286 = EDGE_CURVE ( 'NONE', #5307, #5072, #1865, .T. ) ;
#1287 = LENGTH_MEASURE_WITH_UNIT ( LENGTH_MEASURE( 0.02539999999999999897 ), #4367 );
#1288 = DIRECTION ( 'NONE',  ( 0.0000000000000000000, -1.000000000000000000, -2.220446049250309876E-16 ) ) ;
#1289 = FACE_BOUND ( 'NONE', #5314, .T. ) ;
#1290 = CARTESIAN_POINT ( 'NONE',  ( -7.075310326792870931E-07, 2.142638581168790690, -0.1531039797252555512 ) ) ;
#1291 = ORIENTED_EDGE ( 'NONE', *, *, #5338, .F. ) ;
#1292 = CARTESIAN_POINT ( 'NONE',  ( -0.09112936575364743996, 1.872820177874507275, -0.2029948608532425036 ) ) ;
#1293 = CARTESIAN_POINT ( 'NONE',  ( -0.02695695497679709979, 1.767981565922491782, 1.379133832865509834 ) ) ;
#1294 = VERTEX_POINT ( 'NONE', #3410 ) ;
#1295 = CARTESIAN_POINT ( 'NONE',  ( 0.1974879845635083842, 2.080766179256611004, -2.540220655268495904E-08 ) ) ;
#1296 = CARTESIAN_POINT ( 'NONE',  ( -0.9597414141118537634, 1.870822151696355906, 0.9906490747071110547 ) ) ;
#1297 = DIRECTION ( 'NONE',  ( 0.0000000000000000000, 1.000000000000000000, 2.220446049250310369E-16 ) ) ;
#1298 = CARTESIAN_POINT ( 'NONE',  ( -7.075310326961039793E-07, 1.948578194645492534, 0.2220560892099173178 ) ) ;
#1299 = DIMENSIONAL_EXPONENTS ( 1.000000000000000000, 0.0000000000000000000, 0.0000000000000000000, 0.0000000000000000000, 0.0000000000000000000, 0.0000000000000000000, 0.0000000000000000000 ) ;
#1300 = DIRECTION ( 'NONE',  ( -0.8660254037844432595, 0.0000000000000000000, -0.4999999999999919509 ) ) ;
#1301 = CARTESIAN_POINT ( 'NONE',  ( -0.02378419031641929721, 1.809452956282948666, -0.5612806259442293388 ) ) ;
#1302 = SHAPE_REPRESENTATION ( 'EDF1', ( #477 ), #1276 ) ;
#1303 = CARTESIAN_POINT ( 'NONE',  ( -7.075310325831434537E-07, 1.789862635970363547, -0.2224409702840963177 ) ) ;
#1304 = CARTESIAN_POINT ( 'NONE',  ( -7.075310327023790111E-07, 2.054691988635170219, 0.2070766599749188919 ) ) ;
#1305 = CARTESIAN_POINT ( 'NONE',  ( -0.1512814446409364300, 1.283469125681860667, -0.1321171896295783299 ) ) ;
#1306 = DIRECTION ( 'NONE',  ( 0.0000000000000000000, 1.000000000000000000, 2.220446049250310123E-16 ) ) ;
#1307 = CARTESIAN_POINT ( 'NONE',  ( -0.8781498191675235487, 1.061028180799972853, -0.4747190376841306514 ) ) ;
#1308 = CARTESIAN_POINT ( 'NONE',  ( 0.1246902265564084622, 2.163452667595270551, -2.540220663198866688E-08 ) ) ;
#1309 = CARTESIAN_POINT ( 'NONE',  ( -1.013237360665312226, 1.781347149670130747, 0.9371531281536525926 ) ) ;
#1310 = EDGE_LOOP ( 'NONE', ( #79, #3067, #5390, #3126 ) ) ;
#1311 = ADVANCED_FACE ( 'NONE', ( #1010 ), #3406, .T. ) ;
#1312 = AXIS2_PLACEMENT_3D ( 'NONE', #3489, #953, #4695 ) ;
#1313 = CARTESIAN_POINT ( 'NONE',  ( -7.075310326531166337E-07, 2.171019139527382347, 0.09550545659201030435 ) ) ;
#1314 = CARTESIAN_POINT ( 'NONE',  ( -0.2206255237649346612, 1.976823799906982204, -2.540220662013861970E-08 ) ) ;
#1315 = DIRECTION ( 'NONE',  ( 0.0000000000000000000, 0.0000000000000000000, 1.000000000000000000 ) ) ;
#1316 = EDGE_CURVE ( 'NONE', #4562, #878, #2409, .T. ) ;
#1317 = CARTESIAN_POINT ( 'NONE',  ( -7.075314470923887867E-07, 1.846439661106183516, -0.2224409702840965120 ) ) ;
#1318 = UNCERTAINTY_MEASURE_WITH_UNIT (LENGTH_MEASURE( 1.000000000000000082E-05 ), #560, 'distance_accuracy_value', 'NONE');
#1319 = CARTESIAN_POINT ( 'NONE',  ( 0.1852656470690216828, 2.104083014838995958, -2.540220656360736286E-08 ) ) ;
#1320 = VERTEX_POINT ( 'NONE', #3774 ) ;
#1321 = DIRECTION ( 'NONE',  ( -0.8660254037844433705, 1.597817520535775346E-16, -0.4999999999999919509 ) ) ;
#1322 = CARTESIAN_POINT ( 'NONE',  ( 0.1531032467920162843, 2.142638581168790690, -2.540220659813082768E-08 ) ) ;
#1323 = CARTESIAN_POINT ( 'NONE',  ( -0.06366833239432406755, 1.870764955127810936, -0.06366765026549801865 ) ) ;
#1324 = CARTESIAN_POINT ( 'NONE',  ( -7.075310326571755097E-07, 1.846439661105714114, -0.5616634112289777825 ) ) ;
#1325 = CARTESIAN_POINT ( 'NONE',  ( -0.1773125086052530774, 1.228900754679353557, -0.1281285265920479588 ) ) ;
#1326 = CARTESIAN_POINT ( 'NONE',  ( -0.5505420461137099375, 1.926334100157303553, 0.1112204470387382627 ) ) ;
#1327 = AXIS2_PLACEMENT_3D ( 'NONE', #4257, #1288, #4234 ) ;
#1328 = CARTESIAN_POINT ( 'NONE',  ( -0.2220568221431563072, 1.948578194645492756, -0.2220561400143302999 ) ) ;
#1329 = CIRCLE ( 'NONE', #3132, 0.5905807086614173196 ) ;
#1330 = VERTEX_POINT ( 'NONE', #3664 ) ;
#1331 = DIRECTION ( 'NONE',  ( 0.0000000000000000000, -2.803690145631479487E-16, 1.000000000000000000 ) ) ;
#1332 = CYLINDRICAL_SURFACE ( 'NONE', #504, 0.2224409448818897572 ) ;
#1333 = SHAPE_REPRESENTATION ( 'EDF', ( #1054, #2858, #3252, #751 ), #1348 ) ;
#1334 = ADVANCED_FACE ( 'NONE', ( #725 ), #2292, .T. ) ;
#1335 = EDGE_LOOP ( 'NONE', ( #3297, #1594, #1759, #183 ) ) ;
#1336 = CARTESIAN_POINT ( 'NONE',  ( 0.1531032467920162565, 2.142638581168790690, 0.1531039289208423193 ) ) ;
#1337 = CARTESIAN_POINT ( 'NONE',  ( 0.5199766936651886162, 1.061028180799971965, -0.2937861382013867151 ) ) ;
#1338 = LINE ( 'NONE', #3222, #1844 ) ;
#1339 = CARTESIAN_POINT ( 'NONE',  ( -0.1109114633299945751, 1.900406239303865208, -0.1928255455447264177 ) ) ;
#1340 = SHAPE_DEFINITION_REPRESENTATION ( #46, #1333 ) ;
#1341 = DIRECTION ( 'NONE',  ( -2.350287727802129971E-15, -1.000000000000000000, -1.356939252319640220E-15 ) ) ;
#1342 = ORIENTED_EDGE ( 'NONE', *, *, #4448, .T. ) ;
#1343 = CARTESIAN_POINT ( 'NONE',  ( -7.075310326696262588E-07, 2.124651801044000532, 0.1704185380101568559 ) ) ;
#1344 = CARTESIAN_POINT ( 'NONE',  ( 0.9006770627609091973, 1.889608691730187973, -1.049712061800403440 ) ) ;
#1345 = CARTESIAN_POINT ( 'NONE',  ( 0.004344224998119917275, 1.851508584093075616, 0.5617212369030973873 ) ) ;
#1346 = EDGE_LOOP ( 'NONE', ( #940, #4042, #5417 ) ) ;
#1347 = EDGE_LOOP ( 'NONE', ( #813, #103 ) ) ;
#1348 =( GEOMETRIC_REPRESENTATION_CONTEXT ( 3 ) GLOBAL_UNCERTAINTY_ASSIGNED_CONTEXT ( ( #309 ) ) GLOBAL_UNIT_ASSIGNED_CONTEXT ( ( #99, #1515, #4870 ) ) REPRESENTATION_CONTEXT ( 'NONE', 'WORKASPACE' ) );
#1349 = CARTESIAN_POINT ( 'NONE',  ( 1.379133150736683966, 1.926437203932589215, -0.1085574865139604106 ) ) ;
#1350 = VECTOR ( 'NONE', #1752, 39.37007874015748143 ) ;
#1351 = CARTESIAN_POINT ( 'NONE',  ( -7.075310326283305439E-07, 1.976823799906982204, -0.2206248416361085984 ) ) ;
#1352 = EDGE_LOOP ( 'NONE', ( #4185, #1415 ) ) ;
#1353 = SHAPE_REPRESENTATION_RELATIONSHIP ( 'NONE' , 'NONE' ,  #4946, #4154 ) ;
#1354 = CARTESIAN_POINT ( 'NONE',  ( -0.2067485119556105866, 1.863196533952795386, 0.08222408520586992065 ) ) ;
#1355 = EDGE_CURVE ( 'NONE', #2532, #2721, #4502, .T. ) ;
#1356 = CARTESIAN_POINT ( 'NONE',  ( -7.075310326648127823E-07, 1.908269080859285927, 0.06358127541436156549 ) ) ;
#1357 = ORIENTED_EDGE ( 'NONE', *, *, #3789, .T. ) ;
#1358 = CARTESIAN_POINT ( 'NONE',  ( 0.1923743701711677634, 1.265049474474131852, -0.06042260559584197027 ) ) ;
#1359 = DIRECTION ( 'NONE',  ( 0.0000000000000000000, 1.000000000000000000, 0.0000000000000000000 ) ) ;
#1360 = CARTESIAN_POINT ( 'NONE',  ( 0.1986988685981809777, 1.735367123164420544, -0.1006329469507854790 ) ) ;
#1361 = CARTESIAN_POINT ( 'NONE',  ( -7.075310326525524039E-07, 2.171019139527382347, 0.1001123594018687724 ) ) ;
#1362 = CARTESIAN_POINT ( 'NONE',  ( -7.075310327039542807E-07, 1.998941422088291731, 0.2184838468190220262 ) ) ;
#1363 = CARTESIAN_POINT ( 'NONE',  ( 0.6549762513983330425, 0.7471947922294190914, 2.909169997226893400 ) ) ;
#1364 = EDGE_CURVE ( 'NONE', #748, #1128, #4959, .T. ) ;
#1365 = EDGE_CURVE ( 'NONE', #17, #5010, #3648, .T. ) ;
#1366 = CARTESIAN_POINT ( 'NONE',  ( 0.03802468301244779636, 1.048988571287568616, 0.5738328015162633688 ) ) ;
#1367 = CARTESIAN_POINT ( 'NONE',  ( 0.1963044072801256312, 1.116638417020444862, -0.09810377062387347358 ) ) ;
#1368 = CARTESIAN_POINT ( 'NONE',  ( 1.379133150736683966, 1.870822151696355906, -0.02185556006178855995 ) ) ;
#1369 = ORIENTED_EDGE ( 'NONE', *, *, #1634, .F. ) ;
#1370 = CARTESIAN_POINT ( 'NONE',  ( -0.1134766623270483804, 1.923150968704958608, -0.5500812822317602269 ) ) ;
#1371 = DIRECTION ( 'NONE',  ( 1.000000000000000000, 4.869931427294231357E-11, 0.0000000000000000000 ) ) ;
#1372 = CARTESIAN_POINT ( 'NONE',  ( -7.075310327192208849E-07, 2.171019139527382791, -0.1102808611880090189 ) ) ;
#1373 = CARTESIAN_POINT ( 'NONE',  ( 0.4003801889978131356, 1.841424366017939906, -0.3940003527067078570 ) ) ;
#1374 = ORIENTED_EDGE ( 'NONE', *, *, #2627, .F. ) ;
#1375 = CARTESIAN_POINT ( 'NONE',  ( 0.2224402373508570230, 1.926334100157303331, -0.2224409702840963177 ) ) ;
#1376 = CARTESIAN_POINT ( 'NONE',  ( -0.2206255237649346057, 1.976823799906981982, 0.2206247908316953665 ) ) ;
#1377 =( LENGTH_UNIT ( ) NAMED_UNIT ( * ) SI_UNIT ( $, .METRE. ) );
#1378 = B_SPLINE_CURVE_WITH_KNOTS ( 'NONE', 3,
 ( #146, #2685, #4525, #297, #3142, #2430, #5369, #3273, #4536, #3994, #1580, #4942, #311, #5387, #1181, #2833, #2007, #4963, #2286, #2698 ),
 .UNSPECIFIED., .F., .F.,
 ( 4, 2, 2, 2, 2, 2, 2, 2, 2, 4 ),
 ( 0.0000000000000000000, 0.0002616034324524528715, 0.0005232068649049057430, 0.001046413729809831652, 0.001569620594714757778, 0.002092827459619683254, 0.003139241189429535506, 0.004185654919239387324, 0.006278482378859093563, 0.008371309838478800669 ),
 .UNSPECIFIED. ) ;
#1379 = SURFACE_STYLE_USAGE ( .BOTH. , #3888 ) ;
#1380 = CARTESIAN_POINT ( 'NONE',  ( 1.379133150736683966, 1.712158471848197250, 0.1052743420661211571 ) ) ;
#1381 = CARTESIAN_POINT ( 'NONE',  ( -0.2142073067522386465, 2.026044938440203502, 0.2142065738189994073 ) ) ;
#1382 = AXIS2_PLACEMENT_3D ( 'NONE', #2687, #3125, #1036 ) ;
#1383 = UNCERTAINTY_MEASURE_WITH_UNIT (LENGTH_MEASURE( 1.000000000000000082E-05 ), #1823, 'distance_accuracy_value', 'NONE');
#1384 = CARTESIAN_POINT ( 'NONE',  ( -0.2195902491843406690, 1.760194493157262619, -0.03716944619759241647 ) ) ;
#1385 = ADVANCED_FACE ( 'NONE', ( #4259, #1289, #3975, #152, #2131 ), #216, .T. ) ;
#1386 = EDGE_CURVE ( 'NONE', #1197, #3775, #3767, .T. ) ;
#1387 = CARTESIAN_POINT ( 'NONE',  ( -7.075310326648127823E-07, 1.919415172244245849, 0.08147140799255014887 ) ) ;
#1388 = CARTESIAN_POINT ( 'NONE',  ( -0.01605610571396409378, 1.168806975333921860, 0.2285299370756633808 ) ) ;
#1389 = CARTESIAN_POINT ( 'NONE',  ( -0.4603342086492532848, 1.925149903294516962, -0.3218689191207860234 ) ) ;
#1390 = CARTESIAN_POINT ( 'NONE',  ( 0.08671425474403840483, 1.867940490486980298, 0.5549473919217714490 ) ) ;
#1391 = CARTESIAN_POINT ( 'NONE',  ( 0.2224402373508570785, 1.926334100157303553, -2.540220655747550938E-08 ) ) ;
#1392 = CARTESIAN_POINT ( 'NONE',  ( -0.06762261361060013798, 1.926107550777170774, 0.2120254776047987288 ) ) ;
#1393 = CARTESIAN_POINT ( 'NONE',  ( 0.2142058916901733723, 2.026044938440203946, -2.540220654353364816E-08 ) ) ;
#1394 =( LENGTH_UNIT ( ) NAMED_UNIT ( * ) SI_UNIT ( $, .METRE. ) );
#1395 = CARTESIAN_POINT ( 'NONE',  ( 0.1926388015784979701, 1.926334100157303553, -0.1112204978431514668 ) ) ;
#1396 = CIRCLE ( 'NONE', #2526, 0.7053602362204725029 ) ;
#1397 = DIRECTION ( 'NONE',  ( 0.0000000000000000000, 1.000000000000000000, 0.0000000000000000000 ) ) ;
#1398 = FACE_OUTER_BOUND ( 'NONE', #5360, .T. ) ;
#1399 = AXIS2_PLACEMENT_3D ( 'NONE', #5470, #4255, #2941 ) ;
#1400 = CIRCLE ( 'NONE', #1987, 0.7053602362204725029 ) ;
#1401 = CARTESIAN_POINT ( 'NONE',  ( -0.1985288882199712224, 1.711469513685656807, -0.1010210194785313292 ) ) ;
#1402 = LINE ( 'NONE', #3288, #263 ) ;
#1403 = EDGE_CURVE ( 'NONE', #1128, #4958, #517, .T. ) ;
#1404 = DIRECTION ( 'NONE',  ( 4.869933132958959690E-11, -1.000000000000000000, -1.327868774048510007E-24 ) ) ;
#1405 = VERTEX_POINT ( 'NONE', #2408 ) ;
#1406 = DIRECTION ( 'NONE',  ( 3.552713499836681594E-15, 0.0000000000000000000, 1.000000000000000000 ) ) ;
#1407 = CARTESIAN_POINT ( 'NONE',  ( -0.2275460750120815445, 2.169627812087729257, -0.1137727091427309656 ) ) ;
#1408 = ORIENTED_EDGE ( 'NONE', *, *, #2226, .F. ) ;
#1409 = CYLINDRICAL_SURFACE ( 'NONE', #2662, 0.2669291338582677198 ) ;
#1410 = CARTESIAN_POINT ( 'NONE',  ( -7.075310326364059442E-07, 1.935347466138263250, -0.2223976035085244995 ) ) ;
#1411 = LINE ( 'NONE', #4160, #4329 ) ;
#1412 =( NAMED_UNIT ( * ) PLANE_ANGLE_UNIT ( ) SI_UNIT ( $, .RADIAN. ) );
#1413 = B_SPLINE_CURVE_WITH_KNOTS ( 'NONE', 3,
 ( #3418, #2533, #1769, #45, #4, #3830, #4294, #5067, #2587, #904 ),
 .UNSPECIFIED., .F., .F.,
 ( 4, 3, 3, 4 ),
 ( 6.992893892674702526E-18, 0.0003707701433861657092, 0.0007415405343260358419, 0.001425759770392978762 ),
 .UNSPECIFIED. ) ;
#1414 = CIRCLE ( 'NONE', #5197, 0.1137726837405231284 ) ;
#1415 = ORIENTED_EDGE ( 'NONE', *, *, #829, .F. ) ;
#1416 = CARTESIAN_POINT ( 'NONE',  ( -0.07007781131425699916, 2.171019139527382347, -0.08045125315469320304 ) ) ;
#1417 = CARTESIAN_POINT ( 'NONE',  ( 0.01951088062709096030, 1.092134742659130131, 0.5748457515623975889 ) ) ;
#1418 = CARTESIAN_POINT ( 'NONE',  ( -0.07441482816513175780, 1.724883122525788126, -0.2103486336569602155 ) ) ;
#1419 = ORIENTED_EDGE ( 'NONE', *, *, #1209, .F. ) ;
#1420 = PRESENTATION_LAYER_ASSIGNMENT (  '', '', ( #2711 ) ) ;
#1421 = PRODUCT ( 'EDF', 'EDF', '', ( #1934 ) ) ;
#1422 = CARTESIAN_POINT ( 'NONE',  ( 0.2886905306629984902, 1.071509080551111825, -0.3400498849011340807 ) ) ;
#1423 = CARTESIAN_POINT ( 'NONE',  ( 0.5551825104001330002, 1.920616772260015370, -0.08531187406918143423 ) ) ;
#1424 = EDGE_CURVE ( 'NONE', #1544, #5085, #5160, .T. ) ;
#1425 = CARTESIAN_POINT ( 'NONE',  ( 0.1988050081009792025, 1.883278821073176346, -0.09987446631143979958 ) ) ;
#1426 = CARTESIAN_POINT ( 'NONE',  ( -0.05576021715101463216, 1.339079361902335119, 0.5721185508870284542 ) ) ;
#1427 = CARTESIAN_POINT ( 'NONE',  ( -1.389870663509345823E-17, 0.2084659632555735664, -7.705673981372306633E-17 ) ) ;
#1428 = CARTESIAN_POINT ( 'NONE',  ( -0.2226108157255641262, 1.850334931845765363, 0.003291809984192455539 ) ) ;
#1429 = EDGE_CURVE ( 'NONE', #2444, #495, #4922, .T. ) ;
#1430 = VERTEX_POINT ( 'NONE', #1577 ) ;
#1431 = CARTESIAN_POINT ( 'NONE',  ( -0.04003719019799457934, 2.171019139527382347, -0.09882921097402297406 ) ) ;
#1432 = EDGE_CURVE ( 'NONE', #475, #210, #1654, .T. ) ;
#1433 = CARTESIAN_POINT ( 'NONE',  ( 0.08109406719126119323, 1.921271663787443851, -0.08109480012450046016 ) ) ;
#1434 = PRESENTATION_LAYER_ASSIGNMENT (  '', '', ( #1150 ) ) ;
#1435 = CARTESIAN_POINT ( 'NONE',  ( -0.2220568221431566402, 1.948578194645492978, -2.540220661494655588E-08 ) ) ;
#1436 = CARTESIAN_POINT ( 'NONE',  ( -0.06846414617163826266, 1.848849985279380936, -1.379133883669923177 ) ) ;
#1437 = CARTESIAN_POINT ( 'NONE',  ( 0.8671007984598713136, 1.066873195482336278, -0.4933369537399348026 ) ) ;
#1438 = EDGE_LOOP ( 'NONE', ( #4588, #4161, #934, #3825, #715, #4771, #3712, #2020 ) ) ;
#1439 = CARTESIAN_POINT ( 'NONE',  ( 0.05094816159320329080, 0.2084659632555735109, 0.08314270855328105558 ) ) ;
#1440 = CARTESIAN_POINT ( 'NONE',  ( 0.2148464904132594000, 1.743532877951959215, 0.05866695152059538121 ) ) ;
#1441 = CARTESIAN_POINT ( 'NONE',  ( -0.03219370146523180265, 1.880692203653578032, -0.5608005796200501436 ) ) ;
#1442 = CARTESIAN_POINT ( 'NONE',  ( -0.02654046794486088559, 1.327699059577779339, 0.5742513976945908816 ) ) ;
#1443 = CARTESIAN_POINT ( 'NONE',  ( 0.1112197649099122276, 1.703893155275413740, -0.1926395345117372371 ) ) ;
#1444 = CARTESIAN_POINT ( 'NONE',  ( 0.8889719045505359851, 1.283469125681862666, -0.4554550867731761432 ) ) ;
#1445 = CARTESIAN_POINT ( 'NONE',  ( 0.2224369422182544409, 1.930860030043399789, -2.540220655633239871E-08 ) ) ;
#1446 = CARTESIAN_POINT ( 'NONE',  ( 0.2052202855932906689, 1.920083449312249835, 0.08605614938891405219 ) ) ;
#1447 = APPLICATION_CONTEXT ( 'automotive_design' ) ;
#1448 = CARTESIAN_POINT ( 'NONE',  ( -0.06439466964525249193, 2.171019139527381459, -0.08506782460776833588 ) ) ;
#1449 = ORIENTED_EDGE ( 'NONE', *, *, #3429, .T. ) ;
#1450 = AXIS2_PLACEMENT_3D ( 'NONE', #4408, #1051, #643 ) ;
#1451 = CARTESIAN_POINT ( 'NONE',  ( -0.02185624219061454640, 1.870822151696355906, -1.379133883669923177 ) ) ;
#1452 = CARTESIAN_POINT ( 'NONE',  ( 0.1932294387694242221, 1.926373710395649974, -0.1101974265426456101 ) ) ;
#1453 = CARTESIAN_POINT ( 'NONE',  ( -0.1112211799719773214, 1.926334100157303553, -1.379133883669923177 ) ) ;
#1454 = CARTESIAN_POINT ( 'NONE',  ( 0.8705426891634878706, 1.116638417020445306, -0.4873754241671710563 ) ) ;
#1455 = DIRECTION ( 'NONE',  ( -0.0000000000000000000, -1.000000000000000000, -2.220446049250309876E-16 ) ) ;
#1456 = EDGE_LOOP ( 'NONE', ( #1731, #2709 ) ) ;
#1457 = CARTESIAN_POINT ( 'NONE',  ( 0.04452439204534189288, 1.032529751913350502, 0.2067059877828699155 ) ) ;
#1458 = CARTESIAN_POINT ( 'NONE',  ( -7.075310326648127823E-07, 1.926334100157303553, -2.540220658365646729E-08 ) ) ;
#1459 = CARTESIAN_POINT ( 'NONE',  ( -0.4002699524989417612, 1.851508584093073839, -0.3941246078597926972 ) ) ;
#1460 = LINE ( 'NONE', #3444, #4305 ) ;
#1461 = CARTESIAN_POINT ( 'NONE',  ( 0.5904307277232482276, 1.784288654189319701, -0.3394450320659760378 ) ) ;
#1462 = VERTEX_POINT ( 'NONE', #3267 ) ;
#1463 = CARTESIAN_POINT ( 'NONE',  ( 0.8858766029654844276, 1.265049474474133628, -0.4608163063832348416 ) ) ;
#1464 = DIRECTION ( 'NONE',  ( 0.0000000000000000000, -1.000000000000000000, -2.220446049250309876E-16 ) ) ;
#1465 = CARTESIAN_POINT ( 'NONE',  ( -0.1614055532003164928, 1.840031841043712202, 0.1533137044077503564 ) ) ;
#1466 = ORIENTED_EDGE ( 'NONE', *, *, #3598, .T. ) ;
#1467 = AXIS2_PLACEMENT_3D ( 'NONE', #5355, #1157, #2821 ) ;
#1468 =( NAMED_UNIT ( * ) PLANE_ANGLE_UNIT ( ) SI_UNIT ( $, .RADIAN. ) );
#1469 = VECTOR ( 'NONE', #161, 39.37007874015748143 ) ;
#1470 = CARTESIAN_POINT ( 'NONE',  ( -0.02185624219061479273, 1.870822151696355906, -2.540220661385222571E-08 ) ) ;
#1471 = EDGE_LOOP ( 'NONE', ( #5179, #595, #3357, #4956, #1537, #1954 ) ) ;
#1472 = CARTESIAN_POINT ( 'NONE',  ( -0.4497066889203598650, 1.747078126644263429, 0.3368954378831993113 ) ) ;
#1473 = CARTESIAN_POINT ( 'NONE',  ( -0.0001499809305421123836, 1.292416745410849499, 0.5748457515623975889 ) ) ;
#1474 = CARTESIAN_POINT ( 'NONE',  ( 0.2760869609910323041, 1.116215251157204547, 0.02682053977951317017 ) ) ;
#1475 = CYLINDRICAL_SURFACE ( 'NONE', #2595, 0.5616633858267716661 ) ;
#1476 = CARTESIAN_POINT ( 'NONE',  ( -0.2142410066041150751, 1.926372906733586632, -0.05985360703108762864 ) ) ;
#1477 = ORIENTED_EDGE ( 'NONE', *, *, #2437, .F. ) ;
#1478 = LINE ( 'NONE', #5286, #4906 ) ;
#1479 = ORIENTED_EDGE ( 'NONE', *, *, #4063, .T. ) ;
#1480 = CARTESIAN_POINT ( 'NONE',  ( -7.075310326648127823E-07, 2.159897092283287634, -2.540220658365646729E-08 ) ) ;
#1481 = CIRCLE ( 'NONE', #5322, 0.02268237145657622453 ) ;
#1482 = DIRECTION ( 'NONE',  ( 0.5927749789987979412, 2.169095748790058318E-16, -0.8053681296605761375 ) ) ;
#1483 = ORIENTED_EDGE ( 'NONE', *, *, #3347, .F. ) ;
#1484 = CARTESIAN_POINT ( 'NONE',  ( -1.389870663509346131E-17, 0.4189173647663950173, -3.032714150933364196E-17 ) ) ;
#1485 = CARTESIAN_POINT ( 'NONE',  ( 0.1974879845635083842, 2.080766179256611004, -2.540220742124583098E-08 ) ) ;
#1486 = DIRECTION ( 'NONE',  ( 0.0000000000000000000, 0.0000000000000000000, 1.000000000000000000 ) ) ;
#1487 = CARTESIAN_POINT ( 'NONE',  ( 0.1770476775251243473, 1.116736035082355860, -0.08696921597078155486 ) ) ;
#1488 = CARTESIAN_POINT ( 'NONE',  ( 0.08448620467816599089, 1.723836302417243171, -2.540220659431743572E-08 ) ) ;
#1489 = CARTESIAN_POINT ( 'NONE',  ( -0.4923439267053952850, 1.283469125681861334, -0.2776591696974409773 ) ) ;
#1490 = DIRECTION ( 'NONE',  ( 0.0000000000000000000, 0.0000000000000000000, 1.000000000000000000 ) ) ;
#1491 = CARTESIAN_POINT ( 'NONE',  ( -0.07439123606578898484, 1.878136451747053126, 0.2096887505905917215 ) ) ;
#1492 = ORIENTED_EDGE ( 'NONE', *, *, #1974, .F. ) ;
#1493 = CARTESIAN_POINT ( 'NONE',  ( 0.05546025528993021869, 1.005417944579500622, 0.5721185508870284542 ) ) ;
#1494 = CARTESIAN_POINT ( 'NONE',  ( -0.3031699290627941634, 1.062839266208811306, -0.3482363864036998602 ) ) ;
#1495 = EDGE_CURVE ( 'NONE', #2060, #3763, #1338, .T. ) ;
#1496 = CARTESIAN_POINT ( 'NONE',  ( 0.2040700237514392890, 1.745962934435861369, -0.09009172870268822297 ) ) ;
#1497 = CARTESIAN_POINT ( 'NONE',  ( 0.01194521704470887478, 1.264368748723623703, 0.2286654202897849264 ) ) ;
#1498 = VERTEX_POINT ( 'NONE', #5266 ) ;
#1499 = DIRECTION ( 'NONE',  ( 0.0000000000000000000, 0.0000000000000000000, 1.000000000000000000 ) ) ;
#1500 = CARTESIAN_POINT ( 'NONE',  ( -0.06995568275893793153, 1.883278821073176790, 0.2111987386939676303 ) ) ;
#1501 = CARTESIAN_POINT ( 'NONE',  ( -0.2220568221431565847, 1.948578194645492534, -2.540220661494781320E-08 ) ) ;
#1502 = VECTOR ( 'NONE', #1514, 39.37007874015748143 ) ;
#1503 = CARTESIAN_POINT ( 'NONE',  ( -0.08147214092578919375, 1.919415172244245849, -1.379133883669923177 ) ) ;
#1504 = CARTESIAN_POINT ( 'NONE',  ( -0.03767152082015613052, 2.171019139527382347, 0.09975513080636196073 ) ) ;
#1505 = AXIS2_PLACEMENT_3D ( 'NONE', #1894, #2320, #5290 ) ;
#1506 = DIRECTION ( 'NONE',  ( 0.0000000000000000000, -1.000000000000000000, -2.220446049250310369E-16 ) ) ;
#1507 = CARTESIAN_POINT ( 'NONE',  ( -0.5020990204912135768, 1.102210014530415227, -0.2600498029861414429 ) ) ;
#1508 = CARTESIAN_POINT ( 'NONE',  ( -0.4740136429070773705, 1.256574635901131609, -0.3074199799045538861 ) ) ;
#1509 = EDGE_CURVE ( 'NONE', #1087, #3196, #3677, .T. ) ;
#1510 = CARTESIAN_POINT ( 'NONE',  ( 0.02185482712854946302, 1.870822151696355906, -2.540220660849916608E-08 ) ) ;
#1511 = CARTESIAN_POINT ( 'NONE',  ( 0.03348223546569723680, 1.059149858589601312, 0.2067059877828699155 ) ) ;
#1512 = CARTESIAN_POINT ( 'NONE',  ( 0.2167719115565342747, 2.171019139527382347, 0.1083862841415768052 ) ) ;
#1513 = CARTESIAN_POINT ( 'NONE',  ( -0.1101981086714707986, 1.926373710395649974, -0.1932301717026640997 ) ) ;
#1514 = DIRECTION ( 'NONE',  ( 1.538867599656844900E-16, 0.0000000000000000000, -1.000000000000000000 ) ) ;
#1515 =( NAMED_UNIT ( * ) PLANE_ANGLE_UNIT ( ) SI_UNIT ( $, .RADIAN. ) );
#1516 = CARTESIAN_POINT ( 'NONE',  ( -0.01345202615525141997, 1.314167633684176995, 0.2285815316623671656 ) ) ;
#1517 = CARTESIAN_POINT ( 'NONE',  ( -0.2096894835238307941, 1.878136451747053348, -0.07439055393696394902 ) ) ;
#1518 = CARTESIAN_POINT ( 'NONE',  ( 0.001809161487681980188, 1.844955220324026701, -1.379133883669923177 ) ) ;
#1519 = CARTESIAN_POINT ( 'NONE',  ( -0.2215885539858330200, 1.960695240334310308, -2.540220661737535669E-08 ) ) ;
#1520 = CARTESIAN_POINT ( 'NONE',  ( 0.2484072088547718826, 1.108376274270923334, -0.1598232793860616119 ) ) ;
#1521 = DIRECTION ( 'NONE',  ( 0.4010817701850152850, -1.653203139791840709E-16, 0.9160422553710360072 ) ) ;
#1522 = VERTEX_POINT ( 'NONE', #2327 ) ;
#1523 = CARTESIAN_POINT ( 'NONE',  ( -0.0001499809324083955261, 1.839571487886584977, 0.006509137389169129123 ) ) ;
#1524 = CARTESIAN_POINT ( 'NONE',  ( -0.2889904925240874278, 1.071509080551111825, -0.3400498849011207581 ) ) ;
#1525 = ORIENTED_EDGE ( 'NONE', *, *, #1831, .F. ) ;
#1526 = LINE ( 'NONE', #1642, #2052 ) ;
#1527 = CARTESIAN_POINT ( 'NONE',  ( -1.432178778053151191, 1.861978219952485025, -0.7095052611706563761 ) ) ;
#1528 = PRESENTATION_STYLE_ASSIGNMENT (( #2037 ) ) ;
#1529 = CARTESIAN_POINT ( 'NONE',  ( -0.05362367043897698499, 1.247496292154596897, 1.007493389357672964 ) ) ;
#1530 = CARTESIAN_POINT ( 'NONE',  ( -7.075310327327264017E-07, 2.171019139527382347, 0.1083862841415768052 ) ) ;
#1531 = CARTESIAN_POINT ( 'NONE',  ( 0.05985287409785843005, 1.926372906733586854, -0.2142403244752862368 ) ) ;
#1532 = EDGE_CURVE ( 'NONE', #5279, #5030, #3268, .T. ) ;
#1533 = LINE ( 'NONE', #4867, #3869 ) ;
#1534 = EDGE_CURVE ( 'NONE', #5182, #1330, #8, .T. ) ;
#1535 = CIRCLE ( 'NONE', #1658, 0.2224409448818897572 ) ;
#1536 = CARTESIAN_POINT ( 'NONE',  ( -7.075310326648127823E-07, 1.926334100157303553, -2.540220658365646729E-08 ) ) ;
#1537 = ORIENTED_EDGE ( 'NONE', *, *, #1146, .F. ) ;
#1538 = CARTESIAN_POINT ( 'NONE',  ( -0.1756645757935320074, 1.812581967479705902, -0.1368762052561655895 ) ) ;
#1539 = VERTEX_POINT ( 'NONE', #2801 ) ;
#1540 = CARTESIAN_POINT ( 'NONE',  ( 0.1138508176012813095, 1.907606653523465035, 0.1911038918657981256 ) ) ;
#1541 = DIRECTION ( 'NONE',  ( -1.000000000000000000, 0.0000000000000000000, 0.0000000000000000000 ) ) ;
#1542 = CARTESIAN_POINT ( 'NONE',  ( 0.05222627503243929686, 2.171019139527381903, -0.09303161577515990655 ) ) ;
#1543 = CARTESIAN_POINT ( 'NONE',  ( 0.4679564556445157120, 1.900286602869684316, 0.3106230851509143021 ) ) ;
#1544 = VERTEX_POINT ( 'NONE', #1075 ) ;
#1545 = PRODUCT_DEFINITION_SHAPE ( 'NONE', 'NONE',  #5130 ) ;
#1546 = CARTESIAN_POINT ( 'NONE',  ( -0.2684766742234103165, 1.108376274270923778, -0.1255814948705679113 ) ) ;
#1547 = VERTEX_POINT ( 'NONE', #1935 ) ;
#1548 = CARTESIAN_POINT ( 'NONE',  ( 0.9090810841354637351, 1.728393678196920025, 1.041307989621435448 ) ) ;
#1549 = CARTESIAN_POINT ( 'NONE',  ( 0.1614041381382520512, 1.840031841043710870, -0.1533137552121628666 ) ) ;
#1550 = DIRECTION ( 'NONE',  ( -0.5000000000000173195, 0.0000000000000000000, 0.8660254037844287156 ) ) ;
#1551 = CARTESIAN_POINT ( 'NONE',  ( -0.0001499809305375039822, 1.292416745410840617, 0.2289500822710590355 ) ) ;
#1552 = UNCERTAINTY_MEASURE_WITH_UNIT (LENGTH_MEASURE( 1.000000000000000082E-05 ), #173, 'distance_accuracy_value', 'NONE');
#1553 =( GEOMETRIC_REPRESENTATION_CONTEXT ( 3 ) GLOBAL_UNCERTAINTY_ASSIGNED_CONTEXT ( ( #2942 ) ) GLOBAL_UNIT_ASSIGNED_CONTEXT ( ( #520, #5155, #541 ) ) REPRESENTATION_CONTEXT ( 'NONE', 'WORKASPACE' ) );
#1554 = CARTESIAN_POINT ( 'NONE',  ( -0.03957292703623249003, 1.799409932280460866, 0.2197211730633768789 ) ) ;
#1555 = CARTESIAN_POINT ( 'NONE',  ( 0.2136955704896781327, 1.894260703812642888, 0.06178558128023446672 ) ) ;
#1556 = CARTESIAN_POINT ( 'NONE',  ( -0.2222076969088481457, 1.944206735630335636, -2.540220661404715579E-08 ) ) ;
#1557 = EDGE_CURVE ( 'NONE', #2163, #2468, #2381, .T. ) ;
#1558 = ORIENTED_EDGE ( 'NONE', *, *, #4819, .T. ) ;
#1559 = CARTESIAN_POINT ( 'NONE',  ( -0.3334639801907204326, 1.091549647668805578, -0.1619959980915935682 ) ) ;
#1560 = VERTEX_POINT ( 'NONE', #4832 ) ;
#1561 = DIRECTION ( 'NONE',  ( 0.8660254037844362651, 0.0000000000000000000, -0.5000000000000041078 ) ) ;
#1562 = B_SPLINE_CURVE_WITH_KNOTS ( 'NONE', 3,
 ( #2333, #2733, #1973, #4934, #4875, #4478, #4021, #5267, #1056, #4005, #1902, #3188, #4858, #2353, #5282, #2764 ),
 .UNSPECIFIED., .F., .F.,
 ( 4, 2, 2, 2, 2, 2, 2, 4 ),
 ( 0.0000000000000000000, 0.002046144476153347394, 0.004092288952306694788, 0.005115361190383367618, 0.006138433428460040447, 0.007161505666536713277, 0.007673041785575054029, 0.008184577904613396515 ),
 .UNSPECIFIED. ) ;
#1563 = CARTESIAN_POINT ( 'NONE',  ( -0.04719324528365484439, 0.4309069081374632404, 0.08533008118418608512 ) ) ;
#1564 = CARTESIAN_POINT ( 'NONE',  ( 0.8556057628182525132, 1.061028180799972853, -0.5132469395060350603 ) ) ;
#1565 = CARTESIAN_POINT ( 'NONE',  ( -0.0001499809305422073868, 1.339079361902335119, 0.006509137389169294789 ) ) ;
#1566 = CARTESIAN_POINT ( 'NONE',  ( -0.0001499809305422073868, 1.227858889461390213, 0.006509137389169270503 ) ) ;
#1567 = CARTESIAN_POINT ( 'NONE',  ( -0.05757266047706571799, 1.703893155275413740, -0.2148614788877671045 ) ) ;
#1568 = CARTESIAN_POINT ( 'NONE',  ( 0.2158008844158863238, 1.909814100410651250, 0.05395653739861810266 ) ) ;
#1569 = CARTESIAN_POINT ( 'NONE',  ( -0.05527083059137764820, 2.171019139527382347, 0.09125825398569349656 ) ) ;
#1570 = CARTESIAN_POINT ( 'NONE',  ( -0.4089534089338034972, 1.703893155275413740, -0.5662422273445050225 ) ) ;
#1571 = CARTESIAN_POINT ( 'NONE',  ( 0.03766964701034363622, 2.171019139527381459, -0.09975536316766939193 ) ) ;
#1572 = CARTESIAN_POINT ( 'NONE',  ( -0.0001499809305422073868, 0.9498077083590259484, 0.006509137389169208920 ) ) ;
#1573 = ORIENTED_EDGE ( 'NONE', *, *, #2405, .T. ) ;
#1574 = CARTESIAN_POINT ( 'NONE',  ( -0.2833617561251741690, 1.115613832477188705, 0.02279361791178330376 ) ) ;
#1575 = CARTESIAN_POINT ( 'NONE',  ( 0.5497229622390988890, 1.913453448141117841, -0.1151942037901055593 ) ) ;
#1576 =( GEOMETRIC_REPRESENTATION_CONTEXT ( 3 ) GLOBAL_UNCERTAINTY_ASSIGNED_CONTEXT ( ( #1949 ) ) GLOBAL_UNIT_ASSIGNED_CONTEXT ( ( #3501, #968, #3911 ) ) REPRESENTATION_CONTEXT ( 'NONE', 'WORKASPACE' ) );
#1577 = CARTESIAN_POINT ( 'NONE',  ( 0.4920439648443058478, 1.283469125681861334, -0.2776591696974495260 ) ) ;
#1578 = CARTESIAN_POINT ( 'NONE',  ( -0.0001499809305422073868, 1.227858889461390213, 0.006509137389169270503 ) ) ;
#1579 = CARTESIAN_POINT ( 'NONE',  ( -0.5536906931216054595, 1.725558025616496405, -0.09563469515406761157 ) ) ;
#1580 = CARTESIAN_POINT ( 'NONE',  ( 0.3348765470572651615, 1.863033024126959258, -0.4509391714418911623 ) ) ;
#1581 = DIRECTION ( 'NONE',  ( 0.0000000000000000000, 1.000000000000000000, 0.0000000000000000000 ) ) ;
#1582 = CARTESIAN_POINT ( 'NONE',  ( 0.4192815428862164961, 1.861978220042650678, -0.7095052611730801040 ) ) ;
#1583 = FACE_OUTER_BOUND ( 'NONE', #3832, .T. ) ;
#1584 = CARTESIAN_POINT ( 'NONE',  ( 0.1645937442115126270, 1.146881722101587009, -0.1085400612240313006 ) ) ;
#1585 = VERTEX_POINT ( 'NONE', #1952 ) ;
#1586 = COLOUR_RGB ( '',0.0000000000000000000, 0.0000000000000000000, 1.000000000000000000 ) ;
#1587 = CARTESIAN_POINT ( 'NONE',  ( -0.1066289864236173723, 2.171019139527381903, -0.006775652049260600003 ) ) ;
#1588 = CARTESIAN_POINT ( 'NONE',  ( -0.8965508606063379293, 1.926334100157303553, 1.053839628212626556 ) ) ;
#1589 = ORIENTED_EDGE ( 'NONE', *, *, #3194, .T. ) ;
#1590 = EDGE_CURVE ( 'NONE', #1522, #2444, #4567, .T. ) ;
#1591 = DIRECTION ( 'NONE',  ( -0.0000000000000000000, -1.000000000000000000, -0.0000000000000000000 ) ) ;
#1592 = CARTESIAN_POINT ( 'NONE',  ( -0.1831592837716593536, 1.116638417020443086, -0.07690315261965878502 ) ) ;
#1593 = VECTOR ( 'NONE', #4585, 39.37007874015748143 ) ;
#1594 = ORIENTED_EDGE ( 'NONE', *, *, #4928, .T. ) ;
#1595 = CARTESIAN_POINT ( 'NONE',  ( -7.075310326681138814E-07, 1.767981565922491782, 0.02695622204355782245 ) ) ;
#1596 = CARTESIAN_POINT ( 'NONE',  ( 0.07676100936948335174, 1.926437203932589215, -0.07676174230272261867 ) ) ;
#1597 = VERTEX_POINT ( 'NONE', #4152 ) ;
#1598 = FACE_OUTER_BOUND ( 'NONE', #3925, .T. ) ;
#1599 = CARTESIAN_POINT ( 'NONE',  ( -1.049712743929229530, 1.889608691730187973, -0.9006777956941484087 ) ) ;
#1600 = FILL_AREA_STYLE_COLOUR ( '', #1784 ) ;
#1601 = ORIENTED_EDGE ( 'NONE', *, *, #1710, .T. ) ;
#1602 = VECTOR ( 'NONE', #1903, 39.37007874015748854 ) ;
#1603 = DIRECTION ( 'NONE',  ( 0.0000000000000000000, 0.0000000000000000000, 1.000000000000000000 ) ) ;
#1604 = AXIS2_PLACEMENT_3D ( 'NONE', #755, #3740, #4943 ) ;
#1605 = ADVANCED_FACE ( 'NONE', ( #646 ), #2432, .T. ) ;
#1606 = CARTESIAN_POINT ( 'NONE',  ( -7.075310326648127823E-07, 1.926334100157303553, -2.540220658365646729E-08 ) ) ;
#1607 = VERTEX_POINT ( 'NONE', #2040 ) ;
#1608 = CARTESIAN_POINT ( 'NONE',  ( -0.1157818574730717504, 2.168570798939339017, -2.540220652434987723E-08 ) ) ;
#1609 = CARTESIAN_POINT ( 'NONE',  ( 0.05813750868909107333, 1.900159607913654902, -0.2147173005520285061 ) ) ;
#1610 = CARTESIAN_POINT ( 'NONE',  ( -0.01906165289527523427, 1.767981565922491782, -0.01906097076644917843 ) ) ;
#1611 = EDGE_CURVE ( 'NONE', #2287, #920, #1526, .T. ) ;
#1612 = CARTESIAN_POINT ( 'NONE',  ( -0.5576426285383040415, 1.848584231490360663, 0.06777731068092060496 ) ) ;
#1613 = ORIENTED_EDGE ( 'NONE', *, *, #5343, .F. ) ;
#1614 = CARTESIAN_POINT ( 'NONE',  ( -0.8689055306571565884, 1.263946401572995093, -0.4907306150639108577 ) ) ;
#1615 = CARTESIAN_POINT ( 'NONE',  ( 1.379133150736683966, 1.703893155275413740, 0.1112204470387384847 ) ) ;
#1616 =( BOUNDED_SURFACE ( )  B_SPLINE_SURFACE ( 3, 3, ( 
 ( #628, #714, #4132, #3159, #1879, #4804, #3563 ),
 ( #1986, #3681, #1032, #3286, #1166, #3699, #4554 ),
 ( #3982, #2413, #1461, #608, #5259, #4826, #2302 ),
 ( #2725, #194, #3583, #1047, #4850, #218, #3604 ) ),
 .UNSPECIFIED., .F., .F., .F. ) 
 B_SPLINE_SURFACE_WITH_KNOTS ( ( 4, 4 ),
 ( 4, 3, 4 ),
 ( 0.0000000000000000000, 1.000000000000000000 ),
 ( 0.0000000000000000000, 0.5000000000000000000, 1.000000000000000000 ),
 .UNSPECIFIED. ) 
 GEOMETRIC_REPRESENTATION_ITEM ( )  RATIONAL_B_SPLINE_SURFACE ( (
 ( 1.000000000000000000, 0.8047378541225157500, 0.8047378541225157500, 1.000000000000000000, 0.8047378541225157500, 0.8047378541225157500, 1.000000000000000000),
 ( 0.8047378540988814333, 0.6476030138386920099, 0.6476030138386920099, 0.8047378540988814333, 0.6476030138386920099, 0.6476030138386920099, 0.8047378540988814333),
 ( 0.8047378540988814333, 0.6476030138386920099, 0.6476030138386920099, 0.8047378540988814333, 0.6476030138386920099, 0.6476030138386920099, 0.8047378540988814333),
 ( 1.000000000000000000, 0.8047378541225157500, 0.8047378541225157500, 1.000000000000000000, 0.8047378541225157500, 0.8047378541225157500, 1.000000000000000000) ) ) 
 REPRESENTATION_ITEM ( '' )  SURFACE ( )  );
#1617 = CARTESIAN_POINT ( 'NONE',  ( 0.9560366451988052683, 1.814965130096564350, 0.9943524285580940258 ) ) ;
#1618 = DIMENSIONAL_EXPONENTS ( 1.000000000000000000, 0.0000000000000000000, 0.0000000000000000000, 0.0000000000000000000, 0.0000000000000000000, 0.0000000000000000000, 0.0000000000000000000 ) ;
#1619 = CARTESIAN_POINT ( 'NONE',  ( -1.055912488183514020, 1.905212127105338604, -0.8944780514398640303 ) ) ;
#1620 = CARTESIAN_POINT ( 'NONE',  ( -0.3106474710965991815, 1.926334100157303553, 0.4679362387028874193 ) ) ;
#1621 = PRODUCT_DEFINITION_FORMATION_WITH_SPECIFIED_SOURCE ( 'ANY', '', #5161, .NOT_KNOWN. ) ;
#1622 = CARTESIAN_POINT ( 'NONE',  ( -0.06665814368588550420, 1.924468639114974566, -0.06665746155705945530 ) ) ;
#1623 = DIRECTION ( 'NONE',  ( -2.664535271281159580E-15, 0.0000000000000000000, 1.000000000000000000 ) ) ;
#1624 = CARTESIAN_POINT ( 'NONE',  ( -7.075310326648127823E-07, 1.692771108031319027, -2.540220641473977390E-08 ) ) ;
#1625 = CARTESIAN_POINT ( 'NONE',  ( -0.1112211799719775435, 2.171019139527382347, -2.540220651868889134E-08 ) ) ;
#1626 = ORIENTED_EDGE ( 'NONE', *, *, #4852, .F. ) ;
#1627 = CARTESIAN_POINT ( 'NONE',  ( 0.1018197021677125919, 1.848826375439690750, -0.1980265849532598932 ) ) ;
#1628 = CARTESIAN_POINT ( 'NONE',  ( 0.09947145974049163841, 2.171019139527381903, 0.03841230310094100736 ) ) ;
#1629 = CARTESIAN_POINT ( 'NONE',  ( -0.1830029379733654205, 1.121679035277889591, -0.07717395148585337594 ) ) ;
#1630 = FILL_AREA_STYLE ('',( #4546 ) ) ;
#1631 = FACE_OUTER_BOUND ( 'NONE', #2930, .T. ) ;
#1632 = ADVANCED_FACE ( 'NONE', ( #3110 ), #4538, .T. ) ;
#1633 = CARTESIAN_POINT ( 'NONE',  ( 0.2108415142050760749, 1.283469125681860890, -0.06393632336157221985 ) ) ;
#1634 = EDGE_CURVE ( 'NONE', #2532, #2222, #4888, .T. ) ;
#1635 = CARTESIAN_POINT ( 'NONE',  ( -0.2222076969088481457, 1.944206735630335636, -2.540220661404715579E-08 ) ) ;
#1636 = ORIENTED_EDGE ( 'NONE', *, *, #1403, .F. ) ;
#1637 = EDGE_CURVE ( 'NONE', #3111, #3487, #3185, .T. ) ;
#1638 = CARTESIAN_POINT ( 'NONE',  ( -1.389870663509346131E-17, 0.2084659632555735664, -7.705673981372306633E-17 ) ) ;
#1639 = CARTESIAN_POINT ( 'NONE',  ( 0.2140241321505766126, 1.906722958286410030, -0.06175205226201506414 ) ) ;
#1640 = B_SPLINE_CURVE_WITH_KNOTS ( 'NONE', 3,
 ( #4485, #3650, #1513, #4849 ),
 .UNSPECIFIED., .F., .F.,
 ( 4, 4 ),
 ( 2.335442953235084577E-18, 9.006750223472648046E-05 ),
 .UNSPECIFIED. ) ;
#1641 = ORIENTED_EDGE ( 'NONE', *, *, #855, .F. ) ;
#1642 = CARTESIAN_POINT ( 'NONE',  ( -0.5164617764251357990, 1.116638417020444196, -0.3003937026292889390 ) ) ;
#1643 = CARTESIAN_POINT ( 'NONE',  ( -0.2220568221431563072, 1.948578194645492756, 0.2220560892099170403 ) ) ;
#1644 = CARTESIAN_POINT ( 'NONE',  ( 0.1112197649099121721, 2.171019139527382347, 0.1112204470387382349 ) ) ;
#1645 = CARTESIAN_POINT ( 'NONE',  ( 0.05514721992949297297, 1.923789154167841797, -0.2155109945590413523 ) ) ;
#1646 = CARTESIAN_POINT ( 'NONE',  ( 0.09781576966774259418, 2.171019139527382347, 0.04259580761658576104 ) ) ;
#1647 = CARTESIAN_POINT ( 'NONE',  ( -0.1765787900667053489, 1.249923318217418089, -0.08830090205552605653 ) ) ;
#1648 = CARTESIAN_POINT ( 'NONE',  ( -0.4699169170426394371, 1.920387216501463712, -0.3076435981909899087 ) ) ;
#1649 = CARTESIAN_POINT ( 'NONE',  ( 0.5505406310516446355, 1.703893155275413740, 0.1112204470387383598 ) ) ;
#1650 = CLOSED_SHELL ( 'NONE', ( #3800, #82, #4245, #1685, #3332, #4216, #5029, #3075, #821, #441, #2546, #2994, #1229, #2466, #14, #5429, #754, #3758, #2923, #3772, #4953, #5017, #4748, #3391, #139, #3808, #2588, #1709, #851, #3298, #2165, #4625, #428, #1764, #312, #2431, #4187, #1334, #1672, #2940, #3785, #1605 ) ) ;
#1651 = EDGE_LOOP ( 'NONE', ( #926, #4486, #11, #2235 ) ) ;
#1652 = CARTESIAN_POINT ( 'NONE',  ( -0.4149291756913858209, 1.769416692216434051, 0.3791593474986675316 ) ) ;
#1653 = CARTESIAN_POINT ( 'NONE',  ( -0.05211376281516989090, 1.338831944336508650, 1.007493389357672964 ) ) ;
#1654 = CIRCLE ( 'NONE', #5372, 0.2224409448818897572 ) ;
#1655 = CARTESIAN_POINT ( 'NONE',  ( 0.9175851927876161884, 1.919415172244245849, -1.032803931773696338 ) ) ;
#1656 = ADVANCED_FACE ( 'NONE', ( #2640 ), #5350, .T. ) ;
#1657 = CARTESIAN_POINT ( 'NONE',  ( -0.2224416524129224360, 1.648282919054943507, -2.540220660983742851E-08 ) ) ;
#1658 = AXIS2_PLACEMENT_3D ( 'NONE', #1565, #5348, #2857 ) ;
#1659 = CARTESIAN_POINT ( 'NONE',  ( 0.7052102552870310737, 1.860690414755245881, 0.006509137389168996417 ) ) ;
#1660 = DIRECTION ( 'NONE',  ( -4.869933132958959690E-11, 1.000000000000000000, 1.327868774048510007E-24 ) ) ;
#1661 = CYLINDRICAL_SURFACE ( 'NONE', #2538, 0.5616633858267716661 ) ;
#1662 = FACE_OUTER_BOUND ( 'NONE', #3117, .T. ) ;
#1663 = EDGE_CURVE ( 'NONE', #5175, #5364, #3458, .T. ) ;
#1664 = EDGE_LOOP ( 'NONE', ( #2769, #3760 ) ) ;
#1665 = CARTESIAN_POINT ( 'NONE',  ( -0.1383023867131483731, 2.154407943906813561, -2.540220655177804152E-08 ) ) ;
#1666 = ORIENTED_EDGE ( 'NONE', *, *, #549, .F. ) ;
#1667 = PRESENTATION_STYLE_ASSIGNMENT (( #3438 ) ) ;
#1668 = CARTESIAN_POINT ( 'NONE',  ( 0.1981552485563705945, 1.144869246453980249, -0.09434955107762951765 ) ) ;
#1669 = SHAPE_REPRESENTATION_RELATIONSHIP ( 'NONE' , 'NONE' ,  #1302, #4269 ) ;
#1670 = CARTESIAN_POINT ( 'NONE',  ( 0.2222062818467827883, 1.944206735630335636, -2.540220655326577879E-08 ) ) ;
#1671 = VERTEX_POINT ( 'NONE', #4929 ) ;
#1672 = ADVANCED_FACE ( 'NONE', ( #201, #389 ), #3669, .T. ) ;
#1673 = CARTESIAN_POINT ( 'NONE',  ( -0.0001499809370284159026, 1.850761759406540419, -0.6167101840348576669 ) ) ;
#1674 = CARTESIAN_POINT ( 'NONE',  ( 0.05441244995308929661, 1.017407907620226926, 0.2067059877828699155 ) ) ;
#1675 = CLOSED_SHELL ( 'NONE', ( #5180, #4537, #2968, #4597, #351, #405, #4987, #3409, #3422, #1632, #1240, #4656, #1268, #2128, #1311, #5475, #1385, #883, #5396, #5461, #1725, #371 ) ) ;
#1676 = CARTESIAN_POINT ( 'NONE',  ( 0.9442898669337457251, 1.892061177074431333, -1.006099257627566912 ) ) ;
#1677 = CARTESIAN_POINT ( 'NONE',  ( 0.1704178558813308209, 2.124651801044000532, -2.540220657884285515E-08 ) ) ;
#1678 = CARTESIAN_POINT ( 'NONE',  ( -1.389870663509346131E-17, 0.4309069081374634069, -0.2137171453055093651 ) ) ;
#1679 = CARTESIAN_POINT ( 'NONE',  ( -1.051957327776617435, 1.926437203932589215, -0.8984332118467607264 ) ) ;
#1680 = EDGE_CURVE ( 'NONE', #3039, #4940, #1782, .T. ) ;
#1681 = CARTESIAN_POINT ( 'NONE',  ( 0.8560037842967492816, 1.077929959253529857, -0.5125575460827733743 ) ) ;
#1682 = CARTESIAN_POINT ( 'NONE',  ( -0.1974893996255737694, 2.080766179256611004, -2.540220661462797885E-08 ) ) ;
#1683 = CARTESIAN_POINT ( 'NONE',  ( -0.07960452511231602690, 1.924745851044262768, -0.07960384298348996412 ) ) ;
#1684 = ORIENTED_EDGE ( 'NONE', *, *, #2793, .T. ) ;
#1685 = ADVANCED_FACE ( 'NONE', ( #2318 ), #1077, .T. ) ;
#1686 = AXIS2_PLACEMENT_3D ( 'NONE', #5293, #2395, #2755 ) ;
#1687 = CARTESIAN_POINT ( 'NONE',  ( -0.2220568221431565847, 1.948578194645492534, -2.540220661494781320E-08 ) ) ;
#1688 = ORIENTED_EDGE ( 'NONE', *, *, #3885, .F. ) ;
#1689 = CARTESIAN_POINT ( 'NONE',  ( -0.3542168921282680683, 1.839352583142788600, 0.4360041269998431446 ) ) ;
#1690 = CARTESIAN_POINT ( 'NONE',  ( -7.075310326375715674E-07, 1.787308509606122309, -0.2224409702840963454 ) ) ;
#1691 = AXIS2_PLACEMENT_3D ( 'NONE', #1638, #2937, #2956 ) ;
#1692 = ORIENTED_EDGE ( 'NONE', *, *, #1259, .F. ) ;
#1693 = CARTESIAN_POINT ( 'NONE',  ( 0.07864404273873103202, 1.703893155275413740, 0.07864472486755709479 ) ) ;
#1694 = CARTESIAN_POINT ( 'NONE',  ( -0.0001499809376407505214, 1.850761759405805673, 0.6297284588071173639 ) ) ;
#1695 = EDGE_CURVE ( 'NONE', #2287, #5000, #5384, .T. ) ;
#1696 = CARTESIAN_POINT ( 'NONE',  ( 0.1157804424110064068, 2.168570798939339017, -0.1157811753442456876 ) ) ;
#1697 = CARTESIAN_POINT ( 'NONE',  ( -0.1697106600279829902, 1.116638417020443086, -0.1001968522355832364 ) ) ;
#1698 = CARTESIAN_POINT ( 'NONE',  ( -0.02418900727661004932, 1.809792735643855011, -0.2214393325854397687 ) ) ;
#1699 = DIMENSIONAL_EXPONENTS ( 1.000000000000000000, 0.0000000000000000000, 0.0000000000000000000, 0.0000000000000000000, 0.0000000000000000000, 0.0000000000000000000, 0.0000000000000000000 ) ;
#1700 = CARTESIAN_POINT ( 'NONE',  ( 0.009286588741073669578, 1.797124093125409772, 1.379133832865509834 ) ) ;
#1701 = CARTESIAN_POINT ( 'NONE',  ( -7.075310326977259415E-07, 2.155111100308018113, -0.1374209042520500024 ) ) ;
#1702 = CARTESIAN_POINT ( 'NONE',  ( -0.006567817703927659317, 1.797124093125409772, -0.006567135575101605213 ) ) ;
#1703 = CARTESIAN_POINT ( 'NONE',  ( -0.1955949982591720093, 1.256011404338016391, -0.09985205227524442118 ) ) ;
#1704 = CARTESIAN_POINT ( 'NONE',  ( -0.2222076969088481180, 1.944206735630335858, 0.2222069639756088233 ) ) ;
#1705 = ORIENTED_EDGE ( 'NONE', *, *, #5338, .T. ) ;
#1706 = EDGE_CURVE ( 'NONE', #3528, #5065, #75, .T. ) ;
#1707 =( GEOMETRIC_REPRESENTATION_CONTEXT ( 3 ) GLOBAL_UNCERTAINTY_ASSIGNED_CONTEXT ( ( #1884 ) ) GLOBAL_UNIT_ASSIGNED_CONTEXT ( ( #3839, #3875, #492 ) ) REPRESENTATION_CONTEXT ( 'NONE', 'WORKASPACE' ) );
#1708 = SURFACE_SIDE_STYLE ('',( #2717 ) ) ;
#1709 = ADVANCED_FACE ( 'NONE', ( #2770 ), #840, .T. ) ;
#1710 = EDGE_CURVE ( 'NONE', #3220, #995, #1396, .T. ) ;
#1711 = CARTESIAN_POINT ( 'NONE',  ( -0.0001499809326302896167, 1.844127897531955051, 0.006509137389169129123 ) ) ;
#1712 = CARTESIAN_POINT ( 'NONE',  ( 0.2070759778460928291, 2.054691988635170219, -2.540220654609024175E-08 ) ) ;
#1713 = CARTESIAN_POINT ( 'NONE',  ( -0.8463438353670201808, 1.274502192926136201, -0.5298086176113145918 ) ) ;
#1714 = CARTESIAN_POINT ( 'NONE',  ( 0.1934030202681325528, 1.743532877951959437, -0.1104361187737161881 ) ) ;
#1715 = CARTESIAN_POINT ( 'NONE',  ( 0.1160353075642490683, 1.915167437866163835, 1.379133832865509834 ) ) ;
#1716 = CARTESIAN_POINT ( 'NONE',  ( 0.1157804424110064206, 2.168570798939339017, -2.540220664296305735E-08 ) ) ;
#1717 = DIRECTION ( 'NONE',  ( 0.0000000000000000000, 1.000000000000000000, 2.220446049250310369E-16 ) ) ;
#1718 = LINE ( 'NONE', #2066, #2176 ) ;
#1719 = ORIENTED_EDGE ( 'NONE', *, *, #3973, .F. ) ;
#1720 = CYLINDRICAL_SURFACE ( 'NONE', #3474, 0.5616633858267716661 ) ;
#1721 = CARTESIAN_POINT ( 'NONE',  ( -0.04722225624545467459, 1.789644698317992999, 0.5599143861078363926 ) ) ;
#1722 = ORIENTED_EDGE ( 'NONE', *, *, #3809, .F. ) ;
#1723 = CARTESIAN_POINT ( 'NONE',  ( -0.1666532870897929342, 1.283469125681860890, -0.1409921270053664522 ) ) ;
#1724 = VECTOR ( 'NONE', #4175, 39.37007874015748143 ) ;
#1725 = ADVANCED_FACE ( 'NONE', ( #3317, #3891 ), #4616, .T. ) ;
#1726 = CONTEXT_DEPENDENT_SHAPE_REPRESENTATION ( #1020, #3841 ) ;
#1727 = VERTEX_POINT ( 'NONE', #106 ) ;
#1728 = CARTESIAN_POINT ( 'NONE',  ( -0.2142073067522387297, 2.026044938440203946, -2.540220662377928642E-08 ) ) ;
#1729 = ORIENTED_EDGE ( 'NONE', *, *, #2485, .T. ) ;
#1730 = CARTESIAN_POINT ( 'NONE',  ( -0.09091101601735543380, 1.872571482227445072, -0.5542823637647492641 ) ) ;
#1731 = ORIENTED_EDGE ( 'NONE', *, *, #3027, .F. ) ;
#1732 = CYLINDRICAL_SURFACE ( 'NONE', #5452, 0.2224409448818897572 ) ;
#1733 = CARTESIAN_POINT ( 'NONE',  ( -0.1531046618540815862, 2.142638581168790690, -2.540220656918211351E-08 ) ) ;
#1734 = CARTESIAN_POINT ( 'NONE',  ( 0.4920439648443058478, 1.061028180799971521, -0.2776591696974495260 ) ) ;
#1735 = ORIENTED_EDGE ( 'NONE', *, *, #3415, .T. ) ;
#1736 = CARTESIAN_POINT ( 'NONE',  ( -0.08079925208216605370, 1.861672257603633973, -0.2073232772763410892 ) ) ;
#1737 = FACE_OUTER_BOUND ( 'NONE', #5482, .T. ) ;
#1738 = ORIENTED_EDGE ( 'NONE', *, *, #5212, .T. ) ;
#1739 = LINE ( 'NONE', #3750, #1220 ) ;
#1740 = CARTESIAN_POINT ( 'NONE',  ( -0.1852670621310870402, 2.104083014838995958, -2.540220660370557502E-08 ) ) ;
#1741 = DIRECTION ( 'NONE',  ( 0.0000000000000000000, 3.195635041071550199E-16, -1.000000000000000000 ) ) ;
#1742 =( NAMED_UNIT ( * ) PLANE_ANGLE_UNIT ( ) SI_UNIT ( $, .RADIAN. ) );
#1743 = AXIS2_PLACEMENT_3D ( 'NONE', #781, #5474, #2083 ) ;
#1744 = ORIENTED_EDGE ( 'NONE', *, *, #5376, .F. ) ;
#1745 = CARTESIAN_POINT ( 'NONE',  ( 1.379133150736683966, 1.781347149670130747, 0.05379913308609918232 ) ) ;
#1746 = CARTESIAN_POINT ( 'NONE',  ( 0.2184831646901959912, 1.998941422088291731, 0.2184838468190219984 ) ) ;
#1747 = DIRECTION ( 'NONE',  ( 0.0000000000000000000, -1.000000000000000000, -2.220446049250310123E-16 ) ) ;
#1748 = DIRECTION ( 'NONE',  ( -0.0000000000000000000, -1.000000000000000000, -2.220446049250310369E-16 ) ) ;
#1749 = CARTESIAN_POINT ( 'NONE',  ( -7.075310326338411285E-07, 2.080766179256611004, -0.1974887174967476511 ) ) ;
#1750 = DIRECTION ( 'NONE',  ( 0.0000000000000000000, 0.0000000000000000000, -1.000000000000000000 ) ) ;
#1751 = CARTESIAN_POINT ( 'NONE',  ( -0.09607209824788931485, 1.878509044495304980, -0.2006892344915116588 ) ) ;
#1752 = DIRECTION ( 'NONE',  ( 0.0000000000000000000, 1.000000000000000000, 2.220446049250310369E-16 ) ) ;
#1753 = CARTESIAN_POINT ( 'NONE',  ( -0.2070773929081581310, 2.054691988635170663, 0.2070766599749186143 ) ) ;
#1754 = CARTESIAN_POINT ( 'NONE',  ( 1.047457690896517857, 1.710596686870354821, -0.9029314336647946693 ) ) ;
#1755 = ORIENTED_EDGE ( 'NONE', *, *, #4359, .T. ) ;
#1756 = AXIS2_PLACEMENT_3D ( 'NONE', #4577, #2855, #1983 ) ;
#1757 = CARTESIAN_POINT ( 'NONE',  ( 0.3559322974232007608, 1.080043570749745330, -0.1962727638775006445 ) ) ;
#1758 = CARTESIAN_POINT ( 'NONE',  ( 0.3028699672017052258, 1.062839266208811306, -0.3482363864037154033 ) ) ;
#1759 = ORIENTED_EDGE ( 'NONE', *, *, #1386, .F. ) ;
#1760 = CARTESIAN_POINT ( 'NONE',  ( 0.2219657158799666352, 1.951176915564387659, 0.2219663980087926980 ) ) ;
#1761 = AXIS2_PLACEMENT_3D ( 'NONE', #4133, #2816, #1182 ) ;
#1762 = ORIENTED_EDGE ( 'NONE', *, *, #1070, .F. ) ;
#1763 = CARTESIAN_POINT ( 'NONE',  ( -1.389870663509346131E-17, 0.4189173647663950173, -3.032714150933363580E-17 ) ) ;
#1764 = ADVANCED_FACE ( 'NONE', ( #1127 ), #4498, .T. ) ;
#1765 = EDGE_CURVE ( 'NONE', #423, #3334, #1976, .T. ) ;
#1766 = CARTESIAN_POINT ( 'NONE',  ( -7.075310326648127823E-07, 1.692771108031319027, -2.540220641473977390E-08 ) ) ;
#1767 = CARTESIAN_POINT ( 'NONE',  ( 0.1954696717562192654, 1.283469125681860667, -0.05506138598578440985 ) ) ;
#1768 = CARTESIAN_POINT ( 'NONE',  ( -0.5662429094733311130, 1.926334100157303553, -0.4089527268049774067 ) ) ;
#1769 = CARTESIAN_POINT ( 'NONE',  ( 0.4926644616528478848, 1.070680025443780714, -0.2765824369097166224 ) ) ;
#1770 = ORIENTED_EDGE ( 'NONE', *, *, #1432, .F. ) ;
#1771 = CARTESIAN_POINT ( 'NONE',  ( -0.02695695497679709979, 1.767981565922491782, -2.540220661148802441E-08 ) ) ;
#1772 = CARTESIAN_POINT ( 'NONE',  ( 0.2070759778460928291, 2.054691988635170219, -2.540220654609024175E-08 ) ) ;
#1773 = SURFACE_STYLE_USAGE ( .BOTH. , #4390 ) ;
#1774 = CARTESIAN_POINT ( 'NONE',  ( 0.07451642552209482295, 1.889608691730187973, -0.07451715845533386784 ) ) ;
#1775 = CARTESIAN_POINT ( 'NONE',  ( -7.075310326515182825E-07, 1.926437203932589215, -0.1085574865139604106 ) ) ;
#1776 = CARTESIAN_POINT ( 'NONE',  ( 0.2184831646901959912, 1.998941422088291731, -0.2184838976234352581 ) ) ;
#1777 =( BOUNDED_SURFACE ( )  B_SPLINE_SURFACE ( 5, 2, ( 
 ( #3805, #3366, #1298, #4227, #3788, #5463, #2077, #4592, #1687 ),
 ( #1635, #1704, #2559, #3770, #1670, #3384, #2055, #5076, #2935 ),
 ( #2540, #834, #2952, #36, #1257, #2499, #422, #5035, #13 ),
 ( #2970, #3407, #382, #2517, #407, #4665, #3424, #4627, #3752 ),
 ( #5019, #2091, #2132, #2986, #2483, #439, #877, #3819, #5445 ),
 ( #2908, #368, #3348, #5058, #790, #476, #362, #4777, #2671 ) ),
 .UNSPECIFIED., .F., .T., .F. ) 
 B_SPLINE_SURFACE_WITH_KNOTS ( ( 6, 6 ),
 ( 3, 2, 2, 2, 3 ),
 ( -0.06271658775695229671, 0.0000000000000000000 ),
 ( 0.0000000000000000000, 1.570796326794900111, 3.141592653589790007, 4.712388980384689674, 6.283185307179589785 ),
 .UNSPECIFIED. ) 
 GEOMETRIC_REPRESENTATION_ITEM ( )  RATIONAL_B_SPLINE_SURFACE ( (
 ( 1.000000000000000000, 0.7071067811865480168, 1.000000000000000000, 0.7071067811865480168, 1.000000000000000000, 0.7071067811865480168, 1.000000000000000000, 0.7071067811865480168, 1.000000000000000000),
 ( 1.000000000000000000, 0.7071067811865480168, 1.000000000000000000, 0.7071067811865480168, 1.000000000000000000, 0.7071067811865480168, 1.000000000000000000, 0.7071067811865480168, 1.000000000000000000),
 ( 1.000000000000000000, 0.7071067811865480168, 1.000000000000000000, 0.7071067811865480168, 1.000000000000000000, 0.7071067811865480168, 1.000000000000000000, 0.7071067811865480168, 1.000000000000000000),
 ( 1.000000000000000000, 0.7071067811865480168, 1.000000000000000000, 0.7071067811865480168, 1.000000000000000000, 0.7071067811865480168, 1.000000000000000000, 0.7071067811865480168, 1.000000000000000000),
 ( 1.000000000000000000, 0.7071067811865480168, 1.000000000000000000, 0.7071067811865480168, 1.000000000000000000, 0.7071067811865480168, 1.000000000000000000, 0.7071067811865480168, 1.000000000000000000),
 ( 1.000000000000000000, 0.7071067811865480168, 1.000000000000000000, 0.7071067811865480168, 1.000000000000000000, 0.7071067811865480168, 1.000000000000000000, 0.7071067811865480168, 1.000000000000000000) ) ) 
 REPRESENTATION_ITEM ( '' )  SURFACE ( )  );
#1778 = EDGE_LOOP ( 'NONE', ( #782, #684, #199, #696 ) ) ;
#1779 = CARTESIAN_POINT ( 'NONE',  ( 0.1902889902023861823, 1.913331138168369305, -0.1151949601315259836 ) ) ;
#1780 = DIRECTION ( 'NONE',  ( 0.0000000000000000000, 0.0000000000000000000, -1.000000000000000000 ) ) ;
#1781 = CARTESIAN_POINT ( 'NONE',  ( -0.05030139537066594807, 0.4309069081374634069, -0.08353558989476857211 ) ) ;
#1782 = LINE ( 'NONE', #1230, #5032 ) ;
#1783 = CARTESIAN_POINT ( 'NONE',  ( 0.06777662855209480586, 1.848584231490361551, 0.5576418956050648301 ) ) ;
#1784 = COLOUR_RGB ( '',0.7803921568627451011, 0.7803921568627451011, 0.7803921568627451011 ) ;
#1785 = CARTESIAN_POINT ( 'NONE',  ( -0.2080049597949836793, 1.745962934435862923, -0.08059536900132231729 ) ) ;
#1786 = CARTESIAN_POINT ( 'NONE',  ( 0.2206241087028693038, 1.976823799906981982, -0.2206248416361085429 ) ) ;
#1787 = FILL_AREA_STYLE ('',( #2622 ) ) ;
#1788 = B_SPLINE_CURVE_WITH_KNOTS ( 'NONE', 3,
 ( #1097, #4019, #5349, #1970, #286, #235, #3223, #3208, #3621, #4041, #1517, #4473, #1937, #2802, #265, #670, #1538, #2401, #4887, #5324, #2818, #3255, #4490, #1953, #698, #1567 ),
 .UNSPECIFIED., .F., .F.,
 ( 4, 2, 2, 2, 2, 2, 2, 2, 2, 2, 2, 2, 4 ),
 ( 2.168404344971008868E-19, 0.0002690146151042849265, 0.0005380292302085696362, 0.0008070438453128542374, 0.001076058460417139056, 0.001614087690625691345, 0.002152116920834243850, 0.003228175381251347995, 0.004304233841668451271, 0.005380292302085555416, 0.006456350762502659560, 0.007532409222919764571, 0.008608467683336867848 ),
 .UNSPECIFIED. ) ;
#1789 = VECTOR ( 'NONE', #5289, 39.37007874015748143 ) ;
#1790 = CARTESIAN_POINT ( 'NONE',  ( 0.07864404273873103202, 1.926334100157303553, -0.07864477567197031282 ) ) ;
#1791 = FACE_OUTER_BOUND ( 'NONE', #1855, .T. ) ;
#1792 = SURFACE_STYLE_FILL_AREA ( #5209 ) ;
#1793 = ORIENTED_EDGE ( 'NONE', *, *, #621, .T. ) ;
#1794 = ORIENTED_EDGE ( 'NONE', *, *, #2378, .T. ) ;
#1795 = CARTESIAN_POINT ( 'NONE',  ( 0.4530141047249209851, 1.066391325425524395, -0.07532839428219691158 ) ) ;
#1796 = CIRCLE ( 'NONE', #5214, 0.01112204724409480289 ) ;
#1797 = CARTESIAN_POINT ( 'NONE',  ( -7.075310327012948090E-07, 1.976823799906982204, 0.2206247908316953388 ) ) ;
#1798 = ORIENTED_EDGE ( 'NONE', *, *, #346, .T. ) ;
#1799 = CIRCLE ( 'NONE', #3836, 0.01112204724409480289 ) ;
#1800 = CIRCLE ( 'NONE', #1871, 0.2137171453055093651 ) ;
#1801 = ORIENTED_EDGE ( 'NONE', *, *, #760, .T. ) ;
#1802 = CARTESIAN_POINT ( 'NONE',  ( -0.0001499809299835806742, 1.706106920957450868, 0.7305544129797202357 ) ) ;
#1803 = EDGE_LOOP ( 'NONE', ( #2971, #2536, #3548, #3693 ) ) ;
#1804 = CARTESIAN_POINT ( 'NONE',  ( -0.1112211799719774741, 1.926334100157303553, -0.5505413639848835139 ) ) ;
#1805 = CARTESIAN_POINT ( 'NONE',  ( 0.3370128330517614956, 1.917582571776019540, -0.4493553160584310424 ) ) ;
#1806 = DIRECTION ( 'NONE',  ( 0.8660254037844451469, 2.794832266851517764E-15, -0.4999999999999885647 ) ) ;
#1807 = CARTESIAN_POINT ( 'NONE',  ( -0.2142073067522387297, 2.026044938440203946, -2.540220662377928642E-08 ) ) ;
#1808 = CARTESIAN_POINT ( 'NONE',  ( 0.8965494455442727384, 1.926334100157303553, -1.053839679017039677 ) ) ;
#1809 = EDGE_CURVE ( 'NONE', #2581, #2602, #4753, .T. ) ;
#1810 = EDGE_CURVE ( 'NONE', #3196, #2809, #5346, .T. ) ;
#1811 = CARTESIAN_POINT ( 'NONE',  ( 1.049711328867164228, 1.889608691730187973, 0.9006777448897352878 ) ) ;
#1812 = CARTESIAN_POINT ( 'NONE',  ( -0.3163648509740810688, 1.926594536647364020, 0.4641406671875847878 ) ) ;
#1813 =( NAMED_UNIT ( * ) PLANE_ANGLE_UNIT ( ) SI_UNIT ( $, .RADIAN. ) );
#1814 = ORIENTED_EDGE ( 'NONE', *, *, #3482, .F. ) ;
#1815 = CARTESIAN_POINT ( 'NONE',  ( 0.2120231177437340297, 1.848826375439690528, -0.06802804635462246508 ) ) ;
#1816 = CARTESIAN_POINT ( 'NONE',  ( -1.379134565798749046, 1.924468639114974566, 0.09426782484100497406 ) ) ;
#1817 = DIRECTION ( 'NONE',  ( 0.0000000000000000000, 0.0000000000000000000, 1.000000000000000000 ) ) ;
#1818 = CARTESIAN_POINT ( 'NONE',  ( -0.2242310191381667039, 2.170545325477224896, -0.1121151812057735453 ) ) ;
#1819 = DIRECTION ( 'NONE',  ( 0.0000000000000000000, 0.0000000000000000000, -1.000000000000000000 ) ) ;
#1820 = ORIENTED_EDGE ( 'NONE', *, *, #1120, .T. ) ;
#1821 = EDGE_LOOP ( 'NONE', ( #1666, #1243 ) ) ;
#1822 = CARTESIAN_POINT ( 'NONE',  ( -0.2224416524129224360, 1.926334100157303553, -2.540220660983742851E-08 ) ) ;
#1823 =( CONVERSION_BASED_UNIT ( 'INCH', #2392 ) LENGTH_UNIT ( ) NAMED_UNIT ( #4264 ) );
#1824 = B_SPLINE_CURVE_WITH_KNOTS ( 'NONE', 3,
 ( #4313, #3813, #2121, #2964, #3397, #4277, #4684, #1339, #845, #76, #3017, #1751, #1292, #1736, #4237, #5124, #2157, #1698, #5084, #2553 ),
 .UNSPECIFIED., .F., .F.,
 ( 4, 2, 2, 2, 2, 2, 2, 2, 2, 4 ),
 ( 0.0000000000000000000, 0.0001521491215126785233, 0.0003042982430253570467, 0.0006085964860507139850, 0.0009128947290760710317, 0.001217192972101427970, 0.001825789458152142714, 0.002434385944202857241, 0.003651578916304287596, 0.004868771888405717951 ),
 .UNSPECIFIED. ) ;
#1825 = STYLED_ITEM ( 'NONE', ( #2778 ), #4154 ) ;
#1826 = CARTESIAN_POINT ( 'NONE',  ( 0.1112197649099121999, 1.926334100157303553, 0.5505413131804708371 ) ) ;
#1827 = CARTESIAN_POINT ( 'NONE',  ( -0.1335744362549882991, 1.809015648123442288, -0.1787306409385463757 ) ) ;
#1828 = B_SPLINE_CURVE_WITH_KNOTS ( 'NONE', 3,
 ( #4065, #5380, #2767, #5340, #4878, #1543, #1159, #1084, #2808, #1135, #274, #288, #2822, #675, #4895, #3637, #2420, #4084, #304, #4480 ),
 .UNSPECIFIED., .F., .F.,
 ( 4, 2, 2, 2, 2, 2, 2, 2, 2, 4 ),
 ( 0.0000000000000000000, 0.0002616034324524572083, 0.0005232068649049146335, 0.001046413729809829267, 0.001569620594714744117, 0.002092827459619658968, 0.003139241189429470454, 0.004185654919239281506, 0.006278482378858920958, 0.008371309838478561277 ),
 .UNSPECIFIED. ) ;
#1829 = CARTESIAN_POINT ( 'NONE',  ( 0.1712085853937813096, 1.109918007326325284, -0.2722216521750325802 ) ) ;
#1830 = CARTESIAN_POINT ( 'NONE',  ( 0.5593402205534785399, 1.898757680464179476, -0.05198917454835266100 ) ) ;
#1831 = EDGE_CURVE ( 'NONE', #2060, #4450, #5288, .T. ) ;
#1832 = DIRECTION ( 'NONE',  ( 1.225038801085862207E-16, 0.0000000000000000000, 1.000000000000000000 ) ) ;
#1833 = ORIENTED_EDGE ( 'NONE', *, *, #5458, .F. ) ;
#1834 = CARTESIAN_POINT ( 'NONE',  ( -7.075310326648127823E-07, 1.870822151696355906, 0.02185550925737551886 ) ) ;
#1835 = CARTESIAN_POINT ( 'NONE',  ( -1.389870663509346131E-17, 0.2632087033490721484, -6.490140971714849609E-17 ) ) ;
#1836 = CARTESIAN_POINT ( 'NONE',  ( -0.03172629413403769277, 1.331491044253664713, 0.5739971676851289839 ) ) ;
#1837 = DIRECTION ( 'NONE',  ( 1.000000000000000000, 4.869933132958959690E-11, 0.0000000000000000000 ) ) ;
#1838 = CARTESIAN_POINT ( 'NONE',  ( -0.2222076969088481457, 1.944206735630335636, -2.540220661404715579E-08 ) ) ;
#1839 = CARTESIAN_POINT ( 'NONE',  ( -0.0001499809324083955261, 1.839571487886584977, -0.7175361382013819567 ) ) ;
#1840 =( NAMED_UNIT ( * ) SI_UNIT ( $, .STERADIAN. ) SOLID_ANGLE_UNIT ( ) );
#1841 = CARTESIAN_POINT ( 'NONE',  ( -0.1943886658443149673, 1.926334100157303553, 0.1081355174259567009 ) ) ;
#1842 = CARTESIAN_POINT ( 'NONE',  ( -7.075310326648127823E-07, 1.926334100157303553, -2.540220658365646729E-08 ) ) ;
#1843 = DIRECTION ( 'NONE',  ( 0.0000000000000000000, 0.0000000000000000000, 1.000000000000000000 ) ) ;
#1844 = VECTOR ( 'NONE', #1096, 39.37007874015748143 ) ;
#1845 = VERTEX_POINT ( 'NONE', #1285 ) ;
#1846 = CARTESIAN_POINT ( 'NONE',  ( 0.1751004685300325825, 1.089584325283621702, -0.09034188088323574783 ) ) ;
#1847 = CIRCLE ( 'NONE', #2812, 0.01112204724409456523 ) ;
#1848 = DIRECTION ( 'NONE',  ( 0.0000000000000000000, -1.918941898204432851E-16, 1.000000000000000000 ) ) ;
#1849 = CIRCLE ( 'NONE', #612, 0.2224409448818897572 ) ;
#1850 = CARTESIAN_POINT ( 'NONE',  ( 0.04828983976864329591, 1.079677079083651847, 0.2690569966511103250 ) ) ;
#1851 = CARTESIAN_POINT ( 'NONE',  ( 0.01857426139264297185, 1.093786451797519543, 1.007493389357672964 ) ) ;
#1852 = VERTEX_POINT ( 'NONE', #1853 ) ;
#1853 = CARTESIAN_POINT ( 'NONE',  ( -0.1969586673181678294, 0.2084659632555735942, -0.08295963817295434750 ) ) ;
#1854 = DIRECTION ( 'NONE',  ( -0.0000000000000000000, -1.000000000000000000, -0.0000000000000000000 ) ) ;
#1855 = EDGE_LOOP ( 'NONE', ( #627, #500 ) ) ;
#1856 = DIRECTION ( 'NONE',  ( 4.930380657631323784E-32, 1.000000000000000000, 2.220446049250309876E-16 ) ) ;
#1857 = CARTESIAN_POINT ( 'NONE',  ( -7.075310326272465534E-07, 2.054691988635170219, -0.2070767107793319017 ) ) ;
#1858 = VECTOR ( 'NONE', #2208, 39.37007874015748143 ) ;
#1859 = CARTESIAN_POINT ( 'NONE',  ( -0.2215630400127076849, 1.870309783462448694, 0.02182265261566768838 ) ) ;
#1860 = CARTESIAN_POINT ( 'NONE',  ( -0.09170469364752695252, 1.917075766121174141, 0.2027445074607413800 ) ) ;
#1861 = AXIS2_PLACEMENT_3D ( 'NONE', #5270, #2259, #1005 ) ;
#1862 = COLOUR_RGB ( '',0.0000000000000000000, 0.0000000000000000000, 1.000000000000000000 ) ;
#1863 = APPLICATION_PROTOCOL_DEFINITION ( 'draft international standard', 'automotive_design', 1998, #3182 ) ;
#1864 = ORIENTED_EDGE ( 'NONE', *, *, #3990, .T. ) ;
#1865 = LINE ( 'NONE', #3351, #273 ) ;
#1866 = ORIENTED_EDGE ( 'NONE', *, *, #115, .F. ) ;
#1867 = CARTESIAN_POINT ( 'NONE',  ( 0.07618058995471602146, 1.751860218209315923, -1.379133883669923177 ) ) ;
#1868 = VECTOR ( 'NONE', #3242, 39.37007874015748143 ) ;
#1869 = CARTESIAN_POINT ( 'NONE',  ( -0.05757266047706571799, 1.703893155275413740, -0.2148614788877671045 ) ) ;
#1870 = ORIENTED_EDGE ( 'NONE', *, *, #5102, .T. ) ;
#1871 = AXIS2_PLACEMENT_3D ( 'NONE', #4756, #149, #379 ) ;
#1872 = FACE_OUTER_BOUND ( 'NONE', #3588, .T. ) ;
#1873 = CARTESIAN_POINT ( 'NONE',  ( -0.1053838477239258942, 1.889608691730187973, -2.540220662919599925E-08 ) ) ;
#1874 = EDGE_CURVE ( 'NONE', #1462, #2716, #4631, .T. ) ;
#1875 = ORIENTED_EDGE ( 'NONE', *, *, #2340, .F. ) ;
#1876 = CARTESIAN_POINT ( 'NONE',  ( -0.0001499809326302009289, 1.844127897531955051, 0.7305544129797206798 ) ) ;
#1877 = CARTESIAN_POINT ( 'NONE',  ( -0.8666547835259049704, 1.066873195482336278, -0.4946290234502308536 ) ) ;
#1878 = CARTESIAN_POINT ( 'NONE',  ( -0.4192726985831490838, 1.880755141492141069, -0.3738665028758850761 ) ) ;
#1879 = CARTESIAN_POINT ( 'NONE',  ( 0.7238952946581428405, 1.839571487921845661, 0.4306450400605870144 ) ) ;
#1880 = CARTESIAN_POINT ( 'NONE',  ( 0.1903710917291894789, 1.251599516238216303, -0.06389238563905569324 ) ) ;
#1881 = CARTESIAN_POINT ( 'NONE',  ( 0.1021953072790922207, 1.710596686870354821, -2.540220659106432959E-08 ) ) ;
#1882 = CARTESIAN_POINT ( 'NONE',  ( -0.4914007900074316426, 1.075503745409490453, -0.2792865056692762082 ) ) ;
#1883 = APPLICATION_PROTOCOL_DEFINITION ( 'draft international standard', 'automotive_design', 1998, #3586 ) ;
#1884 = UNCERTAINTY_MEASURE_WITH_UNIT (LENGTH_MEASURE( 1.000000000000000082E-05 ), #3839, 'distance_accuracy_value', 'NONE');
#1885 = DIRECTION ( 'NONE',  ( 0.0000000000000000000, 0.0000000000000000000, -1.000000000000000000 ) ) ;
#1886 = AXIS2_PLACEMENT_3D ( 'NONE', #1484, #192, #1045 ) ;
#1887 = CARTESIAN_POINT ( 'NONE',  ( -0.4003816040598790482, 1.841424366017939906, 0.3940003019022942365 ) ) ;
#1888 = CARTESIAN_POINT ( 'NONE',  ( 0.1770404563691724831, 1.116638417020443086, -0.08698172337977949642 ) ) ;
#1889 = ORIENTED_EDGE ( 'NONE', *, *, #1403, .T. ) ;
#1890 = CARTESIAN_POINT ( 'NONE',  ( 0.1828557835364494899, 1.116638417020444418, -0.1213974702397981748 ) ) ;
#1891 = EDGE_CURVE ( 'NONE', #5164, #1522, #3511, .T. ) ;
#1892 = CARTESIAN_POINT ( 'NONE',  ( 0.5662414944112657000, 1.703893155275413740, -0.4089527268049774067 ) ) ;
#1893 = ORIENTED_EDGE ( 'NONE', *, *, #3234, .F. ) ;
#1894 = CARTESIAN_POINT ( 'NONE',  ( -0.0001499809305422073868, 1.650496684736978859, 0.006509137389169365046 ) ) ;
#1895 = CARTESIAN_POINT ( 'NONE',  ( 0.1882504833832832347, 1.788020222360583666, -0.1196782084143440394 ) ) ;
#1896 = CARTESIAN_POINT ( 'NONE',  ( 0.1875957945725003351, 1.228247588680730917, -0.1128240729787267638 ) ) ;
#1897 = ORIENTED_EDGE ( 'NONE', *, *, #561, .F. ) ;
#1898 = CARTESIAN_POINT ( 'NONE',  ( -0.1666532870897929342, 1.283469125681860890, -0.1409921270053664522 ) ) ;
#1899 = APPLICATION_CONTEXT ( 'automotive_design' ) ;
#1900 = CARTESIAN_POINT ( 'NONE',  ( -0.05645632203948957456, 1.903274320068529368, 0.2151613125434761464 ) ) ;
#1901 = ORIENTED_EDGE ( 'NONE', *, *, #4299, .F. ) ;
#1902 = CARTESIAN_POINT ( 'NONE',  ( 0.4389474631949087380, 1.907277071021309389, 0.3506000909536413079 ) ) ;
#1903 = DIRECTION ( 'NONE',  ( -0.4999999999998989142, -3.469446951953608272E-15, -0.8660254037844968833 ) ) ;
#1904 = CARTESIAN_POINT ( 'NONE',  ( 0.2830617942640763496, 1.115613832477188705, 0.02279361791176797922 ) ) ;
#1905 = CARTESIAN_POINT ( 'NONE',  ( 0.06770227016058263936, 1.910820522758153173, 0.2121462368379238295 ) ) ;
#1906 = VERTEX_POINT ( 'NONE', #2228 ) ;
#1907 = DIRECTION ( 'NONE',  ( 0.0000000000000000000, -1.000000000000000000, 0.0000000000000000000 ) ) ;
#1908 = DIRECTION ( 'NONE',  ( 0.0000000000000000000, 0.0000000000000000000, 1.000000000000000000 ) ) ;
#1909 = CARTESIAN_POINT ( 'NONE',  ( 0.1337368475188166483, 1.879993453525601099, -0.1780385235573468117 ) ) ;
#1910 = EDGE_CURVE ( 'NONE', #580, #4068, #1199, .T. ) ;
#1911 = ORIENTED_EDGE ( 'NONE', *, *, #5145, .F. ) ;
#1912 = VECTOR ( 'NONE', #5199, 39.37007874015748143 ) ;
#1913 = CARTESIAN_POINT ( 'NONE',  ( -0.4923439267053953960, 1.061028180799971521, -0.2776591696974407553 ) ) ;
#1914 = EDGE_CURVE ( 'NONE', #1001, #4116, #280, .T. ) ;
#1915 = EDGE_LOOP ( 'NONE', ( #68, #4421, #1738, #4931 ) ) ;
#1916 = CARTESIAN_POINT ( 'NONE',  ( -0.2079020490390658393, 1.719347392813183717, 0.07990954006083279826 ) ) ;
#1917 = CARTESIAN_POINT ( 'NONE',  ( -0.0001499809345715429542, 1.788845715235968470, 0.5748457515550180474 ) ) ;
#1918 = VECTOR ( 'NONE', #2285, 39.37007874015748854 ) ;
#1919 = CARTESIAN_POINT ( 'NONE',  ( -0.09426855777424379690, 1.924468639114974566, -1.379133883669923177 ) ) ;
#1920 = EDGE_LOOP ( 'NONE', ( #2389, #3581, #3133, #2396, #1762 ) ) ;
#1921 = DIRECTION ( 'NONE',  ( -0.0000000000000000000, -1.000000000000000000, -0.0000000000000000000 ) ) ;
#1922 = VECTOR ( 'NONE', #2630, 39.37007874015748143 ) ;
#1923 = CARTESIAN_POINT ( 'NONE',  ( -0.4839487028088342302, 1.173022169377498702, -0.2917841465561613057 ) ) ;
#1924 = FACE_OUTER_BOUND ( 'NONE', #1310, .T. ) ;
#1925 = EDGE_LOOP ( 'NONE', ( #5378, #121, #2218, #2909, #1278 ) ) ;
#1926 = CARTESIAN_POINT ( 'NONE',  ( -0.001810576549747055976, 1.844955220324026701, -2.540220660994825086E-08 ) ) ;
#1927 = CIRCLE ( 'NONE', #4442, 0.2224409448818897572 ) ;
#1928 = CARTESIAN_POINT ( 'NONE',  ( -0.1731525507315999357, 1.066873195482334058, -0.09423532266281992031 ) ) ;
#1929 = ORIENTED_EDGE ( 'NONE', *, *, #1355, .F. ) ;
#1930 = CARTESIAN_POINT ( 'NONE',  ( 0.1076724310056211553, 1.906722958286401814, -0.1950037178280158989 ) ) ;
#1931 = CARTESIAN_POINT ( 'NONE',  ( 0.1137719762094905329, 2.169627812087729257, -2.540220733740559004E-08 ) ) ;
#1932 = ORIENTED_EDGE ( 'NONE', *, *, #841, .F. ) ;
#1933 = AXIS2_PLACEMENT_3D ( 'NONE', #826, #5027, #2920 ) ;
#1934 = PRODUCT_CONTEXT ( 'NONE', #1447, 'mechanical' ) ;
#1935 = CARTESIAN_POINT ( 'NONE',  ( -7.075310326648127823E-07, 1.648282919054943507, 0.2224409194796831690 ) ) ;
#1936 = ORIENTED_EDGE ( 'NONE', *, *, #2262, .T. ) ;
#1937 = CARTESIAN_POINT ( 'NONE',  ( -0.2043347082230861644, 1.863196533952796052, -0.08805157371825063362 ) ) ;
#1938 = CARTESIAN_POINT ( 'NONE',  ( -0.05979402996252122099, 1.336620922617425711, 0.5717219498440403447 ) ) ;
#1939 = CARTESIAN_POINT ( 'NONE',  ( 0.2646748040280486602, 1.105145810011738838, -0.1694364024401592561 ) ) ;
#1940 = AXIS2_PLACEMENT_3D ( 'NONE', #1968, #2397, #5368 ) ;
#1941 = CARTESIAN_POINT ( 'NONE',  ( 0.05526941552932360113, 2.171019139527382347, -0.09125830479010126062 ) ) ;
#1942 = DIRECTION ( 'NONE',  ( -4.869933132958959690E-11, 1.000000000000000000, 1.327868774048510007E-24 ) ) ;
#1943 = CARTESIAN_POINT ( 'NONE',  ( -0.3649758948505641976, 1.078419571563446588, -0.1793977150429491296 ) ) ;
#1944 = EDGE_CURVE ( 'NONE', #1219, #145, #4373, .T. ) ;
#1945 = CARTESIAN_POINT ( 'NONE',  ( -0.0001499809331530941269, 1.854859608376341562, -0.7175361382013822897 ) ) ;
#1946 = CARTESIAN_POINT ( 'NONE',  ( -0.06606630432484339455, 1.331436195623473484, 1.007493389357672964 ) ) ;
#1947 = CARTESIAN_POINT ( 'NONE',  ( 0.2275446599500156875, 2.169627812087729701, 0.1137726583383175116 ) ) ;
#1948 = CARTESIAN_POINT ( 'NONE',  ( 0.1261183828897969039, 2.162509883136230826, -2.540220718493594053E-08 ) ) ;
#1949 = UNCERTAINTY_MEASURE_WITH_UNIT (LENGTH_MEASURE( 1.000000000000000082E-05 ), #3501, 'distance_accuracy_value', 'NONE');
#1950 = ORIENTED_EDGE ( 'NONE', *, *, #1424, .T. ) ;
#1951 = CARTESIAN_POINT ( 'NONE',  ( -0.5505420461137099375, 1.926334100157303553, 0.1112204470387382627 ) ) ;
#1952 = CARTESIAN_POINT ( 'NONE',  ( -0.0001499809305421350434, 1.706106920957450868, -0.5840715712722478470 ) ) ;
#1953 = CARTESIAN_POINT ( 'NONE',  ( -0.07991027299407228723, 1.719347392813183939, -0.2079013669102396655 ) ) ;
#1954 = ORIENTED_EDGE ( 'NONE', *, *, #3260, .F. ) ;
#1955 = CARTESIAN_POINT ( 'NONE',  ( 0.09112795069158192984, 1.872820177874507941, 0.2029948100488291884 ) ) ;
#1956 = AXIS2_PLACEMENT_3D ( 'NONE', #2629, #3794, #2547 ) ;
#1957 = CARTESIAN_POINT ( 'NONE',  ( -0.2223214390071569790, 1.939796410036158436, -2.540220661308549215E-08 ) ) ;
#1958 = CARTESIAN_POINT ( 'NONE',  ( 0.2148607459545278375, 1.926334100157303553, 0.05757192754382648575 ) ) ;
#1959 = DIRECTION ( 'NONE',  ( -1.000000000000000000, 0.0000000000000000000, 1.224646799147353207E-16 ) ) ;
#1960 = CARTESIAN_POINT ( 'NONE',  ( -7.075306182978616788E-07, 1.846439661106183294, 0.2224409194796831968 ) ) ;
#1961 = EDGE_CURVE ( 'NONE', #5351, #2222, #3633, .T. ) ;
#1962 = CARTESIAN_POINT ( 'NONE',  ( -0.05379986601933822721, 1.781347149670130747, -2.540220661313167530E-08 ) ) ;
#1963 = AXIS2_PLACEMENT_3D ( 'NONE', #1991, #2819, #685 ) ;
#1964 = CARTESIAN_POINT ( 'NONE',  ( 0.2242296040761008191, 2.170545325477225340, 0.1121151304013600913 ) ) ;
#1965 = CARTESIAN_POINT ( 'NONE',  ( -1.053840361145865767, 1.926334100157303553, -0.8965501784775119498 ) ) ;
#1966 = DIRECTION ( 'NONE',  ( -0.0000000000000000000, -1.000000000000000000, -2.220446049250310123E-16 ) ) ;
#1967 = VERTEX_POINT ( 'NONE', #569 ) ;
#1968 = CARTESIAN_POINT ( 'NONE',  ( -7.075310326648127823E-07, 1.692771108031319027, -2.540220641473977390E-08 ) ) ;
#1969 =( GEOMETRIC_REPRESENTATION_CONTEXT ( 3 ) GLOBAL_UNCERTAINTY_ASSIGNED_CONTEXT ( ( #2049 ) ) GLOBAL_UNIT_ASSIGNED_CONTEXT ( ( #1109, #3617, #2393 ) ) REPRESENTATION_CONTEXT ( 'NONE', 'WORKASPACE' ) );
#1970 = CARTESIAN_POINT ( 'NONE',  ( -0.2160109626937149196, 1.913331138168369305, -0.05310004155400205317 ) ) ;
#1971 = CARTESIAN_POINT ( 'NONE',  ( 0.2096880684617654367, 1.878136451747051794, 0.07439050313255068936 ) ) ;
#1972 = CARTESIAN_POINT ( 'NONE',  ( -0.09393166847967263089, 2.171019139527382791, 0.05068849274055259313 ) ) ;
#1973 = CARTESIAN_POINT ( 'NONE',  ( 0.3368947557543734428, 1.747078126644262985, 0.4497059559871209311 ) ) ;
#1974 = EDGE_CURVE ( 'NONE', #1330, #3487, #3047, .T. ) ;
#1975 = CARTESIAN_POINT ( 'NONE',  ( -0.5022283524841021363, 1.097399896909736716, -0.2598062618408943925 ) ) ;
#1976 = CIRCLE ( 'NONE', #933, 0.7240452755905510962 ) ;
#1977 = CARTESIAN_POINT ( 'NONE',  ( 0.05760829549538805383, 1.919415172244245849, -0.05760902842862733464 ) ) ;
#1978 = VERTEX_POINT ( 'NONE', #2269 ) ;
#1979 = ORIENTED_EDGE ( 'NONE', *, *, #5319, .F. ) ;
#1980 = CARTESIAN_POINT ( 'NONE',  ( -7.075310326648127823E-07, 1.926334100157303553, -2.540220658365646729E-08 ) ) ;
#1981 = B_SPLINE_CURVE_WITH_KNOTS ( 'NONE', 3,
 ( #2625, #2666, #3078, #2281, #2261, #5237, #3543, #4785, #3557, #1830, #5217, #3933, #1423, #4377, #2694, #2681 ),
 .UNSPECIFIED., .F., .F.,
 ( 4, 2, 2, 2, 2, 2, 2, 4 ),
 ( 0.0000000000000000000, 0.002046144476153349129, 0.004092288952306698258, 0.005115361190383365016, 0.006138433428460030906, 0.007161505666536697665, 0.007673041785575025406, 0.008184577904613351412 ),
 .UNSPECIFIED. ) ;
#1982 = DIRECTION ( 'NONE',  ( 0.0000000000000000000, 1.000000000000000000, 2.220446049250310123E-16 ) ) ;
#1983 = DIRECTION ( 'NONE',  ( 0.0000000000000000000, 0.0000000000000000000, 1.000000000000000000 ) ) ;
#1984 = CYLINDRICAL_SURFACE ( 'NONE', #1933, 0.7240452755905510962 ) ;
#1985 = EDGE_CURVE ( 'NONE', #1671, #2489, #2362, .T. ) ;
#1986 = CARTESIAN_POINT ( 'NONE',  ( -0.0001499809374754892434, 1.839571487886585199, -0.6393544049838447707 ) ) ;
#1987 = AXIS2_PLACEMENT_3D ( 'NONE', #3569, #1037, #1885 ) ;
#1988 = ORIENTED_EDGE ( 'NONE', *, *, #2954, .F. ) ;
#1989 = CARTESIAN_POINT ( 'NONE',  ( -0.0001499809305421377810, 1.706106920943564642, -0.5618274767840587547 ) ) ;
#1990 = ORIENTED_EDGE ( 'NONE', *, *, #4496, .F. ) ;
#1991 = CARTESIAN_POINT ( 'NONE',  ( -7.075310324296406490E-07, 1.948578194645492534, -2.540220688250409395E-08 ) ) ;
#1992 = VECTOR ( 'NONE', #3896, 39.37007874015748854 ) ;
#1993 = CARTESIAN_POINT ( 'NONE',  ( 0.08071616977638022827, 1.905212127105338604, 0.08071685190520627717 ) ) ;
#1994 = LENGTH_MEASURE_WITH_UNIT ( LENGTH_MEASURE( 0.02539999999999999897 ), #3499 );
#1995 = CARTESIAN_POINT ( 'NONE',  ( 0.05094816159320329080, 0.2084659632555735109, 0.08314270855328105558 ) ) ;
#1996 = ORIENTED_EDGE ( 'NONE', *, *, #1532, .T. ) ;
#1997 = FACE_OUTER_BOUND ( 'NONE', #2664, .T. ) ;
#1998 = ORIENTED_EDGE ( 'NONE', *, *, #480, .F. ) ;
#1999 = CARTESIAN_POINT ( 'NONE',  ( -0.1715085472548713297, 1.109918007326325284, -0.2722216521750147611 ) ) ;
#2000 = CIRCLE ( 'NONE', #1467, 0.08897637795275589734 ) ;
#2001 = EDGE_LOOP ( 'NONE', ( #3714, #2651, #1875, #2791, #951, #4732 ) ) ;
#2002 = CARTESIAN_POINT ( 'NONE',  ( -0.09349876671755842639, 1.728393678196920025, -2.540220661556253743E-08 ) ) ;
#2003 = CARTESIAN_POINT ( 'NONE',  ( -7.075310326648127823E-07, 2.148775045039192921, -2.540220658365646729E-08 ) ) ;
#2004 = CARTESIAN_POINT ( 'NONE',  ( -1.389870663509344898E-17, 0.4309069081374632959, -2.766492808827325183E-17 ) ) ;
#2005 = ORIENTED_EDGE ( 'NONE', *, *, #688, .F. ) ;
#2006 = PRODUCT_DEFINITION ( 'UNKNOWN', '', #130, #4801 ) ;
#2007 = CARTESIAN_POINT ( 'NONE',  ( 0.4149277606293206855, 1.769416692216433606, -0.3791593983030799864 ) ) ;
#2008 = CARTESIAN_POINT ( 'NONE',  ( -0.2024232346826121964, 1.116638417020444418, -0.08802519986375362260 ) ) ;
#2009 = CARTESIAN_POINT ( 'NONE',  ( 0.1640750340248841865, 1.131854068384381184, -0.1094384936216755977 ) ) ;
#2010 = CARTESIAN_POINT ( 'NONE',  ( 0.1289897969524743393, 1.760194493157263729, 0.1815559780756866026 ) ) ;
#2011 = CARTESIAN_POINT ( 'NONE',  ( -0.1056937361666548392, 2.171019139527381903, -0.01676350071033567285 ) ) ;
#2012 = CARTESIAN_POINT ( 'NONE',  ( 0.07960311005025069719, 1.924745851044262768, 0.07960379217907674609 ) ) ;
#2013 = EDGE_CURVE ( 'NONE', #4068, #5010, #132, .T. ) ;
#2014 = CARTESIAN_POINT ( 'NONE',  ( 0.09846622460421036727, 2.171019139527381903, -0.04092059772295331133 ) ) ;
#2015 = CARTESIAN_POINT ( 'NONE',  ( -0.2215885539858330200, 1.960695240334310308, -2.540220661737535669E-08 ) ) ;
#2016 = CARTESIAN_POINT ( 'NONE',  ( 0.07864404273873103202, 1.926334100157303553, 0.07864472486755709479 ) ) ;
#2017 = ADVANCED_FACE ( 'NONE', ( #1064 ), #94, .T. ) ;
#2018 = CARTESIAN_POINT ( 'NONE',  ( 0.1961910536983362263, 1.116638417020445528, -0.09803832590291393367 ) ) ;
#2019 = CARTESIAN_POINT ( 'NONE',  ( -0.07618200501678111525, 1.751860218209315923, -2.540220661450218784E-08 ) ) ;
#2020 = ORIENTED_EDGE ( 'NONE', *, *, #271, .T. ) ;
#2021 = VERTEX_POINT ( 'NONE', #4512 ) ;
#2022 = CARTESIAN_POINT ( 'NONE',  ( 0.2013569490954613683, 1.724883122525789458, 0.09612017259147755122 ) ) ;
#2023 = DIRECTION ( 'NONE',  ( -0.0000000000000000000, -0.0000000000000000000, 1.000000000000000000 ) ) ;
#2024 = CARTESIAN_POINT ( 'NONE',  ( -1.389870663509346131E-17, 0.4189173647663950173, -3.032714150933364196E-17 ) ) ;
#2025 = CARTESIAN_POINT ( 'NONE',  ( -7.075310326531167396E-07, 2.166412236717524031, 0.09550545659201042925 ) ) ;
#2026 = CARTESIAN_POINT ( 'NONE',  ( -1.181311398248742872, 1.706106920899929325, 0.5970898460505864591 ) ) ;
#2027 = CARTESIAN_POINT ( 'NONE',  ( -0.1157818574730717226, 2.168570798939339017, 0.1157811245398324418 ) ) ;
#2028 = CARTESIAN_POINT ( 'NONE',  ( 0.08109406719126119323, 1.921271663787443851, 0.08109474932008724213 ) ) ;
#2029 = CARTESIAN_POINT ( 'NONE',  ( -0.5604952126910858201, 1.821303089801792119, 0.03761162210012033991 ) ) ;
#2030 = CARTESIAN_POINT ( 'NONE',  ( -0.2219671309420319649, 1.951176915564387659, -2.540220661548323728E-08 ) ) ;
#2031 = CARTESIAN_POINT ( 'NONE',  ( -7.075310326049696928E-07, 2.169627812087729701, -2.540220651761025775E-08 ) ) ;
#2032 = VERTEX_POINT ( 'NONE', #2781 ) ;
#2033 = CARTESIAN_POINT ( 'NONE',  ( -7.075310326773282235E-07, 1.710596686870354821, 0.1021959894079182696 ) ) ;
#2034 = CARTESIAN_POINT ( 'NONE',  ( 0.9739144251578447653, 1.844955220324026701, 0.9764746485990545288 ) ) ;
#2035 = PRESENTATION_LAYER_ASSIGNMENT (  '', '', ( #1019 ) ) ;
#2036 = CARTESIAN_POINT ( 'NONE',  ( -0.07451784058416015266, 1.889608691730187973, 0.07451710765092064981 ) ) ;
#2037 = SURFACE_STYLE_USAGE ( .BOTH. , #337 ) ;
#2038 = CARTESIAN_POINT ( 'NONE',  ( 0.09749464065432114634, 0.4309069081374632959, -0.001794491289416953132 ) ) ;
#2039 = ADVANCED_FACE ( 'NONE', ( #3387 ), #2414, .T. ) ;
#2040 = CARTESIAN_POINT ( 'NONE',  ( 0.1943872507822452245, 1.926334100157303553, -0.1081355682303777738 ) ) ;
#2041 = CARTESIAN_POINT ( 'NONE',  ( 0.7052102552870312957, 1.860690414755245881, 0.4196995974103215898 ) ) ;
#2042 = FACE_OUTER_BOUND ( 'NONE', #2895, .T. ) ;
#2043 = CARTESIAN_POINT ( 'NONE',  ( -0.1831654628298074461, 1.116439203011143855, -0.07689245017700323259 ) ) ;
#2044 = ORIENTED_EDGE ( 'NONE', *, *, #220, .T. ) ;
#2045 = CARTESIAN_POINT ( 'NONE',  ( -0.05847183150635712479, 1.903895685755786715, -0.2148122700966151877 ) ) ;
#2046 = DIRECTION ( 'NONE',  ( 0.0000000000000000000, 1.000000000000000000, 2.220446049250310123E-16 ) ) ;
#2047 = VERTEX_POINT ( 'NONE', #4077 ) ;
#2048 = EDGE_CURVE ( 'NONE', #4908, #4295, #3244, .T. ) ;
#2049 = UNCERTAINTY_MEASURE_WITH_UNIT (LENGTH_MEASURE( 1.000000000000000082E-05 ), #1109, 'distance_accuracy_value', 'NONE');
#2050 = CARTESIAN_POINT ( 'NONE',  ( 0.4821272960049129974, 1.116638417020444196, -0.2941819585242468893 ) ) ;
#2051 = DIRECTION ( 'NONE',  ( 0.0000000000000000000, -2.401145779328437928E-15, -1.000000000000000000 ) ) ;
#2052 = VECTOR ( 'NONE', #358, 39.37007874015748854 ) ;
#2053 = ORIENTED_EDGE ( 'NONE', *, *, #1028, .F. ) ;
#2054 = CARTESIAN_POINT ( 'NONE',  ( -7.075310326507679172E-07, 1.921271663787443851, -0.1146853556520654738 ) ) ;
#2055 = CARTESIAN_POINT ( 'NONE',  ( -7.075310326344219813E-07, 1.944206735630335636, -0.2222070147800220552 ) ) ;
#2056 = VECTOR ( 'NONE', #4517, 39.37007874015748143 ) ;
#2057 = VERTEX_POINT ( 'NONE', #5373 ) ;
#2058 = CARTESIAN_POINT ( 'NONE',  ( -0.3310910516677401105, 1.867940490486982297, 0.4537237944445781102 ) ) ;
#2059 = CARTESIAN_POINT ( 'NONE',  ( -7.075310326648127823E-07, 1.692771108031319027, -2.540220641473977390E-08 ) ) ;
#2060 = VERTEX_POINT ( 'NONE', #645 ) ;
#2061 = B_SPLINE_CURVE_WITH_KNOTS ( 'NONE', 5,
 ( #1931, #260, #1948, #1091, #4884, #3219, #4034, #1485, #2361, #2376, #3157, #663, #4907, #5318, #1110 ),
 .UNSPECIFIED., .F., .F.,
 ( 6, 1, 1, 1, 1, 1, 1, 1, 1, 1, 6 ),
 ( -0.9887490276906323317, -0.9000000000000000222, -0.8000000000000000444, -0.6999999999999999556, -0.5999999999999999778, -0.5000000000000000000, -0.4000000000000000222, -0.3000000000000000444, -0.1999999999999999556, -0.09999999999999997780, -0.06271658775695232446 ),
 .UNSPECIFIED. ) ;
#2062 = CARTESIAN_POINT ( 'NONE',  ( 1.053838946083800465, 1.703893155275413740, -0.8965501784775119498 ) ) ;
#2063 = CARTESIAN_POINT ( 'NONE',  ( -0.3212359206740632578, 1.092532255319533796, -0.1836851045126602910 ) ) ;
#2064 = VERTEX_POINT ( 'NONE', #2364 ) ;
#2065 = LINE ( 'NONE', #1252, #945 ) ;
#2066 = CARTESIAN_POINT ( 'NONE',  ( 0.09775633488898181900, 0.4309069081374632404, 0.1900492493713390463 ) ) ;
#2067 = CIRCLE ( 'NONE', #4770, 0.09550548199421698969 ) ;
#2068 = CARTESIAN_POINT ( 'NONE',  ( -0.08742227667752826281, 1.921447095900731483, -0.2046195924620070050 ) ) ;
#2069 = ORIENTED_EDGE ( 'NONE', *, *, #1985, .F. ) ;
#2070 = CARTESIAN_POINT ( 'NONE',  ( -0.03090503641132319110, 1.892061177074431333, 0.03090430347808391376 ) ) ;
#2071 = CARTESIAN_POINT ( 'NONE',  ( -0.5505420461137098265, 1.703893155275413740, -0.1112204978431515084 ) ) ;
#2072 = ORIENTED_EDGE ( 'NONE', *, *, #5392, .F. ) ;
#2073 = CARTESIAN_POINT ( 'NONE',  ( -1.389870663509346131E-17, 0.1194895853028176413, 0.08897637795275580019 ) ) ;
#2074 = CARTESIAN_POINT ( 'NONE',  ( -1.389870663509346131E-17, 0.1194895853028176413, 0.08897637795275580019 ) ) ;
#2075 = ADVANCED_FACE ( 'NONE', ( #2110 ), #4092, .T. ) ;
#2076 = CARTESIAN_POINT ( 'NONE',  ( 1.379133150736683966, 1.797124093125409772, -0.009287321674312854977 ) ) ;
#2077 = CARTESIAN_POINT ( 'NONE',  ( -7.075310326335214794E-07, 1.948578194645492534, -0.2220561400143302999 ) ) ;
#2078 = CARTESIAN_POINT ( 'NONE',  ( -1.246588623785081840, 1.850761759345838753, -0.6167101840348573338 ) ) ;
#2079 = CARTESIAN_POINT ( 'NONE',  ( 0.05222656846703358641, 1.040979925931208472, 0.2067059877828699155 ) ) ;
#2080 = CARTESIAN_POINT ( 'NONE',  ( -0.0001499809305422073868, 1.650496684736978859, 0.006509137389169365046 ) ) ;
#2081 = CARTESIAN_POINT ( 'NONE',  ( 0.1663791172451541678, 1.189219009695275053, -0.1054477044193010138 ) ) ;
#2082 = ORIENTED_EDGE ( 'NONE', *, *, #2737, .F. ) ;
#2083 = DIRECTION ( 'NONE',  ( 0.0000000000000000000, -2.803690145631479487E-16, 1.000000000000000000 ) ) ;
#2084 = DIMENSIONAL_EXPONENTS ( 1.000000000000000000, 0.0000000000000000000, 0.0000000000000000000, 0.0000000000000000000, 0.0000000000000000000, 0.0000000000000000000, 0.0000000000000000000 ) ;
#2085 = CARTESIAN_POINT ( 'NONE',  ( 0.8570878863616651078, 1.116439203011146075, -0.5106798262257506993 ) ) ;
#2086 = CARTESIAN_POINT ( 'NONE',  ( -0.1157818574730717504, 2.168570798939339017, -2.540220652434987723E-08 ) ) ;
#2087 = CARTESIAN_POINT ( 'NONE',  ( -0.8984338939755865949, 1.926437203932589215, 1.051956594843378001 ) ) ;
#2088 = ORIENTED_EDGE ( 'NONE', *, *, #2048, .F. ) ;
#2089 = CARTESIAN_POINT ( 'NONE',  ( 1.379133150736683966, 1.926334100157303553, -0.1112204978431512725 ) ) ;
#2090 = EDGE_CURVE ( 'NONE', #4650, #1103, #1788, .T. ) ;
#2091 = CARTESIAN_POINT ( 'NONE',  ( -0.2224383572803197706, 1.930860030043399789, 0.2224376243470805314 ) ) ;
#2092 = EDGE_CURVE ( 'NONE', #1462, #2809, #5222, .T. ) ;
#2093 = AXIS2_PLACEMENT_3D ( 'NONE', #2024, #5045, #3370 ) ;
#2094 = CARTESIAN_POINT ( 'NONE',  ( -0.3078603168432759163, 1.910031424489863960, 0.4697759169704928683 ) ) ;
#2095 = CARTESIAN_POINT ( 'NONE',  ( 0.03579836599432277555, 1.167441934753319144, 1.007493389357672964 ) ) ;
#2096 = CARTESIAN_POINT ( 'NONE',  ( -1.379134565798749046, 1.703893155275413740, -0.1112204978431514807 ) ) ;
#2097 = CARTESIAN_POINT ( 'NONE',  ( 0.9943517464292680463, 1.814965130096564350, -0.9560373781320444797 ) ) ;
#2098 = ADVANCED_FACE ( 'NONE', ( #4312 ), #4664, .F. ) ;
#2099 = CARTESIAN_POINT ( 'NONE',  ( -0.06618552477702975556, 1.279613884047537953, 0.2189371660909783524 ) ) ;
#2100 = CARTESIAN_POINT ( 'NONE',  ( 0.4819693784338139886, 1.111829653643338078, -0.2944352419011241895 ) ) ;
#2101 = CARTESIAN_POINT ( 'NONE',  ( -0.1531046618540815862, 2.142638581168790690, -2.540220656918211351E-08 ) ) ;
#2102 = CARTESIAN_POINT ( 'NONE',  ( -0.08243312426751267519, 1.919091310806188000, -0.2066695915788373805 ) ) ;
#2103 = ORIENTED_EDGE ( 'NONE', *, *, #4635, .T. ) ;
#2104 = CARTESIAN_POINT ( 'NONE',  ( 0.1622336396625286004, 1.066695959405554506, -0.1126278822140465430 ) ) ;
#2105 = CARTESIAN_POINT ( 'NONE',  ( 0.1531032467920162565, 2.142638581168790690, 0.1531039289208423193 ) ) ;
#2106 = CARTESIAN_POINT ( 'NONE',  ( -0.07864545780079636172, 1.926334100157303553, -0.07864477567197031282 ) ) ;
#2107 = CARTESIAN_POINT ( 'NONE',  ( -0.3946266273531752189, 1.786382252198471354, -0.4002135212128406505 ) ) ;
#2108 = CARTESIAN_POINT ( 'NONE',  ( 0.5527228274602845604, 1.883289228466591636, -0.09989009291835899973 ) ) ;
#2109 = AXIS2_PLACEMENT_3D ( 'NONE', #5015, #5438, #815 ) ;
#2110 = FACE_OUTER_BOUND ( 'NONE', #2811, .T. ) ;
#2111 = ORIENTED_EDGE ( 'NONE', *, *, #2092, .T. ) ;
#2112 = CARTESIAN_POINT ( 'NONE',  ( -1.379134565798749046, 1.723836302417243171, -0.08448693761140527170 ) ) ;
#2113 = CARTESIAN_POINT ( 'NONE',  ( -0.09593634427935920916, 1.878336369086872626, -0.5534295240006792405 ) ) ;
#2114 = CARTESIAN_POINT ( 'NONE',  ( -7.075310326648127823E-07, 1.926334100157303553, 0.1112204470387382627 ) ) ;
#2115 = CARTESIAN_POINT ( 'NONE',  ( -0.2222193462990992852, 1.113496119116562655, -0.1299768266907089798 ) ) ;
#2116 = ORIENTED_EDGE ( 'NONE', *, *, #3598, .F. ) ;
#2117 = EDGE_CURVE ( 'NONE', #17, #1544, #990, .T. ) ;
#2118 = CARTESIAN_POINT ( 'NONE',  ( 0.4818175997218419049, 1.107020134748178952, -0.2946782365977100859 ) ) ;
#2119 = CARTESIAN_POINT ( 'NONE',  ( 0.1374201713188107354, 2.155111100308018113, -2.540220661656980188E-08 ) ) ;
#2120 = CIRCLE ( 'NONE', #2146, 0.5683366141732283383 ) ;
#2121 = CARTESIAN_POINT ( 'NONE',  ( -0.1134429358953441408, 1.923221577143463312, -0.1913410918601948785 ) ) ;
#2122 = CARTESIAN_POINT ( 'NONE',  ( 0.06846273110957316888, 1.848849985279380936, -2.540220660564525731E-08 ) ) ;
#2123 = ORIENTED_EDGE ( 'NONE', *, *, #487, .T. ) ;
#2124 = CARTESIAN_POINT ( 'NONE',  ( -7.075310326338411285E-07, 2.080766179256611004, -0.1974887174967476511 ) ) ;
#2125 = CARTESIAN_POINT ( 'NONE',  ( 0.9115265709507460734, 1.870764955127810936, -1.038862553610566453 ) ) ;
#2126 = VERTEX_POINT ( 'NONE', #314 ) ;
#2127 = CIRCLE ( 'NONE', #117, 0.1557086614173232575 ) ;
#2128 = ADVANCED_FACE ( 'NONE', ( #193 ), #1205, .F. ) ;
#2129 = DIRECTION ( 'NONE',  ( 0.0000000000000000000, -2.312848992186133434E-16, 1.000000000000000000 ) ) ;
#2130 = ORIENTED_EDGE ( 'NONE', *, *, #2460, .T. ) ;
#2131 = FACE_OUTER_BOUND ( 'NONE', #3266, .T. ) ;
#2132 = CARTESIAN_POINT ( 'NONE',  ( -7.075310326921367946E-07, 1.930860030043399789, 0.2224376243470805037 ) ) ;
#2133 = ORIENTED_EDGE ( 'NONE', *, *, #3747, .T. ) ;
#2134 = CARTESIAN_POINT ( 'NONE',  ( 1.136523247399360725, 1.788845715291324634, -0.5618274767777967638 ) ) ;
#2135 = VERTEX_POINT ( 'NONE', #2008 ) ;
#2136 = DIRECTION ( 'NONE',  ( 0.0000000000000000000, 0.0000000000000000000, 1.000000000000000000 ) ) ;
#2137 = CARTESIAN_POINT ( 'NONE',  ( -0.1920628964965791496, 1.903274320068527148, 0.1122218678533722092 ) ) ;
#2138 = DIRECTION ( 'NONE',  ( -2.713294730641134369E-15, -1.000000000000000000, 2.713294730641137524E-15 ) ) ;
#2139 = ORIENTED_EDGE ( 'NONE', *, *, #3350, .T. ) ;
#2140 = CARTESIAN_POINT ( 'NONE',  ( -7.075310326503383657E-07, 2.142638581168790690, 0.1531039289208423193 ) ) ;
#2141 = CARTESIAN_POINT ( 'NONE',  ( -0.8498822574622703074, 1.251599516238218301, -0.5236798907637172373 ) ) ;
#2142 = CARTESIAN_POINT ( 'NONE',  ( -7.075310326648127823E-07, 1.692771108031319027, -2.540220641473977390E-08 ) ) ;
#2143 = CARTESIAN_POINT ( 'NONE',  ( 0.1125760909090918194, 1.924745851044262768, 1.379133832865509834 ) ) ;
#2144 = CARTESIAN_POINT ( 'NONE',  ( -0.1531046618540815862, 2.142638581168790690, -2.540220656918211351E-08 ) ) ;
#2145 = CARTESIAN_POINT ( 'NONE',  ( 0.008135241982621362403, 1.116638417020445306, 0.2733096575978153364 ) ) ;
#2146 = AXIS2_PLACEMENT_3D ( 'NONE', #4722, #3030, #3812 ) ;
#2147 = CARTESIAN_POINT ( 'NONE',  ( -0.03054852459890664701, 1.810721966159431373, 0.5611007096021201068 ) ) ;
#2148 = CARTESIAN_POINT ( 'NONE',  ( -0.1888612573571463171, 1.116638417020444196, -0.1112534547587183398 ) ) ;
#2149 = CARTESIAN_POINT ( 'NONE',  ( -0.2215885539858330200, 1.960695240334310308, -2.540220661737535669E-08 ) ) ;
#2150 = AXIS2_PLACEMENT_3D ( 'NONE', #4797, #1027, #188 ) ;
#2151 = EDGE_LOOP ( 'NONE', ( #4520, #603, #1988, #1719, #3309, #2130, #2111, #4331, #5439 ) ) ;
#2152 = CARTESIAN_POINT ( 'NONE',  ( -0.1110153938134799817, 1.900617607436893453, -0.5505848752622605202 ) ) ;
#2153 = ADVANCED_FACE ( 'NONE', ( #3690 ), #550, .T. ) ;
#2154 = EDGE_CURVE ( 'NONE', #665, #4181, #1718, .T. ) ;
#2155 = CARTESIAN_POINT ( 'NONE',  ( 0.009374003649047215822, 1.782227950111140879, -0.2224409702840963177 ) ) ;
#2156 = CARTESIAN_POINT ( 'NONE',  ( -0.1374215863808760374, 2.155111100308018113, -2.540220655074313600E-08 ) ) ;
#2157 = CARTESIAN_POINT ( 'NONE',  ( -0.04758225192039466922, 1.830056646148337629, -0.2176153677930761365 ) ) ;
#2158 = CARTESIAN_POINT ( 'NONE',  ( 0.1112197649099122138, 1.926334100157303553, 1.379133832865509834 ) ) ;
#2159 = CARTESIAN_POINT ( 'NONE',  ( -0.2070773929081581866, 2.054691988635170219, -2.540220662122269614E-08 ) ) ;
#2160 = CARTESIAN_POINT ( 'NONE',  ( -1.029063922927865526, 1.751860218209315923, 0.9213265658910992917 ) ) ;
#2161 = VERTEX_POINT ( 'NONE', #5048 ) ;
#2162 = CARTESIAN_POINT ( 'NONE',  ( -7.075310326531166337E-07, 2.159897092283287634, 0.09550545659201042925 ) ) ;
#2163 = VERTEX_POINT ( 'NONE', #5081 ) ;
#2164 = CARTESIAN_POINT ( 'NONE',  ( -0.5617219698363363767, 1.851508584093072729, 0.004344907126945136977 ) ) ;
#2165 = ADVANCED_FACE ( 'NONE', ( #704 ), #2442, .T. ) ;
#2166 = AXIS2_PLACEMENT_3D ( 'NONE', #4060, #4930, #3184 ) ;
#2167 = CARTESIAN_POINT ( 'NONE',  ( -0.2142073067522385077, 2.026044938440203502, -0.2142066246234126392 ) ) ;
#2168 = CARTESIAN_POINT ( 'NONE',  ( -0.1902904052644514843, 1.913331138168368195, 0.1151949093271128349 ) ) ;
#2169 = EDGE_CURVE ( 'NONE', #1430, #58, #5193, .T. ) ;
#2170 = CARTESIAN_POINT ( 'NONE',  ( 0.4821272960049129974, 1.116638417020444196, -0.2941819585242468893 ) ) ;
#2171 = CARTESIAN_POINT ( 'NONE',  ( -0.2070773929081581310, 2.054691988635170663, 0.2070766599749186143 ) ) ;
#2172 = DIRECTION ( 'NONE',  ( 0.0000000000000000000, 1.000000000000000000, 2.220446049250310123E-16 ) ) ;
#2173 = PLANE ( 'NONE',  #3238 ) ;
#2174 = CARTESIAN_POINT ( 'NONE',  ( -0.2215885539858329922, 1.960695240334310308, 0.2215878210525937531 ) ) ;
#2175 = CARTESIAN_POINT ( 'NONE',  ( -0.08205056066677114679, 1.915167437866163835, -0.08204987853794511177 ) ) ;
#2176 = VECTOR ( 'NONE', #1748, 39.37007874015748143 ) ;
#2177 = ORIENTED_EDGE ( 'NONE', *, *, #1695, .F. ) ;
#2178 = FILL_AREA_STYLE ('',( #3383 ) ) ;
#2179 = ORIENTED_EDGE ( 'NONE', *, *, #4773, .F. ) ;
#2180 = CARTESIAN_POINT ( 'NONE',  ( -0.07864545780079636172, 1.926334100157303553, 0.07864472486755709479 ) ) ;
#2181 =( GEOMETRIC_REPRESENTATION_CONTEXT ( 3 ) GLOBAL_UNCERTAINTY_ASSIGNED_CONTEXT ( ( #1318 ) ) GLOBAL_UNIT_ASSIGNED_CONTEXT ( ( #560, #3537, #4340 ) ) REPRESENTATION_CONTEXT ( 'NONE', 'WORKASPACE' ) );
#2182 = CARTESIAN_POINT ( 'NONE',  ( -0.5531013251804917097, 1.925149903294518072, 0.09790923744441235033 ) ) ;
#2183 = CIRCLE ( 'NONE', #908, 0.5905807086614173196 ) ;
#2184 = ORIENTED_EDGE ( 'NONE', *, *, #1831, .T. ) ;
#2185 = CARTESIAN_POINT ( 'NONE',  ( 0.2220554070810909775, 1.948578194645492756, 0.2220560892099173456 ) ) ;
#2186 = FACE_OUTER_BOUND ( 'NONE', #3235, .T. ) ;
#2187 = DIRECTION ( 'NONE',  ( -4.440926279653188389E-15, 0.0000000000000000000, 1.000000000000000000 ) ) ;
#2188 = LINE ( 'NONE', #5326, #2056 ) ;
#2189 = CARTESIAN_POINT ( 'NONE',  ( -1.379134565798749046, 1.926334100157303553, 0.1112204470387382627 ) ) ;
#2190 = ORIENTED_EDGE ( 'NONE', *, *, #3787, .F. ) ;
#2191 = CARTESIAN_POINT ( 'NONE',  ( 0.1949472368836805691, 1.280526411776959250, -0.05596626972866724364 ) ) ;
#2192 = CARTESIAN_POINT ( 'NONE',  ( -7.075310325667405548E-07, 2.171019139527382347, 0.1083862841415768191 ) ) ;
#2193 = VERTEX_POINT ( 'NONE', #430 ) ;
#2194 = CARTESIAN_POINT ( 'NONE',  ( -7.075310326648127823E-07, 1.926334100157303553, -2.540220658365646729E-08 ) ) ;
#2195 = LINE ( 'NONE', #868, #5440 ) ;
#2196 = CARTESIAN_POINT ( 'NONE',  ( -0.1112211799719775435, 1.703893155275413740, 1.379133832865509834 ) ) ;
#2197 = ORIENTED_EDGE ( 'NONE', *, *, #853, .T. ) ;
#2198 = VECTOR ( 'NONE', #2693, 39.37007874015748143 ) ;
#2199 = CARTESIAN_POINT ( 'NONE',  ( -0.2070773929081581866, 2.054691988635170219, -2.540220662122269614E-08 ) ) ;
#2200 =( NAMED_UNIT ( * ) SI_UNIT ( $, .STERADIAN. ) SOLID_ANGLE_UNIT ( ) );
#2201 = FACE_OUTER_BOUND ( 'NONE', #4443, .T. ) ;
#2202 = EDGE_CURVE ( 'NONE', #2258, #3271, #2674, .T. ) ;
#2203 = ORIENTED_EDGE ( 'NONE', *, *, #562, .T. ) ;
#2204 = EDGE_CURVE ( 'NONE', #3271, #2163, #542, .T. ) ;
#2205 = FILL_AREA_STYLE ('',( #2236 ) ) ;
#2206 = AXIS2_PLACEMENT_3D ( 'NONE', #3924, #1837, #4364 ) ;
#2207 = ORIENTED_EDGE ( 'NONE', *, *, #3518, .T. ) ;
#2208 = DIRECTION ( 'NONE',  ( 0.0000000000000000000, -1.000000000000000000, -2.220446049250310369E-16 ) ) ;
#2209 = DIRECTION ( 'NONE',  ( 0.0000000000000000000, 1.000000000000000000, 2.220446049250310123E-16 ) ) ;
#2210 = CARTESIAN_POINT ( 'NONE',  ( -0.06979235918828866070, 1.293233302430104370, 0.2177708464797528387 ) ) ;
#2211 = DIRECTION ( 'NONE',  ( 0.0000000000000000000, 0.0000000000000000000, 1.000000000000000000 ) ) ;
#2212 = CARTESIAN_POINT ( 'NONE',  ( 0.03761093997129434652, 1.821303089801791897, 0.5604944797578468307 ) ) ;
#2213 = CARTESIAN_POINT ( 'NONE',  ( -0.2224416524129224360, 1.926334100157303553, -2.540220660983742851E-08 ) ) ;
#2214 = CARTESIAN_POINT ( 'NONE',  ( 0.1597360886582658845, 1.850334931845767805, 0.1550814125385432674 ) ) ;
#2215 = CARTESIAN_POINT ( 'NONE',  ( 0.2206241087028692760, 1.976823799906982204, -2.540220654717431819E-08 ) ) ;
#2216 = CARTESIAN_POINT ( 'NONE',  ( 0.6549759686510910894, 0.7471941431536005540, 1.902245387820234557 ) ) ;
#2217 = B_SPLINE_CURVE_WITH_KNOTS ( 'NONE', 3,
 ( #3044, #5099, #1370, #496, #3463, #3481, #4332, #2152, #22, #53, #4273, #2113, #1730, #2564, #427, #3413, #3442, #1301, #4668, #3823 ),
 .UNSPECIFIED., .F., .F.,
 ( 4, 2, 2, 2, 2, 2, 2, 2, 2, 4 ),
 ( 0.0000000000000000000, 0.0001483656340469123244, 0.0002967312680938246489, 0.0005934625361876701144, 0.0008901938042815155799, 0.001186925072375361045, 0.001780387608563051760, 0.002373850144750742908, 0.003560775217126110025, 0.004747700289501477142 ),
 .UNSPECIFIED. ) ;
#2218 = ORIENTED_EDGE ( 'NONE', *, *, #2485, .F. ) ;
#2219 = PLANE ( 'NONE',  #4320 ) ;
#2220 = B_SPLINE_CURVE_WITH_KNOTS ( 'NONE', 5,
 ( #403, #2929, #2905, #1214, #4997, #4566 ),
 .UNSPECIFIED., .F., .F.,
 ( 6, 6 ),
 ( -0.06271658775695229671, 0.0000000000000000000 ),
 .UNSPECIFIED. ) ;
#2221 = CARTESIAN_POINT ( 'NONE',  ( -7.075310326532681467E-07, 1.924468639114974566, -0.09426787564541820597 ) ) ;
#2222 = VERTEX_POINT ( 'NONE', #1265 ) ;
#2223 = CARTESIAN_POINT ( 'NONE',  ( -0.2206255237649346612, 1.976823799906982204, -2.540220662013861970E-08 ) ) ;
#2224 = EDGE_CURVE ( 'NONE', #3932, #3334, #576, .T. ) ;
#2225 = CARTESIAN_POINT ( 'NONE',  ( 0.04319770931573280182, 1.116638417020445528, 0.2698950524503926918 ) ) ;
#2226 = EDGE_CURVE ( 'NONE', #3932, #2569, #4556, .T. ) ;
#2227 = CARTESIAN_POINT ( 'NONE',  ( -7.075310326648127823E-07, 1.814965130096564350, -0.02709289330411563876 ) ) ;
#2228 = CARTESIAN_POINT ( 'NONE',  ( -3.002242989136698066E-18, 0.1194895853028176691, -0.08897637795275600836 ) ) ;
#2229 = CARTESIAN_POINT ( 'NONE',  ( -0.4322763506841269532, 1.898757680464179476, -0.3587519087365818593 ) ) ;
#2230 = CARTESIAN_POINT ( 'NONE',  ( -0.08964951300167521564, 1.719916982635089520, 0.5548992256997236083 ) ) ;
#2231 = CARTESIAN_POINT ( 'NONE',  ( 0.1112197649099122138, 1.703893155275413740, -2.540220658940656369E-08 ) ) ;
#2232 = CARTESIAN_POINT ( 'NONE',  ( -0.1787313230673741316, 1.809015648123437403, 0.1335737033217465342 ) ) ;
#2233 = CARTESIAN_POINT ( 'NONE',  ( -0.2206255237649346612, 1.976823799906982204, -2.540220662013861970E-08 ) ) ;
#2234 = CARTESIAN_POINT ( 'NONE',  ( -0.08522443878963402442, 2.171019139527381903, -0.06450265121721369954 ) ) ;
#2235 = ORIENTED_EDGE ( 'NONE', *, *, #3764, .F. ) ;
#2236 = FILL_AREA_STYLE_COLOUR ( '', #1586 ) ;
#2237 = CARTESIAN_POINT ( 'NONE',  ( -0.3106474710965991815, 1.926334100157303553, 0.4679362387028874193 ) ) ;
#2238 = CARTESIAN_POINT ( 'NONE',  ( 1.379133150736683966, 1.751860218209315923, 0.07618127208354207036 ) ) ;
#2239 = CARTESIAN_POINT ( 'NONE',  ( 0.2035123364876633978, 1.719347392813183939, 0.09050382737531853516 ) ) ;
#2240 = CARTESIAN_POINT ( 'NONE',  ( -1.379134565798749046, 1.919415172244245849, 0.08147140799255014887 ) ) ;
#2241 = CARTESIAN_POINT ( 'NONE',  ( -0.05857903818279962260, 1.903983291942271894, -0.5586727033987167745 ) ) ;
#2242 = CARTESIAN_POINT ( 'NONE',  ( -0.01334941268624421397, 1.314031424721199048, 0.5747038061908523732 ) ) ;
#2243 = CARTESIAN_POINT ( 'NONE',  ( 0.4183579957184229148, 1.810721966159431595, -0.3751575914533812339 ) ) ;
#2244 = VERTEX_POINT ( 'NONE', #2961 ) ;
#2245 = ITEM_DEFINED_TRANSFORMATION ( 'NONE', 'NONE', #751,  #477 ) ;
#2246 = CARTESIAN_POINT ( 'NONE',  ( -0.2224416524129223804, 1.926334100157303331, -0.2224409702840963177 ) ) ;
#2247 = CARTESIAN_POINT ( 'NONE',  ( 0.1895004209417458507, 1.898198045511205967, 0.1169305641096610310 ) ) ;
#2248 = AXIS2_PLACEMENT_3D ( 'NONE', #1266, #3, #4236 ) ;
#2249 = EDGE_LOOP ( 'NONE', ( #426, #1053, #2933, #1870, #1998 ) ) ;
#2250 =( NAMED_UNIT ( * ) PLANE_ANGLE_UNIT ( ) SI_UNIT ( $, .RADIAN. ) );
#2251 = B_SPLINE_CURVE_WITH_KNOTS ( 'NONE', 3,
 ( #1367, #2574, #4677, #3009, #459, #3858, #1757, #5129 ),
 .UNSPECIFIED., .F., .F.,
 ( 4, 2, 2, 4 ),
 ( 1.939479807224432123E-18, 0.001457153888681729861, 0.002914307777363457554, 0.005828615554726914241 ),
 .UNSPECIFIED. ) ;
#2252 = LINE ( 'NONE', #3395, #3963 ) ;
#2253 = CARTESIAN_POINT ( 'NONE',  ( -0.04504414178119089257, 2.171019139527381459, -0.09667641720680157646 ) ) ;
#2254 = CARTESIAN_POINT ( 'NONE',  ( 0.02920874973746907105, 1.824185956693643584, -0.02920948267070834492 ) ) ;
#2255 = SHAPE_DEFINITION_REPRESENTATION ( #4897, #4946 ) ;
#2256 = ORIENTED_EDGE ( 'NONE', *, *, #4470, .T. ) ;
#2257 = DIRECTION ( 'NONE',  ( 0.0000000000000000000, -1.000000000000000000, 0.0000000000000000000 ) ) ;
#2258 = VERTEX_POINT ( 'NONE', #4274 ) ;
#2259 = DIRECTION ( 'NONE',  ( 2.350287727802129971E-15, 1.000000000000000000, 1.356939252319640220E-15 ) ) ;
#2260 = LINE ( 'NONE', #445, #21 ) ;
#2261 = CARTESIAN_POINT ( 'NONE',  ( 0.5611000274732939053, 1.810721966159430707, 0.03054779166566929868 ) ) ;
#2262 = EDGE_CURVE ( 'NONE', #3995, #5085, #1460, .T. ) ;
#2263 = VERTEX_POINT ( 'NONE', #842 ) ;
#2264 = LINE ( 'NONE', #3678, #2656 ) ;
#2265 = ORIENTED_EDGE ( 'NONE', *, *, #3686, .F. ) ;
#2266 = CARTESIAN_POINT ( 'NONE',  ( -0.2120245328057993872, 1.848826375439690084, 0.06802799555020890010 ) ) ;
#2267 = CARTESIAN_POINT ( 'NONE',  ( -7.075310326648127823E-07, 1.926437203932589215, 0.1085574357095471926 ) ) ;
#2268 = ORIENTED_EDGE ( 'NONE', *, *, #3990, .F. ) ;
#2269 = CARTESIAN_POINT ( 'NONE',  ( 0.09749464065432109083, 0.2084659632555735664, -0.001794491289416959854 ) ) ;
#2270 = CARTESIAN_POINT ( 'NONE',  ( -0.4389488782569728742, 1.907277071021308279, -0.3506001417580557611 ) ) ;
#2271 = CARTESIAN_POINT ( 'NONE',  ( 0.3738657699426454206, 1.880755141492141069, -0.4192720164543233818 ) ) ;
#2272 = CARTESIAN_POINT ( 'NONE',  ( 0.2222062818467827605, 1.944206735630335858, -0.2222070147800220552 ) ) ;
#2273 = CARTESIAN_POINT ( 'NONE',  ( -0.1169312970429068205, 1.898198045511201304, 0.1895011030705678334 ) ) ;
#2274 = DIRECTION ( 'NONE',  ( 0.0000000000000000000, 0.0000000000000000000, 1.000000000000000000 ) ) ;
#2275 = ORIENTED_EDGE ( 'NONE', *, *, #3717, .T. ) ;
#2276 = CARTESIAN_POINT ( 'NONE',  ( -0.08059663623007871924, 2.171019139527381903, -0.07019702651626279211 ) ) ;
#2277 = EDGE_CURVE ( 'NONE', #1560, #3439, #5419, .T. ) ;
#2278 = CARTESIAN_POINT ( 'NONE',  ( -0.1926402166405633831, 1.926334100157303553, 0.1112204470387382904 ) ) ;
#2279 = CARTESIAN_POINT ( 'NONE',  ( -0.1533144373409933425, 1.840031841043717309, -0.1614048710714870161 ) ) ;
#2280 = CARTESIAN_POINT ( 'NONE',  ( 0.8693713949194911139, 1.100595331416947431, -0.4894041653083873733 ) ) ;
#2281 = CARTESIAN_POINT ( 'NONE',  ( 0.5599137039790099690, 1.789644698317992333, 0.04722152331221530358 ) ) ;
#2282 = CARTESIAN_POINT ( 'NONE',  ( 0.1926388015784980257, 1.703893155275413962, 0.1112204470387383043 ) ) ;
#2283 = CARTESIAN_POINT ( 'NONE',  ( -0.0002879849930831049798, 1.135506355088754304, 0.2067059877828699155 ) ) ;
#2284 = CARTESIAN_POINT ( 'NONE',  ( -0.01572944516574292795, 1.863896319063210294, -0.5615035937630019625 ) ) ;
#2285 = DIRECTION ( 'NONE',  ( 0.8660254037844310471, -2.698458740408368739E-15, 0.5000000000000128786 ) ) ;
#2286 = CARTESIAN_POINT ( 'NONE',  ( 0.4557635940720444201, 1.719916982635091074, -0.3289817704581525781 ) ) ;
#2287 = VERTEX_POINT ( 'NONE', #4657 ) ;
#2288 = CARTESIAN_POINT ( 'NONE',  ( 0.1732255772680303119, 1.283469125681860667, -0.09358928780769060207 ) ) ;
#2289 = CARTESIAN_POINT ( 'NONE',  ( 0.2224369422182544687, 1.930860030043399789, -0.2224376751514935691 ) ) ;
#2290 = CARTESIAN_POINT ( 'NONE',  ( 0.07441341310306599788, 1.724883122525788348, 0.2103485828525472334 ) ) ;
#2291 = APPLICATION_CONTEXT ( 'automotive_design' ) ;
#2292 =( BOUNDED_SURFACE ( )  B_SPLINE_SURFACE ( 3, 3, ( 
 ( #1530, #1512, #4484, #2773 ),
 ( #2797, #1090, #4467, #3202 ),
 ( #3175, #1964, #1141, #4055 ),
 ( #5345, #1947, #678, #5292 ) ),
 .UNSPECIFIED., .F., .F., .F. ) 
 B_SPLINE_SURFACE_WITH_KNOTS ( ( 4, 4 ),
 ( 4, 4 ),
 ( 0.0000000000000000000, 1.000000000000000000 ),
 ( 0.0000000000000000000, 1.000000000000000000 ),
 .UNSPECIFIED. ) 
 GEOMETRIC_REPRESENTATION_ITEM ( )  RATIONAL_B_SPLINE_SURFACE ( (
 ( 1.000000000000000000, 0.3333333333333334259, 0.3333333333333334259, 1.000000000000000000),
 ( 0.9788139736753196374, 0.3262713245584399901, 0.3262713245584399901, 0.9788139736753196374),
 ( 0.9788139736753196374, 0.3262713245584399901, 0.3262713245584399901, 0.9788139736753196374),
 ( 1.000000000000000000, 0.3333333333333334259, 0.3333333333333334259, 1.000000000000000000) ) ) 
 REPRESENTATION_ITEM ( '' )  SURFACE ( )  );
#2293 = PRODUCT_DEFINITION ( 'UNKNOWN', '', #1621, #3660 ) ;
#2294 = CARTESIAN_POINT ( 'NONE',  ( 0.07618058995471579942, 1.751860218209315923, -2.540220659584315713E-08 ) ) ;
#2295 = CARTESIAN_POINT ( 'NONE',  ( -0.1895018360038117633, 1.898198045511206189, -0.1169306149140730139 ) ) ;
#2296 = CARTESIAN_POINT ( 'NONE',  ( 0.2080740681841738438, 1.102392261606544910, -0.2935059485878707131 ) ) ;
#2297 = CARTESIAN_POINT ( 'NONE',  ( -0.4679369716361265752, 1.703893155275413740, 0.3106467381633598035 ) ) ;
#2298 = AXIS2_PLACEMENT_3D ( 'NONE', #198, #629, #1499 ) ;
#2299 = ORIENTED_EDGE ( 'NONE', *, *, #1432, .T. ) ;
#2300 = CARTESIAN_POINT ( 'NONE',  ( 0.05182508921224478898, 1.014502043550958854, 1.007493389357672964 ) ) ;
#2301 = CARTESIAN_POINT ( 'NONE',  ( -0.3625293074797608650, 1.789644698317991223, -0.4293099799791310067 ) ) ;
#2302 = CARTESIAN_POINT ( 'NONE',  ( -0.0001499809343492547020, 1.784288654160558041, 0.5970898460421336651 ) ) ;
#2303 = CARTESIAN_POINT ( 'NONE',  ( 0.1794910709822189199, 1.148529527269971817, -0.08273713436021212786 ) ) ;
#2304 = CARTESIAN_POINT ( 'NONE',  ( 0.1703244878056281164, 0.2084659632555735942, -0.1290913903065833424 ) ) ;
#2305 = CARTESIAN_POINT ( 'NONE',  ( 0.2220554070810912273, 1.948578194645492534, -2.540220655236512138E-08 ) ) ;
#2306 = EDGE_CURVE ( 'NONE', #1845, #2372, #3573, .T. ) ;
#2307 = AXIS2_PLACEMENT_3D ( 'NONE', #5153, #97, #1321 ) ;
#2308 = APPLICATION_PROTOCOL_DEFINITION ( 'draft international standard', 'automotive_design', 1998, #4038 ) ;
#2309 = CARTESIAN_POINT ( 'NONE',  ( -0.05813892375115567446, 1.900159607913655124, 0.2147172497476156350 ) ) ;
#2310 = ORIENTED_EDGE ( 'NONE', *, *, #3443, .F. ) ;
#2311 = CARTESIAN_POINT ( 'NONE',  ( -0.3218696012496131131, 1.925149903294518516, 0.4603334757160141288 ) ) ;
#2312 = CARTESIAN_POINT ( 'NONE',  ( 0.01750968270553875800, 1.246860633545400887, 0.5745844445064619554 ) ) ;
#2313 = CIRCLE ( 'NONE', #4343, 0.09751115400457018023 ) ;
#2314 = EDGE_LOOP ( 'NONE', ( #1735, #5423, #5291, #5113 ) ) ;
#2315 = CARTESIAN_POINT ( 'NONE',  ( 0.3820051695796662372, 1.097447630359797754, -0.03433136646121603963 ) ) ;
#2316 = CARTESIAN_POINT ( 'NONE',  ( -0.4777659325186551231, 1.228868786433875426, -0.3015867719094448840 ) ) ;
#2317 = EDGE_LOOP ( 'NONE', ( #31, #3256, #3837, #3283, #3692, #3961, #236, #5098, #2310, #4547, #525, #3008, #232, #4824 ) ) ;
#2318 = FACE_OUTER_BOUND ( 'NONE', #846, .T. ) ;
#2319 = DIRECTION ( 'NONE',  ( 0.0000000000000000000, -2.220446049250310369E-16, 1.000000000000000000 ) ) ;
#2320 = DIRECTION ( 'NONE',  ( 0.0000000000000000000, 1.000000000000000000, 2.220446049250310123E-16 ) ) ;
#2321 = ORIENTED_EDGE ( 'NONE', *, *, #1072, .F. ) ;
#2322 = SURFACE_SIDE_STYLE ('',( #5300 ) ) ;
#2323 = DIRECTION ( 'NONE',  ( 0.0000000000000000000, 1.000000000000000000, 0.0000000000000000000 ) ) ;
#2324 = FACE_BOUND ( 'NONE', #2731, .T. ) ;
#2325 = CARTESIAN_POINT ( 'NONE',  ( -1.389870663509345823E-17, 0.2632087033490721484, -6.490140971714850841E-17 ) ) ;
#2326 = PRODUCT_CONTEXT ( 'NONE', #1899, 'mechanical' ) ;
#2327 = CARTESIAN_POINT ( 'NONE',  ( -7.075310326648127823E-07, 1.926334100157303553, 0.2224409194796831690 ) ) ;
#2328 = ORIENTED_EDGE ( 'NONE', *, *, #1070, .T. ) ;
#2329 = FACE_OUTER_BOUND ( 'NONE', #788, .T. ) ;
#2330 = ORIENTED_EDGE ( 'NONE', *, *, #1365, .F. ) ;
#2331 = CARTESIAN_POINT ( 'NONE',  ( -0.1112211799719775435, 1.926334100157303553, -2.540220663026829664E-08 ) ) ;
#2332 = CIRCLE ( 'NONE', #3790, 0.2435939647183233969 ) ;
#2333 = CARTESIAN_POINT ( 'NONE',  ( 0.3106460560345337130, 1.703893155275413740, 0.4679362387028873638 ) ) ;
#2334 = ORIENTED_EDGE ( 'NONE', *, *, #1710, .F. ) ;
#2335 = CIRCLE ( 'NONE', #2704, 0.2224409448818897572 ) ;
#2336 = CARTESIAN_POINT ( 'NONE',  ( -0.1146860377808910925, 1.921271663787443851, -1.379133883669923177 ) ) ;
#2337 = VECTOR ( 'NONE', #4096, 39.37007874015748143 ) ;
#2338 = DIRECTION ( 'NONE',  ( 0.4010817701850152850, -2.034022406884960825E-16, 0.9160422553710360072 ) ) ;
#2339 = CARTESIAN_POINT ( 'NONE',  ( 0.04068664419251127179, 1.888826605089459321, 0.2188782791857832311 ) ) ;
#2340 = EDGE_CURVE ( 'NONE', #58, #1215, #4354, .T. ) ;
#2341 = ORIENTED_EDGE ( 'NONE', *, *, #3492, .T. ) ;
#2342 = CARTESIAN_POINT ( 'NONE',  ( 0.04652961694998514891, 0.2084659632555735942, -0.08569375649246960269 ) ) ;
#2343 = CARTESIAN_POINT ( 'NONE',  ( 0.2103479007237213372, 1.724883122525787682, -0.07441414603630450153 ) ) ;
#2344 = CARTESIAN_POINT ( 'NONE',  ( 0.05757124541500039522, 1.926334100157303553, -0.2148614788877671045 ) ) ;
#2345 = CARTESIAN_POINT ( 'NONE',  ( -0.4910798827268736400, 1.080327467262968799, -0.2798381094639518230 ) ) ;
#2346 =( NAMED_UNIT ( * ) SI_UNIT ( $, .STERADIAN. ) SOLID_ANGLE_UNIT ( ) );
#2347 = CARTESIAN_POINT ( 'NONE',  ( -0.1815567110089257863, 1.760194493157264395, 0.1289904790813005686 ) ) ;
#2348 = DIRECTION ( 'NONE',  ( -2.350287727802129971E-15, 1.000000000000000000, 1.356939252319639628E-15 ) ) ;
#2349 = CARTESIAN_POINT ( 'NONE',  ( 0.001809161487681726702, 1.844955220324026701, -2.540220660950496477E-08 ) ) ;
#2350 = CARTESIAN_POINT ( 'NONE',  ( -7.075310326517546047E-07, 2.171019139527382347, 0.1066275038361052113 ) ) ;
#2351 = CARTESIAN_POINT ( 'NONE',  ( -1.379134565798749046, 1.743193393742112018, -0.05894269950399878139 ) ) ;
#2352 = AXIS2_PLACEMENT_3D ( 'NONE', #1049, #1464, #591 ) ;
#2353 = CARTESIAN_POINT ( 'NONE',  ( 0.4603327935871879828, 1.925149903294518294, 0.3218688683163736797 ) ) ;
#2354 = CARTESIAN_POINT ( 'NONE',  ( 0.02963905138458328842, 1.199259009240874807, 0.5740951270435427078 ) ) ;
#2355 = DIRECTION ( 'NONE',  ( 0.0000000000000000000, 1.000000000000000000, 0.0000000000000000000 ) ) ;
#2356 = VERTEX_POINT ( 'NONE', #42 ) ;
#2357 = DIRECTION ( 'NONE',  ( -1.000000000000000000, -4.869933132958959690E-11, 1.224646799147353207E-16 ) ) ;
#2358 = EDGE_CURVE ( 'NONE', #2809, #2716, #3074, .T. ) ;
#2359 = CARTESIAN_POINT ( 'NONE',  ( -0.0001499809334995006783, 1.861978220022224351, 0.7225235359489949882 ) ) ;
#2360 = ORIENTED_EDGE ( 'NONE', *, *, #1259, .T. ) ;
#2361 = CARTESIAN_POINT ( 'NONE',  ( 0.2070759778460928013, 2.054691988635170663, -2.540220745681938173E-08 ) ) ;
#2362 =( BOUNDED_CURVE ( )  B_SPLINE_CURVE ( 3, ( #3084, #536, #3509, #3922 ),
 .UNSPECIFIED., .F., .F. ) 
 B_SPLINE_CURVE_WITH_KNOTS ( ( 4, 4 ),
 ( 0.7500000000000000000, 1.250000000000000000 ),
 .UNSPECIFIED. ) 
 CURVE ( )  GEOMETRIC_REPRESENTATION_ITEM ( )  RATIONAL_B_SPLINE_CURVE ( ( 1.000000000000000000, 0.3333333333333333703, 0.3333333333333333703, 1.000000000000000000 ) ) 
 REPRESENTATION_ITEM ( '' )  );
#2363 = CARTESIAN_POINT ( 'NONE',  ( -7.075310330356057960E-07, 1.789862635970363325, 0.2224409194796831968 ) ) ;
#2364 = CARTESIAN_POINT ( 'NONE',  ( -0.0001499809324083068655, 1.839571487886584755, 0.7305544129797202357 ) ) ;
#2365 = CARTESIAN_POINT ( 'NONE',  ( -0.07184746605955311116, 1.307275508840126887, 0.5703054329456296312 ) ) ;
#2366 = CARTESIAN_POINT ( 'NONE',  ( -0.09121742194144429050, 2.171019139527382347, 0.05533515199677500190 ) ) ;
#2367 = CARTESIAN_POINT ( 'NONE',  ( -7.075310326648127823E-07, 1.848849985279380936, 0.06846341323839920390 ) ) ;
#2368 = DIMENSIONAL_EXPONENTS ( 1.000000000000000000, 0.0000000000000000000, 0.0000000000000000000, 0.0000000000000000000, 0.0000000000000000000, 0.0000000000000000000, 0.0000000000000000000 ) ;
#2369 = CARTESIAN_POINT ( 'NONE',  ( 0.09775633488898186063, 0.2632087033490721484, 0.1900492493713390740 ) ) ;
#2370 = CARTESIAN_POINT ( 'NONE',  ( 0.09393025341760855018, 2.171019139527382791, -0.05068854354496129394 ) ) ;
#2371 = DIRECTION ( 'NONE',  ( 0.0000000000000000000, -1.000000000000000000, -2.220446049250310369E-16 ) ) ;
#2372 = VERTEX_POINT ( 'NONE', #122 ) ;
#2373 = CARTESIAN_POINT ( 'NONE',  ( -0.2139171266564472706, 1.926334100157303553, -0.06098969328544630308 ) ) ;
#2374 = ORIENTED_EDGE ( 'NONE', *, *, #2405, .F. ) ;
#2375 = CARTESIAN_POINT ( 'NONE',  ( -0.03723216824390061797, 1.212893996873280145, 0.2067059877828699155 ) ) ;
#2376 = CARTESIAN_POINT ( 'NONE',  ( 0.2142058916901734000, 2.026044938440203946, -2.540220748562034821E-08 ) ) ;
#2377 = EDGE_CURVE ( 'NONE', #3995, #4374, #2313, .T. ) ;
#2378 = EDGE_CURVE ( 'NONE', #1170, #580, #4954, .T. ) ;
#2379 =( GEOMETRIC_REPRESENTATION_CONTEXT ( 3 ) GLOBAL_UNCERTAINTY_ASSIGNED_CONTEXT ( ( #3743 ) ) GLOBAL_UNIT_ASSIGNED_CONTEXT ( ( #774, #4596, #391 ) ) REPRESENTATION_CONTEXT ( 'NONE', 'WORKASPACE' ) );
#2380 = CARTESIAN_POINT ( 'NONE',  ( -0.06178631421347330344, 1.894260703812643554, 0.2136962526185043898 ) ) ;
#2381 = LINE ( 'NONE', #3183, #1272 ) ;
#2382 = CARTESIAN_POINT ( 'NONE',  ( 0.02418759221454381755, 1.809792735643854344, 0.2214392817810266478 ) ) ;
#2383 = CARTESIAN_POINT ( 'NONE',  ( -7.075310326648127823E-07, 1.797124093125409772, 0.009287270869899813888 ) ) ;
#2384 = CARTESIAN_POINT ( 'NONE',  ( -1.389870663509346131E-17, 0.2084659632555734832, 0.2435939647183233414 ) ) ;
#2385 = DIRECTION ( 'NONE',  ( 0.0000000000000000000, 0.0000000000000000000, -1.000000000000000000 ) ) ;
#2386 = VECTOR ( 'NONE', #4705, 39.37007874015748143 ) ;
#2387 = CARTESIAN_POINT ( 'NONE',  ( 0.05847041644428900564, 1.903895685755784273, 0.2148122192922027607 ) ) ;
#2388 = CYLINDRICAL_SURFACE ( 'NONE', #1100, 0.09751115400457018023 ) ;
#2389 = ORIENTED_EDGE ( 'NONE', *, *, #509, .F. ) ;
#2390 = CARTESIAN_POINT ( 'NONE',  ( 0.06665672862382018837, 1.924468639114974566, -0.06665746155705945530 ) ) ;
#2391 = CIRCLE ( 'NONE', #856, 0.2224409448818897572 ) ;
#2392 = LENGTH_MEASURE_WITH_UNIT ( LENGTH_MEASURE( 0.02539999999999999897 ), #924 );
#2393 =( NAMED_UNIT ( * ) SI_UNIT ( $, .STERADIAN. ) SOLID_ANGLE_UNIT ( ) );
#2394 = VECTOR ( 'NONE', #4769, 39.37007874015748143 ) ;
#2395 = DIRECTION ( 'NONE',  ( -2.713294730641134369E-15, -1.000000000000000000, 2.713294730641137524E-15 ) ) ;
#2396 = ORIENTED_EDGE ( 'NONE', *, *, #4222, .T. ) ;
#2397 = DIRECTION ( 'NONE',  ( 0.0000000000000000000, -1.000000000000000000, -2.220446049250310123E-16 ) ) ;
#2398 = MECHANICAL_DESIGN_GEOMETRIC_PRESENTATION_REPRESENTATION (  '', ( #1825 ), #2575 ) ;
#2399 = CARTESIAN_POINT ( 'NONE',  ( -7.075310326648127823E-07, 2.148775045039192921, -2.540220658514152449E-08 ) ) ;
#2400 = ORIENTED_EDGE ( 'NONE', *, *, #2737, .T. ) ;
#2401 = CARTESIAN_POINT ( 'NONE',  ( -0.1618174783604088562, 1.794889389857937445, -0.1529974629713083401 ) ) ;
#2402 = CARTESIAN_POINT ( 'NONE',  ( 0.2043332931610205294, 1.863196533952794942, 0.08805152291383817886 ) ) ;
#2403 = CARTESIAN_POINT ( 'NONE',  ( -0.09846763966627539166, 2.171019139527382791, 0.04092054691854134924 ) ) ;
#2404 = CARTESIAN_POINT ( 'NONE',  ( -0.05974197607566959084, 1.723836302417243171, -0.05974129394684354194 ) ) ;
#2405 = EDGE_CURVE ( 'NONE', #2569, #4908, #3821, .T. ) ;
#2406 = CARTESIAN_POINT ( 'NONE',  ( -0.1539440918774184486, 1.112582817257849355, -0.2620808091346738533 ) ) ;
#2407 = DIRECTION ( 'NONE',  ( 0.0000000000000000000, 0.0000000000000000000, -1.000000000000000000 ) ) ;
#2408 = CARTESIAN_POINT ( 'NONE',  ( 0.3723398246686279167, 1.061028180799971299, -0.2342332200251824870 ) ) ;
#2409 = B_SPLINE_CURVE_WITH_KNOTS ( 'NONE', 3,
 ( #4229, #857, #795, #3368, #2094, #4594, #5285, #1241, #4197, #2058, #836, #4213, #1689, #4652, #5020, #2486, #1652, #242, #293, #1231 ),
 .UNSPECIFIED., .F., .F.,
 ( 4, 2, 2, 2, 2, 2, 2, 2, 2, 4 ),
 ( 0.0000000000000000000, 0.0002616034324524439268, 0.0005232068649048878537, 0.001046413729809775707, 0.001569620594714663453, 0.002092827459619551415, 0.003139241189429326472, 0.004185654919239101095, 0.006278482378858653810, 0.008371309838478207394 ),
 .UNSPECIFIED. ) ;
#2410 = CARTESIAN_POINT ( 'NONE',  ( 0.04167805702761320785, 1.743193393742112018, -0.04167878996085247478 ) ) ;
#2411 = CARTESIAN_POINT ( 'NONE',  ( 0.1828557835364494066, 1.116638417020445306, -0.1213974702397979943 ) ) ;
#2412 = CARTESIAN_POINT ( 'NONE',  ( 0.1081348352971306520, 1.926334100157303553, 0.1943879329110757281 ) ) ;
#2413 = CARTESIAN_POINT ( 'NONE',  ( 0.3458041885207955302, 1.784288654177406341, -0.5840715712665095483 ) ) ;
#2414 = PLANE ( 'NONE',  #3757 ) ;
#2415 = ORIENTED_EDGE ( 'NONE', *, *, #1429, .T. ) ;
#2416 = CARTESIAN_POINT ( 'NONE',  ( 0.1819227434620338535, 1.821493450485898835, 0.1284204996366889173 ) ) ;
#2417 = CARTESIAN_POINT ( 'NONE',  ( -0.04167947208967853756, 1.743193393742112018, -0.04167878996085247478 ) ) ;
#2418 = CARTESIAN_POINT ( 'NONE',  ( 0.01676276777709646143, 2.171019139527382791, -0.1056930540378288458 ) ) ;
#2419 = CARTESIAN_POINT ( 'NONE',  ( -0.8679824983284735174, 1.273916976534703149, -0.4923293539542210606 ) ) ;
#2420 = CARTESIAN_POINT ( 'NONE',  ( 0.3791586653698406084, 1.769416692216433606, 0.4149284427581469981 ) ) ;
#2421 = PRODUCT_DEFINITION_SHAPE ( 'NONE', 'NONE',  #2293 ) ;
#2422 = CARTESIAN_POINT ( 'NONE',  ( -0.3096527532947459527, 1.112582817257849355, 0.007614503618667511214 ) ) ;
#2423 = CARTESIAN_POINT ( 'NONE',  ( 0.5498706643571321662, 1.910031424489865071, -0.1144921624941152155 ) ) ;
#2424 = ORIENTED_EDGE ( 'NONE', *, *, #4648, .T. ) ;
#2425 = AXIS2_PLACEMENT_3D ( 'NONE', #4663, #457, #5092 ) ;
#2426 = CARTESIAN_POINT ( 'NONE',  ( -1.389870663509345823E-17, 0.2084659632555735664, -7.705673981372306633E-17 ) ) ;
#2427 = CARTESIAN_POINT ( 'NONE',  ( -0.02921016479953440076, 1.824185956693643584, 0.02920943186629512689 ) ) ;
#2428 = ORIENTED_EDGE ( 'NONE', *, *, #1891, .T. ) ;
#2429 = CARTESIAN_POINT ( 'NONE',  ( -0.04705773007304629718, 1.752505044539356405, 0.2176191962536280500 ) ) ;
#2430 = CARTESIAN_POINT ( 'NONE',  ( 0.3106224030220879340, 1.900286602869684094, -0.4679571885777552565 ) ) ;
#2431 = ADVANCED_FACE ( 'NONE', ( #1583 ), #3450, .T. ) ;
#2432 = PLANE ( 'NONE',  #341 ) ;
#2433 = DIRECTION ( 'NONE',  ( 0.003927164829985672553, -2.220428926632467789E-16, 0.9999922886584666770 ) ) ;
#2434 = CARTESIAN_POINT ( 'NONE',  ( 0.8570940654198129227, 1.116638417020445306, -0.5106691237830971453 ) ) ;
#2435 = CARTESIAN_POINT ( 'NONE',  ( -0.9906498076403501551, 1.870822151696355906, -0.9597407319830277839 ) ) ;
#2436 = CARTESIAN_POINT ( 'NONE',  ( -1.016874375434748901, 1.743193393742112018, 0.9335161133842156955 ) ) ;
#2437 = EDGE_CURVE ( 'NONE', #123, #1219, #3177, .T. ) ;
#2438 = CARTESIAN_POINT ( 'NONE',  ( 0.2224402373508571062, 1.926334100157303553, -2.540220753577710639E-08 ) ) ;
#2439 = CARTESIAN_POINT ( 'NONE',  ( -0.8765051707676705384, 1.121679035277891812, -0.4775676522732644758 ) ) ;
#2440 = SURFACE_SIDE_STYLE ('',( #4190 ) ) ;
#2441 = CARTESIAN_POINT ( 'NONE',  ( 1.379133150736683966, 1.915167437866163835, -0.1160360404974883353 ) ) ;
#2442 = CYLINDRICAL_SURFACE ( 'NONE', #3965, 0.5616633858267716661 ) ;
#2443 = CARTESIAN_POINT ( 'NONE',  ( 1.041851631968889969, 1.924468639114974566, 0.9085374417880094366 ) ) ;
#2444 = VERTEX_POINT ( 'NONE', #4334 ) ;
#2445 = FACE_OUTER_BOUND ( 'NONE', #2249, .T. ) ;
#2446 = ORIENTED_EDGE ( 'NONE', *, *, #3237, .T. ) ;
#2447 = PLANE ( 'NONE',  #4630 ) ;
#2448 = DIRECTION ( 'NONE',  ( 0.0000000000000000000, 1.000000000000000000, 2.220446049250310123E-16 ) ) ;
#2449 = FACE_OUTER_BOUND ( 'NONE', #4965, .T. ) ;
#2450 = CARTESIAN_POINT ( 'NONE',  ( -0.07864545780079636172, 1.926334100157303553, -0.07864477567197031282 ) ) ;
#2451 = ITEM_DEFINED_TRANSFORMATION ( 'NONE', 'NONE', #1450,  #1054 ) ;
#2452 = CARTESIAN_POINT ( 'NONE',  ( -0.1910116715194666304, 2.159897092283287634, 0.09550545659201045701 ) ) ;
#2453 = ORIENTED_EDGE ( 'NONE', *, *, #1355, .T. ) ;
#2454 = DIRECTION ( 'NONE',  ( 0.0000000000000000000, -1.000000000000000000, -2.220446049250310123E-16 ) ) ;
#2455 = CARTESIAN_POINT ( 'NONE',  ( 0.8610366281612958916, 1.210894448349596031, -0.5038404048028173321 ) ) ;
#2456 = FACE_OUTER_BOUND ( 'NONE', #5239, .T. ) ;
#2457 = CARTESIAN_POINT ( 'NONE',  ( -0.1041312357505376623, 2.171019139527382347, 0.02664975183313506718 ) ) ;
#2458 = CARTESIAN_POINT ( 'NONE',  ( 0.06995426769687335122, 1.883278821073177012, -0.2111987894983804737 ) ) ;
#2459 = CARTESIAN_POINT ( 'NONE',  ( -7.075310326648127823E-07, 2.171019139527382347, -0.09550550739642348075 ) ) ;
#2460 = EDGE_CURVE ( 'NONE', #5367, #1462, #1194, .T. ) ;
#2461 = CARTESIAN_POINT ( 'NONE',  ( 0.04091986478971235824, 2.171019139527382347, 0.09846690673303849783 ) ) ;
#2462 = ORIENTED_EDGE ( 'NONE', *, *, #855, .T. ) ;
#2463 = CARTESIAN_POINT ( 'NONE',  ( 0.1112197649099122138, 2.171019139527382347, -2.540220664862404654E-08 ) ) ;
#2464 = DIRECTION ( 'NONE',  ( 4.869933132958959044E-11, -1.000000000000000000, -1.327868774048510007E-24 ) ) ;
#2465 = ORIENTED_EDGE ( 'NONE', *, *, #1105, .T. ) ;
#2466 = ADVANCED_FACE ( 'NONE', ( #2042 ), #4681, .T. ) ;
#2467 = CARTESIAN_POINT ( 'NONE',  ( 0.2002461997388279569, 1.173044472387997805, -0.09021331371470318883 ) ) ;
#2468 = VERTEX_POINT ( 'NONE', #4362 ) ;
#2469 = CIRCLE ( 'NONE', #5402, 0.5683366141732283383 ) ;
#2470 = CARTESIAN_POINT ( 'NONE',  ( -0.09349876671755842639, 1.728393678196920025, 1.379133832865509834 ) ) ;
#2471 = CARTESIAN_POINT ( 'NONE',  ( -1.056290385598395165, 1.921271663787443851, -0.8941001540249827739 ) ) ;
#2472 = ORIENTED_EDGE ( 'NONE', *, *, #1765, .F. ) ;
#2473 = AXIS2_PLACEMENT_3D ( 'NONE', #4268, #1717, #2572 ) ;
#2474 = CARTESIAN_POINT ( 'NONE',  ( 0.9764739664702285493, 1.844955220324026701, -0.9739151580910839767 ) ) ;
#2475 = DIRECTION ( 'NONE',  ( 0.0000000000000000000, 0.0000000000000000000, 1.000000000000000000 ) ) ;
#2476 = CARTESIAN_POINT ( 'NONE',  ( 0.7238952946579211289, 1.844127897567215735, -0.4176267652815535136 ) ) ;
#2477 = CARTESIAN_POINT ( 'NONE',  ( 0.5127778009150073535, 1.283469125681861778, -0.2382593197716611211 ) ) ;
#2478 = CARTESIAN_POINT ( 'NONE',  ( 0.1284198175078624660, 1.821493450485899501, -0.1819234763952734257 ) ) ;
#2479 = CARTESIAN_POINT ( 'NONE',  ( 0.02664527938525953696, 2.171019139527382347, 0.1041320038423260985 ) ) ;
#2480 = CARTESIAN_POINT ( 'NONE',  ( -0.05757266047706575268, 1.926334100157303553, 0.2148614280833539003 ) ) ;
#2481 = CARTESIAN_POINT ( 'NONE',  ( -0.4679369716361264087, 1.926334100157303553, -0.3106467889677729244 ) ) ;
#2482 = EDGE_CURVE ( 'NONE', #764, #731, #315, .T. ) ;
#2483 = CARTESIAN_POINT ( 'NONE',  ( 0.2224369422182544409, 1.930860030043399789, -2.540220655633239871E-08 ) ) ;
#2484 = ORIENTED_EDGE ( 'NONE', *, *, #1611, .T. ) ;
#2485 = EDGE_CURVE ( 'NONE', #1585, #2057, #1329, .T. ) ;
#2486 = CARTESIAN_POINT ( 'NONE',  ( -0.4002142033416660194, 1.786382252198472020, 0.3946258944199369512 ) ) ;
#2487 = DIRECTION ( 'NONE',  ( 2.350287727802129971E-15, -1.000000000000000000, -1.356939252319639628E-15 ) ) ;
#2488 = B_SPLINE_CURVE_WITH_KNOTS ( 'NONE', 3,
 ( #5275, #3176, #4056, #1896, #231, #2740 ),
 .UNSPECIFIED., .F., .F.,
 ( 4, 2, 4 ),
 ( 2.782325573468219796E-17, 0.002134703394133895607, 0.004269406788267763458 ),
 .UNSPECIFIED. ) ;
#2489 = VERTEX_POINT ( 'NONE', #4031 ) ;
#2490 = ADVANCED_FACE ( 'NONE', ( #4813 ), #4719, .T. ) ;
#2491 = CARTESIAN_POINT ( 'NONE',  ( -0.07039110285742830597, 1.321416737978374112, 0.2175703253455600894 ) ) ;
#2492 = CARTESIAN_POINT ( 'NONE',  ( -0.0001499809368131432244, 1.844127897531955051, -0.7175361382013824008 ) ) ;
#2493 = CARTESIAN_POINT ( 'NONE',  ( 0.8598813500394698606, 1.189219009695277274, -0.5058414052066922961 ) ) ;
#2494 = CARTESIAN_POINT ( 'NONE',  ( -0.0001499809305422073868, 1.061028180799970633, 0.006509137389169232339 ) ) ;
#2495 = CARTESIAN_POINT ( 'NONE',  ( -1.032804613902522428, 1.919415172244245849, -0.9175859257208553998 ) ) ;
#2496 = CARTESIAN_POINT ( 'NONE',  ( 0.1003396770323442960, 2.171019139527382791, 0.03608616704585276835 ) ) ;
#2497 = CARTESIAN_POINT ( 'NONE',  ( -0.1744802655341684550, 1.273916976534700929, -0.09193565316681004407 ) ) ;
#2498 = CARTESIAN_POINT ( 'NONE',  ( -7.075310326511921749E-07, 1.926334100157303553, -0.1112204978431514807 ) ) ;
#2499 = CARTESIAN_POINT ( 'NONE',  ( 0.2223200239450916216, 1.939796410036157992, -0.2223207568783306942 ) ) ;
#2500 = AXIS2_PLACEMENT_3D ( 'NONE', #1572, #2790, #253 ) ;
#2501 = DIMENSIONAL_EXPONENTS ( 1.000000000000000000, 0.0000000000000000000, 0.0000000000000000000, 0.0000000000000000000, 0.0000000000000000000, 0.0000000000000000000, 0.0000000000000000000 ) ;
#2502 = DIRECTION ( 'NONE',  ( 1.000000000000000000, 0.0000000000000000000, 0.0000000000000000000 ) ) ;
#2503 = CARTESIAN_POINT ( 'NONE',  ( -7.075310326648127823E-07, 1.915167437866163835, 0.1160359896930753670 ) ) ;
#2504 = DIRECTION ( 'NONE',  ( 0.0000000000000000000, 0.0000000000000000000, -1.000000000000000000 ) ) ;
#2505 = DIRECTION ( 'NONE',  ( 0.0000000000000000000, 0.0000000000000000000, -1.000000000000000000 ) ) ;
#2506 = EDGE_CURVE ( 'NONE', #2244, #386, #3500, .T. ) ;
#2507 = CARTESIAN_POINT ( 'NONE',  ( -1.181311398248743094, 1.706106920899928880, -0.5840715712722478470 ) ) ;
#2508 = CARTESIAN_POINT ( 'NONE',  ( 0.1157804424110064068, 2.168570798939339017, 0.1157811245398324418 ) ) ;
#2509 = CARTESIAN_POINT ( 'NONE',  ( -0.9090824991975290370, 1.728393678196920025, -1.041308040425848569 ) ) ;
#2510 = EDGE_CURVE ( 'NONE', #1544, #4327, #4430, .T. ) ;
#2511 = CARTESIAN_POINT ( 'NONE',  ( 0.8570940654198129227, 1.116638417020445306, -0.5106691237830971453 ) ) ;
#2512 = CARTESIAN_POINT ( 'NONE',  ( 0.1157804424110064068, 2.168570798939339017, 0.1157811245398324418 ) ) ;
#2513 = CARTESIAN_POINT ( 'NONE',  ( -0.9023252640033176952, 1.926191724384900716, 1.048065224815646790 ) ) ;
#2514 = CYLINDRICAL_SURFACE ( 'NONE', #3663, 0.2137171453055093373 ) ;
#2515 = ADVANCED_FACE ( 'NONE', ( #3307, #925 ), #2697, .F. ) ;
#2516 = CARTESIAN_POINT ( 'NONE',  ( -0.4697766499037317467, 1.910031424489863960, -0.3078596347144497702 ) ) ;
#2517 = CARTESIAN_POINT ( 'NONE',  ( 0.2223968705752852049, 1.935347466138262806, 0.2223975527041114619 ) ) ;
#2518 = FACE_OUTER_BOUND ( 'NONE', #4209, .T. ) ;
#2519 = ORIENTED_EDGE ( 'NONE', *, *, #3885, .T. ) ;
#2520 = CARTESIAN_POINT ( 'NONE',  ( -1.136823209280468205, 1.788845715188377206, 0.5748457515623971448 ) ) ;
#2521 = CARTESIAN_POINT ( 'NONE',  ( 0.05546025528993022563, 1.005417944579500622, 1.007493389357672964 ) ) ;
#2522 = ORIENTED_EDGE ( 'NONE', *, *, #1961, .T. ) ;
#2523 = CARTESIAN_POINT ( 'NONE',  ( -7.075310326648127823E-07, 1.723836302417243171, -0.08448693761140527170 ) ) ;
#2524 = FACE_OUTER_BOUND ( 'NONE', #3797, .T. ) ;
#2525 = CARTESIAN_POINT ( 'NONE',  ( 0.9302354268499789525, 1.908269080859285927, -1.020153697711333907 ) ) ;
#2526 = AXIS2_PLACEMENT_3D ( 'NONE', #4233, #393, #2505 ) ;
#2527 = CARTESIAN_POINT ( 'NONE',  ( -0.3538053980320574055, 1.080043570749744219, -0.2004762108692779987 ) ) ;
#2528 = LINE ( 'NONE', #3711, #5443 ) ;
#2529 = CARTESIAN_POINT ( 'NONE',  ( 0.4830455336800587585, 1.144599762124201892, -0.2927092006954736814 ) ) ;
#2530 = FACE_OUTER_BOUND ( 'NONE', #1062, .T. ) ;
#2531 = CARTESIAN_POINT ( 'NONE',  ( -0.1704192709433961506, 2.124651801044000532, -2.540220658847007943E-08 ) ) ;
#2532 = VERTEX_POINT ( 'NONE', #230 ) ;
#2533 = CARTESIAN_POINT ( 'NONE',  ( 0.4923519650506058554, 1.065854780608276098, -0.2771256976913960557 ) ) ;
#2534 = ADVANCED_FACE ( 'NONE', ( #67 ), #2868, .T. ) ;
#2535 = CARTESIAN_POINT ( 'NONE',  ( 0.06439325458320249718, 2.171019139527381903, 0.08506777380334200334 ) ) ;
#2536 = ORIENTED_EDGE ( 'NONE', *, *, #5034, .F. ) ;
#2537 = CARTESIAN_POINT ( 'NONE',  ( -7.075310326055060764E-07, 2.168570798939339017, 0.1157811245398324834 ) ) ;
#2538 = AXIS2_PLACEMENT_3D ( 'NONE', #3852, #919, #1750 ) ;
#2539 = CARTESIAN_POINT ( 'NONE',  ( 0.7238952946579209069, 1.844127897567215513, 0.006509137389169129123 ) ) ;
#2540 = CARTESIAN_POINT ( 'NONE',  ( -0.2223214390071569790, 1.939796410036158436, -2.540220661308549215E-08 ) ) ;
#2541 = CARTESIAN_POINT ( 'NONE',  ( 0.04652961694998514891, 0.4309069081374634069, -0.08569375649246954718 ) ) ;
#2542 = CARTESIAN_POINT ( 'NONE',  ( 0.02709183797194232926, 1.211723111304489953, 1.007493389357672964 ) ) ;
#2543 = AXIS2_PLACEMENT_3D ( 'NONE', #2003, #292, #4533 ) ;
#2544 = CARTESIAN_POINT ( 'NONE',  ( -7.075310326648127823E-07, 1.743193393742112018, -0.05894269950399878139 ) ) ;
#2545 = DIRECTION ( 'NONE',  ( 0.0000000000000000000, 0.0000000000000000000, -1.000000000000000000 ) ) ;
#2546 = ADVANCED_FACE ( 'NONE', ( #5096 ), #5480, .T. ) ;
#2547 = DIRECTION ( 'NONE',  ( 0.0000000000000000000, 0.0000000000000000000, -1.000000000000000000 ) ) ;
#2548 = EDGE_CURVE ( 'NONE', #1033, #58, #3060, .T. ) ;
#2549 = CARTESIAN_POINT ( 'NONE',  ( 0.09407045457859529447, 1.727731361890669115, -0.2025406934479394572 ) ) ;
#2550 = CARTESIAN_POINT ( 'NONE',  ( -0.1374215863808760374, 2.155111100308018113, -2.540220655074313600E-08 ) ) ;
#2551 = ORIENTED_EDGE ( 'NONE', *, *, #1590, .F. ) ;
#2552 = CARTESIAN_POINT ( 'NONE',  ( 0.4978534857277914782, 1.144858506561015732, -0.2673822437298566945 ) ) ;
#2553 = CARTESIAN_POINT ( 'NONE',  ( -7.075310325831434537E-07, 1.789862635970363547, -0.2224409702840963177 ) ) ;
#2554 = CARTESIAN_POINT ( 'NONE',  ( 0.09003891103471640955, 1.870764955127810936, 1.379133832865509834 ) ) ;
#2555 = CARTESIAN_POINT ( 'NONE',  ( 0.1704178558813308209, 2.124651801044000088, -0.1704185888145700878 ) ) ;
#2556 = CARTESIAN_POINT ( 'NONE',  ( -1.049635829998080805, 1.712158471848197250, 0.9007546588208837912 ) ) ;
#2557 = ORIENTED_EDGE ( 'NONE', *, *, #1874, .T. ) ;
#2558 = CARTESIAN_POINT ( 'NONE',  ( -0.0001499809305421350434, 0.9498077083590260594, -0.5840715712722480690 ) ) ;
#2559 = CARTESIAN_POINT ( 'NONE',  ( -7.075310326952033715E-07, 1.944206735630335636, 0.2222069639756088510 ) ) ;
#2560 = DIMENSIONAL_EXPONENTS ( 1.000000000000000000, 0.0000000000000000000, 0.0000000000000000000, 0.0000000000000000000, 0.0000000000000000000, 0.0000000000000000000, 0.0000000000000000000 ) ;
#2561 = EDGE_CURVE ( 'NONE', #5039, #1967, #2636, .T. ) ;
#2562 = AXIS2_PLACEMENT_3D ( 'NONE', #1835, #5220, #2684 ) ;
#2563 = CARTESIAN_POINT ( 'NONE',  ( -0.2219671309420319649, 1.951176915564387659, 0.2219663980087926980 ) ) ;
#2564 = CARTESIAN_POINT ( 'NONE',  ( -0.08048262543991349660, 1.861344313565635122, -0.5558923312487930035 ) ) ;
#2565 = EDGE_CURVE ( 'NONE', #4459, #655, #4707, .T. ) ;
#2566 = CARTESIAN_POINT ( 'NONE',  ( -0.1704192709433961506, 2.124651801044000532, -2.540220658847007943E-08 ) ) ;
#2567 = CARTESIAN_POINT ( 'NONE',  ( -0.1697034388720310705, 1.116736035082355860, -0.1002093596445809559 ) ) ;
#2568 = CARTESIAN_POINT ( 'NONE',  ( -1.389870663509346131E-17, 0.2084659632555735664, -7.705673981372306633E-17 ) ) ;
#2569 = VERTEX_POINT ( 'NONE', #1035 ) ;
#2570 = CARTESIAN_POINT ( 'NONE',  ( -0.1112211799719775435, 1.703893155275413740, -2.540220661664771899E-08 ) ) ;
#2571 = CARTESIAN_POINT ( 'NONE',  ( -0.1157818574730717226, 2.168570798939339017, -0.1157811753442456876 ) ) ;
#2572 = DIRECTION ( 'NONE',  ( 0.0000000000000000000, -2.220446049250310369E-16, 1.000000000000000000 ) ) ;
#2573 = CARTESIAN_POINT ( 'NONE',  ( 0.02000033393500779202, 1.823805732294062842, -0.5616634112289781156 ) ) ;
#2574 = CARTESIAN_POINT ( 'NONE',  ( 0.2127620959752610508, 1.115481851632588173, -0.1078032030404862951 ) ) ;
#2575 =( GEOMETRIC_REPRESENTATION_CONTEXT ( 3 ) GLOBAL_UNCERTAINTY_ASSIGNED_CONTEXT ( ( #4494 ) ) GLOBAL_UNIT_ASSIGNED_CONTEXT ( ( #980, #128, #1840 ) ) REPRESENTATION_CONTEXT ( 'NONE', 'WORKASPACE' ) );
#2576 = CARTESIAN_POINT ( 'NONE',  ( -7.075310326966395159E-07, 1.951176915564387659, 0.2219663980087926980 ) ) ;
#2577 = VECTOR ( 'NONE', #4218, 39.37007874015748143 ) ;
#2578 = EDGE_LOOP ( 'NONE', ( #488, #3207, #1107 ) ) ;
#2579 = DIRECTION ( 'NONE',  ( -0.0000000000000000000, -1.000000000000000000, -2.220446049250310123E-16 ) ) ;
#2580 = FACE_OUTER_BOUND ( 'NONE', #873, .T. ) ;
#2581 = VERTEX_POINT ( 'NONE', #3997 ) ;
#2582 = AXIS2_PLACEMENT_3D ( 'NONE', #4131, #5386, #4506 ) ;
#2583 = CARTESIAN_POINT ( 'NONE',  ( 0.07637944537160892833, 1.751687168213965418, -0.2097842904324732360 ) ) ;
#2584 = CARTESIAN_POINT ( 'NONE',  ( -0.1157818574730717226, 2.168570798939339017, -0.1157811753442456876 ) ) ;
#2585 = DIRECTION ( 'NONE',  ( -0.9999922886584666770, -8.720057631496452520E-19, 0.003927164829985672553 ) ) ;
#2586 = LINE ( 'NONE', #1781, #1922 ) ;
#2587 = CARTESIAN_POINT ( 'NONE',  ( 0.4951727018351482212, 1.107755953657654668, -0.2721728932651814592 ) ) ;
#2588 = ADVANCED_FACE ( 'NONE', ( #3001 ), #1094, .T. ) ;
#2589 = EDGE_LOOP ( 'NONE', ( #5341, #807, #4108, #1466 ) ) ;
#2590 = CARTESIAN_POINT ( 'NONE',  ( -7.075310327241193823E-07, 2.168570798939339017, -0.1157811753442456876 ) ) ;
#2591 = CARTESIAN_POINT ( 'NONE',  ( 0.03090362134925785792, 1.892061177074431333, 0.03090430347808391376 ) ) ;
#2592 = FACE_OUTER_BOUND ( 'NONE', #1925, .T. ) ;
#2593 = EDGE_CURVE ( 'NONE', #145, #4032, #4768, .T. ) ;
#2594 = CARTESIAN_POINT ( 'NONE',  ( -0.2009625206698846811, 1.144600320035095598, -0.08918479879677719546 ) ) ;
#2595 = AXIS2_PLACEMENT_3D ( 'NONE', #2142, #5139, #3000 ) ;
#2596 = EDGE_LOOP ( 'NONE', ( #3388, #2133, #2446, #5122, #360 ) ) ;
#2597 = CARTESIAN_POINT ( 'NONE',  ( 0.2142058916901731780, 2.026044938440203502, 0.2142065738189994073 ) ) ;
#2598 = VERTEX_POINT ( 'NONE', #2304 ) ;
#2599 = CIRCLE ( 'NONE', #3006, 0.7240452755905510962 ) ;
#2600 = ADVANCED_FACE ( 'NONE', ( #2720, #1216 ), #4425, .T. ) ;
#2601 = CARTESIAN_POINT ( 'NONE',  ( 0.4812487465712608770, 1.087777900700565903, -0.2955864967559366230 ) ) ;
#2602 = VERTEX_POINT ( 'NONE', #3170 ) ;
#2603 = CARTESIAN_POINT ( 'NONE',  ( -0.1246916416184737919, 2.163452667595270551, -2.540220653532427432E-08 ) ) ;
#2604 = CARTESIAN_POINT ( 'NONE',  ( 0.1368754723229264059, 1.812581967479705680, -0.1756638936647058336 ) ) ;
#2605 = CARTESIAN_POINT ( 'NONE',  ( -7.075310326517546047E-07, 2.171019139527382347, 0.1066275038361052113 ) ) ;
#2606 = CARTESIAN_POINT ( 'NONE',  ( 0.2215871389237676903, 1.960695240334310308, 0.2215878210525937531 ) ) ;
#2607 = CARTESIAN_POINT ( 'NONE',  ( 0.8940994210917435625, 1.921271663787443851, -1.056289703469569297 ) ) ;
#2608 = PRESENTATION_LAYER_ASSIGNMENT (  '', '', ( #3567 ) ) ;
#2609 = CARTESIAN_POINT ( 'NONE',  ( -0.0001499809305422073868, 0.9498077083590259484, 0.006509137389169208920 ) ) ;
#2610 = CARTESIAN_POINT ( 'NONE',  ( 0.1910102564574013562, 2.159897092283287634, 0.09550545659201041537 ) ) ;
#2611 = CARTESIAN_POINT ( 'NONE',  ( -7.075310326621361582E-07, 1.870822151696355906, -0.02185556006178874036 ) ) ;
#2612 = AXIS2_PLACEMENT_3D ( 'NONE', #4879, #2357, #2768 ) ;
#2613 = ORIENTED_EDGE ( 'NONE', *, *, #2615, .F. ) ;
#2614 = CARTESIAN_POINT ( 'NONE',  ( 0.3106460560345334909, 1.926334100157303553, -0.4679362895073003181 ) ) ;
#2615 = EDGE_CURVE ( 'NONE', #1547, #2047, #3776, .T. ) ;
#2616 = DIRECTION ( 'NONE',  ( 0.0000000000000000000, 1.000000000000000000, 2.220446049250310123E-16 ) ) ;
#2617 = CARTESIAN_POINT ( 'NONE',  ( 0.8623030562222304685, 1.231102483338296194, -0.5016468870571476613 ) ) ;
#2618 = CARTESIAN_POINT ( 'NONE',  ( -0.05030139537066594807, 0.2632087033490722039, -0.08353558989476861374 ) ) ;
#2619 = LINE ( 'NONE', #2757, #1502 ) ;
#2620 = DIRECTION ( 'NONE',  ( 4.869933132958959690E-11, -1.000000000000000000, -1.327868774048510007E-24 ) ) ;
#2621 = CARTESIAN_POINT ( 'NONE',  ( -7.075310326256711780E-07, 1.998941422088291731, -0.2184838976234352581 ) ) ;
#2622 = FILL_AREA_STYLE_COLOUR ( '', #5231 ) ;
#2623 = CARTESIAN_POINT ( 'NONE',  ( 0.9029307007315554578, 1.710596686870354821, 1.047458373025341727 ) ) ;
#2624 = CARTESIAN_POINT ( 'NONE',  ( 1.379133150736683966, 1.844955220324026701, 0.001809843616507950375 ) ) ;
#2625 = CARTESIAN_POINT ( 'NONE',  ( 0.5505406310516446355, 1.703893155275413740, 0.1112204470387383598 ) ) ;
#2626 = CARTESIAN_POINT ( 'NONE',  ( 0.1905587330484498632, 1.920433779836447474, -0.1147481916481329772 ) ) ;
#2627 = EDGE_CURVE ( 'NONE', #3487, #1330, #5243, .T. ) ;
#2628 = CARTESIAN_POINT ( 'NONE',  ( 0.4815251059984674842, 1.097399896909736938, -0.2951457874519040625 ) ) ;
#2629 = CARTESIAN_POINT ( 'NONE',  ( -7.075310326648127823E-07, 1.692771108031319027, -2.540220641473977390E-08 ) ) ;
#2630 = DIRECTION ( 'NONE',  ( -4.930380657631323784E-32, -1.000000000000000000, -2.220446049250310369E-16 ) ) ;
#2631 = CARTESIAN_POINT ( 'NONE',  ( -7.075310326517546047E-07, 2.171019139527382347, 0.1066275038361052113 ) ) ;
#2632 = CARTESIAN_POINT ( 'NONE',  ( 0.2223200239450916216, 1.939796410036157992, -0.2223207568783306942 ) ) ;
#2633 = CARTESIAN_POINT ( 'NONE',  ( -0.2103493157857866114, 1.724883122525787904, 0.07441409523189149167 ) ) ;
#2634 = CARTESIAN_POINT ( 'NONE',  ( 0.2184831646901959912, 1.998941422088291731, 0.2184838468190219984 ) ) ;
#2635 = DIRECTION ( 'NONE',  ( 1.000000000000000000, 0.0000000000000000000, 0.0000000000000000000 ) ) ;
#2636 = B_SPLINE_CURVE_WITH_KNOTS ( 'NONE', 3,
 ( #3535, #993, #1785, #3088, #4406, #4351, #1428, #1859, #4829, #5262, #2727, #180, #3161, #3144, #3565, #610 ),
 .UNSPECIFIED., .F., .F.,
 ( 4, 2, 2, 2, 2, 2, 2, 4 ),
 ( 0.0000000000000000000, 0.002049096695270341550, 0.004098193390540683101, 0.005122741738175853876, 0.006147290085811024651, 0.007171838433446195427, 0.007684112607263780814, 0.008196386781081366202 ),
 .UNSPECIFIED. ) ;
#2637 = ORIENTED_EDGE ( 'NONE', *, *, #2013, .F. ) ;
#2638 = CARTESIAN_POINT ( 'NONE',  ( -0.2134656453702344914, 0.2632087033490721484, -0.01036515529095032029 ) ) ;
#2639 = EDGE_LOOP ( 'NONE', ( #982, #3850, #4765, #3710 ) ) ;
#2640 = FACE_OUTER_BOUND ( 'NONE', #4262, .T. ) ;
#2641 = B_SPLINE_CURVE_WITH_KNOTS ( 'NONE', 3,
 ( #5074, #2594, #421, #852, #1703, #3804 ),
 .UNSPECIFIED., .F., .F.,
 ( 4, 2, 4 ),
 ( 2.782325573468219796E-17, 0.002134703394133895173, 0.004269406788267762591 ),
 .UNSPECIFIED. ) ;
#2642 = CARTESIAN_POINT ( 'NONE',  ( -0.5560474406138831149, 1.917582571776020206, 0.07943758788507922219 ) ) ;
#2643 = LENGTH_MEASURE_WITH_UNIT ( LENGTH_MEASURE( 0.02539999999999999897 ), #10 );
#2644 = FILL_AREA_STYLE ('',( #3095 ) ) ;
#2645 = LINE ( 'NONE', #1768, #652 ) ;
#2646 = VECTOR ( 'NONE', #1541, 39.37007874015748143 ) ;
#2647 = CARTESIAN_POINT ( 'NONE',  ( 0.002632214984545520973, 1.128741937032990084, 0.2289500822710639760 ) ) ;
#2648 = EDGE_LOOP ( 'NONE', ( #4911, #2938 ) ) ;
#2649 = DIRECTION ( 'NONE',  ( 0.0000000000000000000, 1.000000000000000000, 2.220446049250310123E-16 ) ) ;
#2650 = CARTESIAN_POINT ( 'NONE',  ( -0.4129082767557299416, 1.871168163348057911, -0.3808635104483560907 ) ) ;
#2651 = ORIENTED_EDGE ( 'NONE', *, *, #4192, .F. ) ;
#2652 = CARTESIAN_POINT ( 'NONE',  ( -0.1112211799719775435, 1.703893155275413740, 0.5505413131804708371 ) ) ;
#2653 = CARTESIAN_POINT ( 'NONE',  ( -0.2222076969088481180, 1.944206735630335858, -0.2222070147800220552 ) ) ;
#2654 = DIRECTION ( 'NONE',  ( 0.0000000000000000000, -1.000000000000000000, -2.220446049250310123E-16 ) ) ;
#2655 = SURFACE_SIDE_STYLE ('',( #1792 ) ) ;
#2656 = VECTOR ( 'NONE', #1550, 39.37007874015748143 ) ;
#2657 = EDGE_CURVE ( 'NONE', #1320, #4650, #1927, .T. ) ;
#2658 = ORIENTED_EDGE ( 'NONE', *, *, #1028, .T. ) ;
#2659 = CARTESIAN_POINT ( 'NONE',  ( -0.06136077808919491311, 2.171019139527382347, -0.08727683768139012088 ) ) ;
#2660 = EDGE_CURVE ( 'NONE', #3111, #90, #4759, .T. ) ;
#2661 = CARTESIAN_POINT ( 'NONE',  ( 0.04841025419508897254, 1.848849985279380936, -0.04841098712832823947 ) ) ;
#2662 = AXIS2_PLACEMENT_3D ( 'NONE', #4170, #3353, #2504 ) ;
#2663 = CARTESIAN_POINT ( 'NONE',  ( -7.075310326648127823E-07, 2.159897092283287634, -2.540220658365646729E-08 ) ) ;
#2664 = EDGE_LOOP ( 'NONE', ( #3262, #2718, #450, #3151 ) ) ;
#2665 = CARTESIAN_POINT ( 'NONE',  ( -7.075310326762628678E-07, 1.728393678196920025, 0.09349803378431915946 ) ) ;
#2666 = CARTESIAN_POINT ( 'NONE',  ( 0.5536892780595403796, 1.725558025616496627, 0.09563464434965433802 ) ) ;
#2667 = CARTESIAN_POINT ( 'NONE',  ( 0.4813843920885196304, 1.092589152902282645, -0.2953703414328566201 ) ) ;
#2669 = B_SPLINE_SURFACE_WITH_KNOTS ( 'NONE', 5, 1, ( 
 ( #798, #2096 ),
 ( #3755, #773 ),
 ( #2523, #2112 ),
 ( #2544, #2351 ),
 ( #672, #2763 ),
 ( #2383, #686 ),
 ( #4477, #4061 ),
 ( #2367, #4080 ),
 ( #1114, #828 ),
 ( #847, #4238 ),
 ( #5086, #377 ),
 ( #2503, #5097 ),
 ( #2991, #444 ),
 ( #1283, #4232 ),
 ( #2114, #5404 ) ),
 .UNSPECIFIED., .F., .F., .F.,
 ( 6, 1, 1, 1, 1, 1, 1, 1, 1, 1, 6 ),
 ( 2, 2 ),
 ( -1.000000000000000000, -0.9000000000000000222, -0.8000000000000000444, -0.6999999999999999556, -0.5999999999999999778, -0.5000000000000000000, -0.4000000000000000222, -0.2999999999999999889, -0.2000000000000000111, -0.1000000000000000056, 0.0000000000000000000 ),
 ( 0.0000000000000000000, 6.200000000000000178 ),
 .UNSPECIFIED. ) ;
#2668 = CARTESIAN_POINT ( 'NONE',  ( -7.075310326335214794E-07, 1.948578194645492534, -0.2220561400143302999 ) ) ;
#2670 = CARTESIAN_POINT ( 'NONE',  ( -0.2242310191381665652, 2.170545325477224896, 0.1121151304013604522 ) ) ;
#2671 = CARTESIAN_POINT ( 'NONE',  ( -0.2224416524129224360, 1.926334100157303553, -2.540220660983742851E-08 ) ) ;
#2672 = EDGE_LOOP ( 'NONE', ( #4007, #1936, #4532, #4436 ) ) ;
#2673 = FILL_AREA_STYLE ('',( #113 ) ) ;
#2674 = B_SPLINE_CURVE_WITH_KNOTS ( 'NONE', 3,
 ( #1303, #2155, #5136, #3373, #3826, #900, #415, #5471, #3849, #823 ),
 .UNSPECIFIED., .F., .F.,
 ( 4, 2, 2, 2, 4 ),
 ( 0.004868771888405717951, 0.005803695837138769104, 0.006738619785871820256, 0.007673543734604871408, 0.008608467683337922560 ),
 .UNSPECIFIED. ) ;
#2675 = EDGE_LOOP ( 'NONE', ( #4886, #510, #4165, #2123 ) ) ;
#2676 = CARTESIAN_POINT ( 'NONE',  ( -0.04257682409288190278, 2.171019139527382791, -0.09776277540820263456 ) ) ;
#2677 = PRESENTATION_LAYER_ASSIGNMENT (  '', '', ( #3539 ) ) ;
#2678 = CARTESIAN_POINT ( 'NONE',  ( -0.0001499809305422447375, 1.134776086225030012, 0.5748457515623975889 ) ) ;
#2679 = CARTESIAN_POINT ( 'NONE',  ( 0.3637827296014928269, 1.102392261606544910, -0.02381063583452652094 ) ) ;
#2680 = ORIENTED_EDGE ( 'NONE', *, *, #15, .T. ) ;
#2681 = CARTESIAN_POINT ( 'NONE',  ( 0.5505406310516444135, 1.926334100157303553, -0.1112204978431514113 ) ) ;
#2682 = EDGE_CURVE ( 'NONE', #1597, #1405, #799, .T. ) ;
#2683 = CARTESIAN_POINT ( 'NONE',  ( -0.2226079691034714703, 1.794889389857936335, 0.006236184951676729260 ) ) ;
#2684 = DIRECTION ( 'NONE',  ( 0.0000000000000000000, -1.597817520535774606E-16, 1.000000000000000000 ) ) ;
#2685 = CARTESIAN_POINT ( 'NONE',  ( 0.3087410735446162180, 1.923709587002752297, -0.4692009417485058509 ) ) ;
#2686 = CARTESIAN_POINT ( 'NONE',  ( -7.075310326942417774E-07, 1.939796410036158436, 0.2223207060739176844 ) ) ;
#2687 = CARTESIAN_POINT ( 'NONE',  ( -1.389870663509346131E-17, 0.4189173647663950173, -3.032714150933363580E-17 ) ) ;
#2688 = UNCERTAINTY_MEASURE_WITH_UNIT (LENGTH_MEASURE( 1.000000000000000082E-05 ), #3514, 'distance_accuracy_value', 'NONE');
#2689 = ORIENTED_EDGE ( 'NONE', *, *, #2832, .F. ) ;
#2690 = CARTESIAN_POINT ( 'NONE',  ( 0.1157093104812516593, 0.2632087033490722594, -0.1796840940803875186 ) ) ;
#2691 = CARTESIAN_POINT ( 'NONE',  ( -0.3322499390231496430, 1.920616772260015148, 0.4528983795058688644 ) ) ;
#2692 = DIRECTION ( 'NONE',  ( 0.8660254037844310471, -2.900502274945145848E-15, 0.5000000000000131006 ) ) ;
#2693 = DIRECTION ( 'NONE',  ( -0.0000000000000000000, -1.000000000000000000, -2.220446049250310369E-16 ) ) ;
#2694 = CARTESIAN_POINT ( 'NONE',  ( 0.5518995547766821774, 1.926594536647364020, -0.1044938254042152015 ) ) ;
#2695 = CARTESIAN_POINT ( 'NONE',  ( -0.1053367366020631773, 1.926561928075361196, -0.5517301404232503037 ) ) ;
#2696 = CARTESIAN_POINT ( 'NONE',  ( -0.04322894932579877947, 1.337009191600301294, 0.5732400528743877288 ) ) ;
#2697 = CYLINDRICAL_SURFACE ( 'NONE', #1505, 0.5683366141732283383 ) ;
#2698 = CARTESIAN_POINT ( 'NONE',  ( 0.4679355565740610512, 1.703893155275413740, -0.3106467889677728134 ) ) ;
#2699 = ORIENTED_EDGE ( 'NONE', *, *, #1256, .T. ) ;
#2700 = CARTESIAN_POINT ( 'NONE',  ( 0.1729043167520961100, 1.280324924689945076, -0.09414572734375438456 ) ) ;
#2701 = LENGTH_MEASURE_WITH_UNIT ( LENGTH_MEASURE( 0.02539999999999999897 ), #3092 );
#2702 = CARTESIAN_POINT ( 'NONE',  ( -0.2223982856373507566, 1.935347466138263250, -2.540220661206322595E-08 ) ) ;
#2703 = CARTESIAN_POINT ( 'NONE',  ( 0.2108415142050760749, 1.283469125681860890, -0.06393632336157221985 ) ) ;
#2704 = AXIS2_PLACEMENT_3D ( 'NONE', #4445, #2355, #5356 ) ;
#2705 = ORIENTED_EDGE ( 'NONE', *, *, #4843, .T. ) ;
#2706 = APPLICATION_PROTOCOL_DEFINITION ( 'draft international standard', 'automotive_design', 1998, #3605 ) ;
#2707 = CYLINDRICAL_SURFACE ( 'NONE', #491, 0.09550548199421689255 ) ;
#2708 = CARTESIAN_POINT ( 'NONE',  ( -0.06625329332206711386, 1.279823821416055329, 0.5709935112167360272 ) ) ;
#2709 = ORIENTED_EDGE ( 'NONE', *, *, #189, .F. ) ;
#2710 = CARTESIAN_POINT ( 'NONE',  ( -0.2027452403939852266, 1.917075766121179248, -0.09170401151869075895 ) ) ;
#2711 = STYLED_ITEM ( 'NONE', ( #4182 ), #1385 ) ;
#2712 = DIRECTION ( 'NONE',  ( 0.0000000000000000000, 2.220446049250310369E-16, -1.000000000000000000 ) ) ;
#2713 =( NAMED_UNIT ( * ) SI_UNIT ( $, .STERADIAN. ) SOLID_ANGLE_UNIT ( ) );
#2714 = PRESENTATION_STYLE_ASSIGNMENT (( #996 ) ) ;
#2715 = EDGE_CURVE ( 'NONE', #2489, #2372, #3468, .T. ) ;
#2716 = VERTEX_POINT ( 'NONE', #272 ) ;
#2717 = SURFACE_STYLE_FILL_AREA ( #5059 ) ;
#2718 = ORIENTED_EDGE ( 'NONE', *, *, #4222, .F. ) ;
#2719 = CARTESIAN_POINT ( 'NONE',  ( -0.0001499809305422073868, 1.339079361902335119, 0.006509137389169294789 ) ) ;
#2720 = FACE_BOUND ( 'NONE', #5287, .T. ) ;
#2721 = VERTEX_POINT ( 'NONE', #1958 ) ;
#2722 = CIRCLE ( 'NONE', #2500, 0.5683366141732283383 ) ;
#2723 = CARTESIAN_POINT ( 'NONE',  ( -0.09961178283891779228, 1.925492614852045481, -0.5527891398179867188 ) ) ;
#2724 = CARTESIAN_POINT ( 'NONE',  ( -0.1888612573571465392, 1.116638417020445306, -0.1112534547587183398 ) ) ;
#2725 = CARTESIAN_POINT ( 'NONE',  ( -0.0001499809305421350434, 1.706106920943021299, -0.5840715712722480690 ) ) ;
#2726 = CARTESIAN_POINT ( 'NONE',  ( 0.8791022470140767986, 1.213369697823362570, -0.4725498350796255576 ) ) ;
#2727 = CARTESIAN_POINT ( 'NONE',  ( -0.2140255472126429692, 1.906722958286404923, 0.06175200145759786319 ) ) ;
#2728 = CARTESIAN_POINT ( 'NONE',  ( -0.4907522979228130522, 1.085149692748341721, -0.2803990566089140657 ) ) ;
#2729 = APPLICATION_PROTOCOL_DEFINITION ( 'draft international standard', 'automotive_design', 1998, #3962 ) ;
#2730 = CARTESIAN_POINT ( 'NONE',  ( -0.1284212325699279622, 1.821493450485900167, 0.1819234255908601938 ) ) ;
#2731 = EDGE_LOOP ( 'NONE', ( #2321, #264, #2268, #458, #1866, #4402 ) ) ;
#2732 = CARTESIAN_POINT ( 'NONE',  ( -0.07078770311851520503, 1.297943367259763781, 0.5704391901981211710 ) ) ;
#2733 = CARTESIAN_POINT ( 'NONE',  ( 0.3238933124570667621, 1.725558025616496849, 0.4591418415820459620 ) ) ;
#2734 = CARTESIAN_POINT ( 'NONE',  ( 0.02080639985324692076, 1.235004960366610449, 0.5744669006836006231 ) ) ;
#2735 = CARTESIAN_POINT ( 'NONE',  ( 0.3093527914336481888, 1.112582817257849355, 0.007614503618652915251 ) ) ;
#2736 = CARTESIAN_POINT ( 'NONE',  ( -0.2024232346826121964, 1.116638417020444418, -0.08802519986375362260 ) ) ;
#2737 = EDGE_CURVE ( 'NONE', #4833, #3528, #3903, .T. ) ;
#2738 = DIRECTION ( 'NONE',  ( 0.5033971688368538144, -1.918587828945777457E-16, 0.8640551431517783376 ) ) ;
#2739 = CARTESIAN_POINT ( 'NONE',  ( 0.1112197649099123109, 1.703893155275413740, -0.5505413639848835139 ) ) ;
#2740 = CARTESIAN_POINT ( 'NONE',  ( 0.1924895281789831547, 1.283469125681860890, -0.1047113350517846764 ) ) ;
#2741 = DIRECTION ( 'NONE',  ( -0.0000000000000000000, -1.000000000000000000, -2.220446049250310123E-16 ) ) ;
#2742 = EDGE_LOOP ( 'NONE', ( #1705, #2256, #3782, #3416, #4302 ) ) ;
#2743 = CARTESIAN_POINT ( 'NONE',  ( -0.2220568221431563072, 1.948578194645492756, 0.2220560892099170403 ) ) ;
#2744 = PRODUCT_CONTEXT ( 'NONE', #5250, 'mechanical' ) ;
#2745 = CARTESIAN_POINT ( 'NONE',  ( -0.03191612103826352298, 1.331609025001537772, 0.2267473115438295717 ) ) ;
#2746 = MECHANICAL_DESIGN_GEOMETRIC_PRESENTATION_REPRESENTATION (  '', ( #3539 ), #4285 ) ;
#2747 = CIRCLE ( 'NONE', #3079, 0.09751115400457018023 ) ;
#2748 = CARTESIAN_POINT ( 'NONE',  ( -7.075310328271885748E-07, 2.171019139527382347, -0.1083863349459901482 ) ) ;
#2749 = CARTESIAN_POINT ( 'NONE',  ( 0.08448620467816621293, 1.723836302417243171, -1.379133883669923177 ) ) ;
#2750 = CARTESIAN_POINT ( 'NONE',  ( 0.1895499350320340726, 1.106538484830727365, -0.2828110353259790100 ) ) ;
#2751 = CARTESIAN_POINT ( 'NONE',  ( 0.1085567535807211437, 1.926437203932589215, 1.379133832865509834 ) ) ;
#2752 = VERTEX_POINT ( 'NONE', #2384 ) ;
#2753 = CARTESIAN_POINT ( 'NONE',  ( 0.05546025528993022563, 1.005417944579500622, 1.007493389357672964 ) ) ;
#2754 = CARTESIAN_POINT ( 'NONE',  ( 0.2435939647183233969, 0.2084659632555735664, -7.705673981372306633E-17 ) ) ;
#2755 = DIRECTION ( 'NONE',  ( 0.0000000000000000000, -2.401145779328437928E-15, -1.000000000000000000 ) ) ;
#2756 = EDGE_CURVE ( 'NONE', #3039, #4833, #468, .T. ) ;
#2757 = CARTESIAN_POINT ( 'NONE',  ( 0.1112197649099123109, 1.703893155275413740, -0.6895669545360648689 ) ) ;
#2758 = EDGE_CURVE ( 'NONE', #2804, #2721, #4978, .T. ) ;
#2759 = DIRECTION ( 'NONE',  ( 0.0000000000000000000, 0.0000000000000000000, 1.000000000000000000 ) ) ;
#2760 = CARTESIAN_POINT ( 'NONE',  ( -0.0001499809326302896167, 1.844127897531955051, 0.006509137389169129123 ) ) ;
#2761 = CARTESIAN_POINT ( 'NONE',  ( 0.09349735165549336036, 1.728393678196920025, -1.379133883669923177 ) ) ;
#2762 = CARTESIAN_POINT ( 'NONE',  ( -0.04259654054980500926, 2.171019139527382791, 0.09781645179657684486 ) ) ;
#2763 = CARTESIAN_POINT ( 'NONE',  ( -1.379134565798749046, 1.767981565922491782, -0.02695627284797104048 ) ) ;
#2764 = CARTESIAN_POINT ( 'NONE',  ( 0.4679355565740611622, 1.926334100157303553, 0.3106467381633598035 ) ) ;
#2765 = CARTESIAN_POINT ( 'NONE',  ( 0.3834618719127205755, 1.061028180799971521, -0.2149692691142286727 ) ) ;
#2766 = ORIENTED_EDGE ( 'NONE', *, *, #385, .T. ) ;
#2767 = CARTESIAN_POINT ( 'NONE',  ( 0.4699155019805740241, 1.920387216501463712, 0.3076435473865764547 ) ) ;
#2768 = DIRECTION ( 'NONE',  ( 1.229322153537183060E-16, 0.0000000000000000000, 1.000000000000000000 ) ) ;
#2769 = ORIENTED_EDGE ( 'NONE', *, *, #2820, .T. ) ;
#2770 = FACE_OUTER_BOUND ( 'NONE', #4283, .T. ) ;
#2771 = DIRECTION ( 'NONE',  ( -0.0000000000000000000, -1.000000000000000000, -2.220446049250310123E-16 ) ) ;
#2772 = CARTESIAN_POINT ( 'NONE',  ( -0.06658687378086955433, 1.278410316227398091, 0.2067059877828699155 ) ) ;
#2773 = CARTESIAN_POINT ( 'NONE',  ( -7.075310327194528660E-07, 2.171019139527382347, -0.1083863349459902037 ) ) ;
#2774 = DIRECTION ( 'NONE',  ( -0.0000000000000000000, 1.000000000000000000, 2.220446049250310123E-16 ) ) ;
#2775 = LINE ( 'NONE', #1337, #2386 ) ;
#2776 = AXIS2_PLACEMENT_3D ( 'NONE', #3302, #5002, #5021 ) ;
#2777 = FACE_OUTER_BOUND ( 'NONE', #5241, .T. ) ;
#2778 = PRESENTATION_STYLE_ASSIGNMENT (( #1773 ) ) ;
#2779 = DIRECTION ( 'NONE',  ( 0.0000000000000000000, 1.000000000000000000, 2.220446049250310369E-16 ) ) ;
#2780 = ORIENTED_EDGE ( 'NONE', *, *, #2224, .T. ) ;
#2781 = CARTESIAN_POINT ( 'NONE',  ( 0.04319770931573281569, 1.116638417020445528, 0.2246855607493960238 ) ) ;
#2782 = ORIENTED_EDGE ( 'NONE', *, *, #135, .T. ) ;
#2783 = CARTESIAN_POINT ( 'NONE',  ( 0.5237915727663301491, 1.116638417020444196, -0.2871785737734752764 ) ) ;
#2784 = COLOUR_RGB ( '',1.000000000000000000, 0.1529411764705882470, 0.1529411764705882470 ) ;
#2785 = DIRECTION ( 'NONE',  ( -0.0000000000000000000, 1.000000000000000000, 0.0000000000000000000 ) ) ;
#2786 = EDGE_CURVE ( 'NONE', #1906, #5401, #2000, .T. ) ;
#2787 = FACE_OUTER_BOUND ( 'NONE', #5101, .T. ) ;
#2788 = CARTESIAN_POINT ( 'NONE',  ( 0.1041298206884723188, 2.171019139527382347, -0.02664980263755110587 ) ) ;
#2789 = LINE ( 'NONE', #1007, #465 ) ;
#2790 = DIRECTION ( 'NONE',  ( 0.0000000000000000000, 1.000000000000000000, 2.220446049250310123E-16 ) ) ;
#2791 = ORIENTED_EDGE ( 'NONE', *, *, #2169, .F. ) ;
#2792 = DIRECTION ( 'NONE',  ( 0.0000000000000000000, 1.000000000000000000, 0.0000000000000000000 ) ) ;
#2793 = EDGE_CURVE ( 'NONE', #886, #4181, #3592, .T. ) ;
#2794 = ORIENTED_EDGE ( 'NONE', *, *, #3516, .T. ) ;
#2795 = CARTESIAN_POINT ( 'NONE',  ( 0.09426714271217892516, 1.924468639114974566, -2.540220660406519014E-08 ) ) ;
#2796 = CARTESIAN_POINT ( 'NONE',  ( -0.05959498406672869564, 1.336742232720938839, 1.007493389357672964 ) ) ;
#2797 = CARTESIAN_POINT ( 'NONE',  ( -7.075310327327265076E-07, 2.171019139527382791, 0.1102808103835955927 ) ) ;
#2798 = B_SPLINE_CURVE_WITH_KNOTS ( 'NONE', 3,
 ( #548, #254, #1923, #2316, #1508, #691 ),
 .UNSPECIFIED., .F., .F.,
 ( 4, 2, 4 ),
 ( 3.576224061345498009E-18, 0.002173572450712092131, 0.004347144901424180793 ),
 .UNSPECIFIED. ) ;
#2799 = CARTESIAN_POINT ( 'NONE',  ( 0.05871230963215590126, 1.926373710395650196, -0.2145557017964657420 ) ) ;
#2800 = CARTESIAN_POINT ( 'NONE',  ( -0.2219671309420319649, 1.951176915564387659, -2.540220661548323728E-08 ) ) ;
#2801 = CARTESIAN_POINT ( 'NONE',  ( 0.5127778009150073535, 1.283469125681861778, -0.2382593197716611211 ) ) ;
#2802 = CARTESIAN_POINT ( 'NONE',  ( -0.1980272670820861503, 1.848826375439692971, -0.1018204351009515396 ) ) ;
#2803 = CARTESIAN_POINT ( 'NONE',  ( 0.1149788793615770383, 1.911495348343728251, 0.1904196946080286001 ) ) ;
#2804 = VERTEX_POINT ( 'NONE', #2438 ) ;
#2805 = AXIS2_PLACEMENT_3D ( 'NONE', #1458, #3952, #1406 ) ;
#2806 = CARTESIAN_POINT ( 'NONE',  ( 0.3124367466940254912, 1.091549647668806466, -0.1978966856667510599 ) ) ;
#2807 = DIRECTION ( 'NONE',  ( 1.224637236793544906E-16, 0.0000000000000000000, -1.000000000000000000 ) ) ;
#2808 = CARTESIAN_POINT ( 'NONE',  ( 0.4589841497874613263, 1.878073678326438678, 0.3237576330851908990 ) ) ;
#2809 = VERTEX_POINT ( 'NONE', #4099 ) ;
#2810 = CARTESIAN_POINT ( 'NONE',  ( 1.006098524694327701, 1.892061177074431333, 0.9442905490625717047 ) ) ;
#2811 = EDGE_LOOP ( 'NONE', ( #5329, #5224, #1729, #3814 ) ) ;
#2812 = AXIS2_PLACEMENT_3D ( 'NONE', #3792, #2502, #411 ) ;
#2813 = CARTESIAN_POINT ( 'NONE',  ( 0.2139157115943817744, 1.926334100157303553, 0.06098964248103345281 ) ) ;
#2814 = CARTESIAN_POINT ( 'NONE',  ( -0.9817627210489973111, 1.797124093125409772, -0.9686278185743804059 ) ) ;
#2815 = CARTESIAN_POINT ( 'NONE',  ( -1.389870663509346131E-17, 0.4189173647663950728, -0.2137171453055093651 ) ) ;
#2816 = DIRECTION ( 'NONE',  ( -0.1106741257104535275, -2.206805292245965409E-16, 0.9938567491838181667 ) ) ;
#2817 =( GEOMETRIC_REPRESENTATION_CONTEXT ( 3 ) GLOBAL_UNCERTAINTY_ASSIGNED_CONTEXT ( ( #5144 ) ) GLOBAL_UNIT_ASSIGNED_CONTEXT ( ( #817, #2894, #369 ) ) REPRESENTATION_CONTEXT ( 'NONE', 'WORKASPACE' ) );
#2818 = CARTESIAN_POINT ( 'NONE',  ( -0.1289912120145399466, 1.760194493157263063, -0.1815560288800994460 ) ) ;
#2819 = DIRECTION ( 'NONE',  ( -6.950919226504561561E-16, -1.000000000000000000, 6.950919226504559588E-16 ) ) ;
#2820 = EDGE_CURVE ( 'NONE', #2852, #3205, #3908, .T. ) ;
#2821 = DIRECTION ( 'NONE',  ( 0.0000000000000000000, 1.918941898204432851E-16, -1.000000000000000000 ) ) ;
#2822 = CARTESIAN_POINT ( 'NONE',  ( 0.4360034448710168320, 1.839352583142788600, 0.3542161591950289123 ) ) ;
#2823 = ORIENTED_EDGE ( 'NONE', *, *, #1680, .T. ) ;
#2824 = CARTESIAN_POINT ( 'NONE',  ( -0.3272172086721978901, 1.109918007326325284, -0.002526339421674378850 ) ) ;
#2825 = CARTESIAN_POINT ( 'NONE',  ( -0.1112211799719775435, 1.703893155275413740, 0.6895669037316516370 ) ) ;
#2827 = B_SPLINE_SURFACE_WITH_KNOTS ( 'NONE', 5, 1, ( 
 ( #2900, #4540 ),
 ( #805, #2043 ),
 ( #3374, #2919 ),
 ( #739, #824 ),
 ( #359, #3725 ),
 ( #3704, #4618 ),
 ( #4155, #1184 ),
 ( #1247, #3337 ) ),
 .UNSPECIFIED., .F., .F., .F.,
 ( 6, 1, 1, 6 ),
 ( 2, 2 ),
 ( 0.7961980842294830163, 0.8000000000000000444, 0.9000000000000000222, 1.000000000000000000 ),
 ( 0.0000000000000000000, 3.600000000000000089 ),
 .UNSPECIFIED. ) ;
#2826 = CARTESIAN_POINT ( 'NONE',  ( -0.05514863499155831655, 1.923789154167841575, 0.2155109437546281481 ) ) ;
#2828 = B_SPLINE_CURVE_WITH_KNOTS ( 'NONE', 3,
 ( #598, #3987, #1472, #5196, #4764, #1887, #545, #4794, #984, #4838, #970, #3912, #2691, #2311, #1812, #2237 ),
 .UNSPECIFIED., .F., .F.,
 ( 4, 2, 2, 2, 2, 2, 2, 4 ),
 ( 0.0000000000000000000, 0.002046144476153344792, 0.004092288952306689584, 0.005115361190383363281, 0.006138433428460036111, 0.007161505666536709808, 0.007673041785575044488, 0.008184577904613379168 ),
 .UNSPECIFIED. ) ;
#2829 = DIRECTION ( 'NONE',  ( 0.0000000000000000000, 0.0000000000000000000, 1.000000000000000000 ) ) ;
#2830 = CARTESIAN_POINT ( 'NONE',  ( 0.05094816159320329080, 0.4309069081374632404, 0.08314270855328111109 ) ) ;
#2831 = CARTESIAN_POINT ( 'NONE',  ( -1.389870663509344898E-17, 0.4309069081374632959, -2.766492808827325183E-17 ) ) ;
#2832 = EDGE_CURVE ( 'NONE', #155, #4809, #949, .T. ) ;
#2833 = CARTESIAN_POINT ( 'NONE',  ( 0.4002127882796014946, 1.786382252198471798, -0.3946259452243491284 ) ) ;
#2834 = AXIS2_PLACEMENT_3D ( 'NONE', #3921, #2209, #72 ) ;
#2835 = CARTESIAN_POINT ( 'NONE',  ( -7.075310326525524039E-07, 2.171019139527382347, 0.1001123594018687724 ) ) ;
#2836 = CARTESIAN_POINT ( 'NONE',  ( -1.291877065691840132, 1.839571487823678408, 0.6523726797688854662 ) ) ;
#2837 = CONTEXT_DEPENDENT_SHAPE_REPRESENTATION ( #182, #4552 ) ;
#2838 = VERTEX_POINT ( 'NONE', #1234 ) ;
#2839 = CARTESIAN_POINT ( 'NONE',  ( 0.1541829021230049501, 1.786063840511598722, 0.1607049298603628329 ) ) ;
#2840 = CARTESIAN_POINT ( 'NONE',  ( 0.8705426891634878706, 1.116638417020445306, -0.4873754241671710563 ) ) ;
#2841 = ORIENTED_EDGE ( 'NONE', *, *, #4563, .F. ) ;
#2842 = EDGE_CURVE ( 'NONE', #2852, #4727, #1796, .T. ) ;
#2843 = CARTESIAN_POINT ( 'NONE',  ( -0.1803719991520013055, 1.189219009695275053, -0.08173087119606149697 ) ) ;
#2844 = CARTESIAN_POINT ( 'NONE',  ( -0.5016947471510709855, 1.116638417020444196, -0.2608096881482107054 ) ) ;
#2845 = LINE ( 'NONE', #2978, #3895 ) ;
#2846 = CARTESIAN_POINT ( 'NONE',  ( -0.1206782614348030080, 1.116215251157204547, -0.2428747729738119088 ) ) ;
#2847 = SHAPE_DEFINITION_REPRESENTATION ( #51, #1302 ) ;
#2848 = ADVANCED_FACE ( 'NONE', ( #4903 ), #4749, .T. ) ;
#2849 = ORIENTED_EDGE ( 'NONE', *, *, #2875, .T. ) ;
#2850 = EDGE_LOOP ( 'NONE', ( #467, #4122, #412, #5194, #1929 ) ) ;
#2851 = CARTESIAN_POINT ( 'NONE',  ( -0.05757266047706575268, 1.926334100157303553, 0.2148614280833539003 ) ) ;
#2852 = VERTEX_POINT ( 'NONE', #3469 ) ;
#2853 = COLOUR_RGB ( '',1.000000000000000000, 0.1529411764705882470, 0.1529411764705882470 ) ;
#2854 = CARTESIAN_POINT ( 'NONE',  ( -1.057245464011839386, 1.915167437866163835, -0.8931450756115386636 ) ) ;
#2855 = DIRECTION ( 'NONE',  ( 0.0000000000000000000, 1.000000000000000000, 2.220446049250310123E-16 ) ) ;
#2856 = ORIENTED_EDGE ( 'NONE', *, *, #285, .F. ) ;
#2857 = DIRECTION ( 'NONE',  ( 0.0000000000000000000, 0.0000000000000000000, 1.000000000000000000 ) ) ;
#2858 = AXIS2_PLACEMENT_3D ( 'NONE', #3091, #4741, #3473 ) ;
#2859 = FACE_OUTER_BOUND ( 'NONE', #1920, .T. ) ;
#2860 = CARTESIAN_POINT ( 'NONE',  ( -0.2002254771391833166, 2.171019139527382347, 0.1001123594018688001 ) ) ;
#2861 = ORIENTED_EDGE ( 'NONE', *, *, #4290, .T. ) ;
#2862 = COLOUR_RGB ( '',1.000000000000000000, 0.1529411764705882470, 0.1529411764705882470 ) ;
#2863 = CARTESIAN_POINT ( 'NONE',  ( -1.181311398252550271, 1.784288654110763872, 0.5970898460505864591 ) ) ;
#2864 = CARTESIAN_POINT ( 'NONE',  ( 0.08079783702010140400, 1.861672257603633529, 0.2073232264719274687 ) ) ;
#2865 = CARTESIAN_POINT ( 'NONE',  ( -0.1003410920944096257, 2.171019139527382791, -0.03608621785026061568 ) ) ;
#2866 = CARTESIAN_POINT ( 'NONE',  ( -0.07226420261351290675, 1.710596686870354821, -0.07226352048468684397 ) ) ;
#2867 = AXIS2_PLACEMENT_3D ( 'NONE', #168, #564, #3554 ) ;
#2868 = B_SPLINE_SURFACE_WITH_KNOTS ( 'NONE', 5, 1, ( 
 ( #2753, #1013 ),
 ( #2300, #1089 ),
 ( #4882, #1457 ),
 ( #3951, #1511 ),
 ( #1851, #4802 ),
 ( #191, #2283 ),
 ( #5244, #659 ),
 ( #5316, #2375 ),
 ( #1529, #257 ),
 ( #3217, #2772 ),
 ( #5332, #3627 ),
 ( #245, #1108 ),
 ( #1946, #4054 ),
 ( #2796, #3645 ),
 ( #3229, #677 ) ),
 .UNSPECIFIED., .F., .F., .F.,
 ( 6, 1, 1, 1, 1, 1, 1, 1, 1, 1, 6 ),
 ( 2, 2 ),
 ( -1.000000000000000000, -0.9000000000000000222, -0.8000000000000000444, -0.6999999999999999556, -0.5999999999999999778, -0.5000000000000000000, -0.4000000000000000222, -0.2999999999999999889, -0.2000000000000000111, -0.1000000000000000056, 0.0000000000000000000 ),
 ( 0.0000000000000000000, 3.600000000000000089 ),
 .UNSPECIFIED. ) ;
#2869 =( BOUNDED_SURFACE ( )  B_SPLINE_SURFACE ( 5, 2, ( 
 ( #5379, #5437, #2871, #726, #2463, #5394, #3688, #5414, #325 ),
 ( #3344, #3816, #2537, #2512, #1716, #3435, #2590, #2571, #2086 ),
 ( #3420, #3401, #5109, #849, #1308, #4267, #871, #4674, #32 ),
 ( #3019, #5477, #3381, #5089, #5070, #4240, #1701, #1270, #6 ),
 ( #2144, #5056, #47, #2105, #1322, #4297, #2948, #3004, #2981 ),
 ( #472, #4224, #1343, #452, #435, #2555, #891, #5126, #830 ),
 ( #3783, #3833, #402, #3801, #420, #60, #2966, #4279, #1740 ),
 ( #1682, #3448, #4645, #4687, #1295, #4661, #2124, #905, #3855 ),
 ( #2159, #1753, #3907, #3072, #1772, #4353, #3871, #4724, #2199 ),
 ( #98, #5154, #923, #519, #1393, #963, #502, #4339, #1807 ),
 ( #5176, #3486, #1362, #2634, #4757, #947, #2621, #3883, #3498 ),
 ( #2233, #1376, #112, #3051, #2215, #1786, #4740, #3472, #4711 ),
 ( #4317, #2174, #5142, #2606, #80, #3035, #485, #3276, #1519 ),
 ( #3330, #4761, #3653, #4015, #5320, #4851, #4073, #3179, #2800 ),
 ( #3998, #2743, #219, #666, #2305, #4036, #5295, #4487, #3236 ) ),
 .UNSPECIFIED., .F., .T., .F. ) 
 B_SPLINE_SURFACE_WITH_KNOTS ( ( 6, 1, 1, 1, 1, 1, 1, 1, 1, 1, 6 ),
 ( 3, 2, 2, 2, 3 ),
 ( -1.000000000000000000, -0.9000000000000000222, -0.8000000000000000444, -0.6999999999999999556, -0.5999999999999999778, -0.5000000000000000000, -0.4000000000000000222, -0.2999999999999999889, -0.2000000000000000111, -0.1000000000000000056, -0.06271658775695229671 ),
 ( 0.0000000000000000000, 1.570796326794900111, 3.141592653589790007, 4.712388980384689674, 6.283185307179589785 ),
 .UNSPECIFIED. ) 
 GEOMETRIC_REPRESENTATION_ITEM ( )  RATIONAL_B_SPLINE_SURFACE ( (
 ( 1.000000000000000000, 0.7071067811865480168, 1.000000000000000000, 0.7071067811865480168, 1.000000000000000000, 0.7071067811865480168, 1.000000000000000000, 0.7071067811865480168, 1.000000000000000000),
 ( 1.000000000000000000, 0.7071067811865480168, 1.000000000000000000, 0.7071067811865480168, 1.000000000000000000, 0.7071067811865480168, 1.000000000000000000, 0.7071067811865480168, 1.000000000000000000),
 ( 1.000000000000000000, 0.7071067811865480168, 1.000000000000000000, 0.7071067811865480168, 1.000000000000000000, 0.7071067811865480168, 1.000000000000000000, 0.7071067811865480168, 1.000000000000000000),
 ( 1.000000000000000000, 0.7071067811865480168, 1.000000000000000000, 0.7071067811865480168, 1.000000000000000000, 0.7071067811865480168, 1.000000000000000000, 0.7071067811865480168, 1.000000000000000000),
 ( 1.000000000000000000, 0.7071067811865480168, 1.000000000000000000, 0.7071067811865480168, 1.000000000000000000, 0.7071067811865480168, 1.000000000000000000, 0.7071067811865480168, 1.000000000000000000),
 ( 1.000000000000000000, 0.7071067811865480168, 1.000000000000000000, 0.7071067811865480168, 1.000000000000000000, 0.7071067811865480168, 1.000000000000000000, 0.7071067811865480168, 1.000000000000000000),
 ( 1.000000000000000000, 0.7071067811865480168, 1.000000000000000000, 0.7071067811865480168, 1.000000000000000000, 0.7071067811865480168, 1.000000000000000000, 0.7071067811865480168, 1.000000000000000000),
 ( 1.000000000000000000, 0.7071067811865480168, 1.000000000000000000, 0.7071067811865480168, 1.000000000000000000, 0.7071067811865480168, 1.000000000000000000, 0.7071067811865480168, 1.000000000000000000),
 ( 1.000000000000000000, 0.7071067811865480168, 1.000000000000000000, 0.7071067811865480168, 1.000000000000000000, 0.7071067811865480168, 1.000000000000000000, 0.7071067811865480168, 1.000000000000000000),
 ( 1.000000000000000000, 0.7071067811865480168, 1.000000000000000000, 0.7071067811865480168, 1.000000000000000000, 0.7071067811865480168, 1.000000000000000000, 0.7071067811865480168, 1.000000000000000000),
 ( 1.000000000000000000, 0.7071067811865480168, 1.000000000000000000, 0.7071067811865480168, 1.000000000000000000, 0.7071067811865480168, 1.000000000000000000, 0.7071067811865480168, 1.000000000000000000),
 ( 1.000000000000000000, 0.7071067811865480168, 1.000000000000000000, 0.7071067811865480168, 1.000000000000000000, 0.7071067811865480168, 1.000000000000000000, 0.7071067811865480168, 1.000000000000000000),
 ( 1.000000000000000000, 0.7071067811865480168, 1.000000000000000000, 0.7071067811865480168, 1.000000000000000000, 0.7071067811865480168, 1.000000000000000000, 0.7071067811865480168, 1.000000000000000000),
 ( 1.000000000000000000, 0.7071067811865480168, 1.000000000000000000, 0.7071067811865480168, 1.000000000000000000, 0.7071067811865480168, 1.000000000000000000, 0.7071067811865480168, 1.000000000000000000),
 ( 1.000000000000000000, 0.7071067811865480168, 1.000000000000000000, 0.7071067811865480168, 1.000000000000000000, 0.7071067811865480168, 1.000000000000000000, 0.7071067811865480168, 1.000000000000000000) ) ) 
 REPRESENTATION_ITEM ( '' )  SURFACE ( )  );
#2870 = ORIENTED_EDGE ( 'NONE', *, *, #1910, .T. ) ;
#2871 = CARTESIAN_POINT ( 'NONE',  ( -7.075310325998450376E-07, 2.171019139527382347, 0.1112204470387382627 ) ) ;
#2872 = CARTESIAN_POINT ( 'NONE',  ( 0.04495806143302437385, 1.908269080859285927, 0.04495874356185041582 ) ) ;
#2873 = CARTESIAN_POINT ( 'NONE',  ( -0.4679578707065812360, 1.900286602869685204, -0.3106231359553275895 ) ) ;
#2874 = CARTESIAN_POINT ( 'NONE',  ( -0.1112211799719775435, 1.703893155275413740, 1.379133832865509834 ) ) ;
#2875 = EDGE_CURVE ( 'NONE', #2135, #3574, #4325, .T. ) ;
#2876 = AXIS2_PLACEMENT_3D ( 'NONE', #2194, #5152, #125 ) ;
#2877 = DIRECTION ( 'NONE',  ( 0.8640551431517783376, 1.117766254747583641E-16, -0.5033971688368538144 ) ) ;
#2878 = DIRECTION ( 'NONE',  ( 0.0000000000000000000, -2.803690145631479487E-16, 1.000000000000000000 ) ) ;
#2879 = CARTESIAN_POINT ( 'NONE',  ( 1.013235945603246924, 1.781347149670130747, -0.9371531789580658245 ) ) ;
#2880 = ADVANCED_FACE ( 'NONE', ( #658 ), #2173, .T. ) ;
#2881 = CARTESIAN_POINT ( 'NONE',  ( -7.075310326882048677E-07, 2.159897092283287634, -0.09550550739642359177 ) ) ;
#2882 = CARTESIAN_POINT ( 'NONE',  ( 0.7158644176263267989, 1.861978220057093791, 0.4259406612130215430 ) ) ;
#2883 = CARTESIAN_POINT ( 'NONE',  ( -7.075310327297803152E-07, 2.171019139527382347, -0.1112204978431514807 ) ) ;
#2884 = ORIENTED_EDGE ( 'NONE', *, *, #115, .T. ) ;
#2885 = CARTESIAN_POINT ( 'NONE',  ( 0.2131147719509988991, 1.891456391440994311, 0.06376851702920501019 ) ) ;
#2886 = CARTESIAN_POINT ( 'NONE',  ( -1.020154379840159997, 1.908269080859285927, -0.9302361597832181639 ) ) ;
#2887 = CARTESIAN_POINT ( 'NONE',  ( 0.08059522116799286429, 2.171019139527382347, 0.07019697571186721274 ) ) ;
#2888 = CARTESIAN_POINT ( 'NONE',  ( -0.1792167210301747471, 1.210894448349593810, -0.08373187159993771000 ) ) ;
#2889 = FACE_OUTER_BOUND ( 'NONE', #2742, .T. ) ;
#2890 = CARTESIAN_POINT ( 'NONE',  ( 1.379133150736683966, 1.921271663787443851, -0.1146853556520652517 ) ) ;
#2891 = CARTESIAN_POINT ( 'NONE',  ( 1.227409515703671556E-17, 0.2084659632555735109, 0.2137171453055092540 ) ) ;
#2892 = ORIENTED_EDGE ( 'NONE', *, *, #5012, .F. ) ;
#2893 = AXIS2_PLACEMENT_3D ( 'NONE', #474, #1273, #4691 ) ;
#2894 =( NAMED_UNIT ( * ) PLANE_ANGLE_UNIT ( ) SI_UNIT ( $, .RADIAN. ) );
#2895 = EDGE_LOOP ( 'NONE', ( #3840, #793, #3377, #1798, #3615 ) ) ;
#2896 =( LENGTH_UNIT ( ) NAMED_UNIT ( * ) SI_UNIT ( $, .METRE. ) );
#2897 = DIRECTION ( 'NONE',  ( 0.0000000000000000000, 1.000000000000000000, 2.220446049250310369E-16 ) ) ;
#2898 = AXIS2_PLACEMENT_3D ( 'NONE', #3779, #1660, #4990 ) ;
#2899 = CARTESIAN_POINT ( 'NONE',  ( 0.4239859217339093655, 1.844127897552610307, -0.7175361382038325520 ) ) ;
#2900 = CARTESIAN_POINT ( 'NONE',  ( -0.8766615165659633613, 1.116638417020445306, -0.4772968534070707869 ) ) ;
#2901 = CARTESIAN_POINT ( 'NONE',  ( -0.9213272988243385031, 1.751860218209315923, -1.029063240799039436 ) ) ;
#2902 = EDGE_CURVE ( 'NONE', #5072, #3763, #4837, .T. ) ;
#2903 = CARTESIAN_POINT ( 'NONE',  ( 0.06135936302711925139, 2.171019139527381459, 0.08727678687698166293 ) ) ;
#2904 = B_SPLINE_SURFACE_WITH_KNOTS ( 'NONE', 5, 1, ( 
 ( #2840, #4543 ),
 ( #3749, #1487 ),
 ( #4433, #3564 ),
 ( #3160, #5261 ),
 ( #1017, #2303 ),
 ( #3549, #1048 ),
 ( #4805, #1034 ),
 ( #2726, #3121 ),
 ( #3143, #572 ),
 ( #3983, #1880 ),
 ( #1463, #1358 ),
 ( #162, #3957 ),
 ( #589, #2191 ),
 ( #1444, #1767 ) ),
 .UNSPECIFIED., .F., .F., .F.,
 ( 6, 1, 1, 1, 1, 1, 1, 1, 1, 6 ),
 ( 2, 2 ),
 ( -0.8018172745509960508, -0.8000000000000000444, -0.6999999999999999556, -0.5999999999999999778, -0.5000000000000000000, -0.4000000000000000222, -0.2999999999999999889, -0.2000000000000000111, -0.1000000000000000056, 0.0000000000000000000 ),
 ( 0.0000000000000000000, 3.600000000000000089 ),
 .UNSPECIFIED. ) ;
#2905 = CARTESIAN_POINT ( 'NONE',  ( 0.2223200239450916216, 1.939796410036158658, -2.540220753200032545E-08 ) ) ;
#2906 = ADVANCED_FACE ( 'NONE', ( #5173 ), #338, .T. ) ;
#2907 = CARTESIAN_POINT ( 'NONE',  ( -0.4537245273778168220, 1.867940490486981853, -0.3310903695389143531 ) ) ;
#2908 = CARTESIAN_POINT ( 'NONE',  ( -0.2224416524129224360, 1.926334100157303553, -2.540220660983742851E-08 ) ) ;
#2909 = ORIENTED_EDGE ( 'NONE', *, *, #446, .F. ) ;
#2910 = ORIENTED_EDGE ( 'NONE', *, *, #2615, .T. ) ;
#2911 = CARTESIAN_POINT ( 'NONE',  ( -0.05211376281516989090, 1.338831944336508650, 0.2067059877828699155 ) ) ;
#2912 = VECTOR ( 'NONE', #2897, 39.37007874015748143 ) ;
#2913 = B_SPLINE_CURVE_WITH_KNOTS ( 'NONE', 3,
 ( #5361, #4104, #4955, #1575, #2423, #732, #3691, #2108, #1238, #5093, #4193, #4609, #4211, #4247, #4164, #816, #5481, #4649, #854, #1649 ),
 .UNSPECIFIED., .F., .F.,
 ( 4, 2, 2, 2, 2, 2, 2, 2, 2, 4 ),
 ( 0.0000000000000000000, 0.0002616034324524477215, 0.0005232068649048954431, 0.001046413729809770503, 0.001569620594714645889, 0.002092827459619521057, 0.003139241189429271828, 0.004185654919239023032, 0.006278482378858524574, 0.008371309838478026982 ),
 .UNSPECIFIED. ) ;
#2914 = CARTESIAN_POINT ( 'NONE',  ( -0.05760971055745337660, 1.919415172244245849, -0.05760902842862733464 ) ) ;
#2915 = FACE_OUTER_BOUND ( 'NONE', #2151, .T. ) ;
#2916 = AXIS2_PLACEMENT_3D ( 'NONE', #1101, #4082, #2807 ) ;
#2917 = EDGE_LOOP ( 'NONE', ( #4212, #4570, #3873, #4581, #862, #1083, #1492 ) ) ;
#2918 = CARTESIAN_POINT ( 'NONE',  ( -0.0001499809324083164607, 1.839571487886584977, 0.6523726797688852441 ) ) ;
#2919 = CARTESIAN_POINT ( 'NONE',  ( -0.1833339997819979639, 1.110997952494245933, -0.07660053561285645740 ) ) ;
#2920 = DIRECTION ( 'NONE',  ( 1.000000000000000000, 4.869931427294231357E-11, 0.0000000000000000000 ) ) ;
#2921 = LINE ( 'NONE', #3726, #1593 ) ;
#2922 = CARTESIAN_POINT ( 'NONE',  ( -0.01545490429528082431, 1.870822151696355906, 0.01545417136204152789 ) ) ;
#2923 = ADVANCED_FACE ( 'NONE', ( #3131 ), #2947, .T. ) ;
#2924 = CYLINDRICAL_SURFACE ( 'NONE', #3708, 0.09751115400457018023 ) ;
#2925 = EDGE_CURVE ( 'NONE', #1087, #2126, #2931, .T. ) ;
#2926 = CARTESIAN_POINT ( 'NONE',  ( 0.1627902327970991159, 1.089170550409898741, -0.1116638346258260750 ) ) ;
#2927 = ORIENTED_EDGE ( 'NONE', *, *, #5068, .T. ) ;
#2928 = CARTESIAN_POINT ( 'NONE',  ( -0.8700810228610093011, 1.249923318217420309, -0.4886946028429369204 ) ) ;
#2929 = CARTESIAN_POINT ( 'NONE',  ( 0.2222062818467827883, 1.944206735630335858, -2.540220753053842268E-08 ) ) ;
#2930 = EDGE_LOOP ( 'NONE', ( #1525, #4814, #4873, #3900, #4885, #551, #623, #4861 ) ) ;
#2931 = LINE ( 'NONE', #3854, #1350 ) ;
#2932 = DIRECTION ( 'NONE',  ( 0.4999999999999900635, 0.0000000000000000000, 0.8660254037844443697 ) ) ;
#2933 = ORIENTED_EDGE ( 'NONE', *, *, #863, .T. ) ;
#2934 = CIRCLE ( 'NONE', #3189, 0.2220561146121241836 ) ;
#2935 = CARTESIAN_POINT ( 'NONE',  ( -0.2222076969088481457, 1.944206735630335636, -2.540220661404715579E-08 ) ) ;
#2936 = ORIENTED_EDGE ( 'NONE', *, *, #4141, .T. ) ;
#2937 = DIRECTION ( 'NONE',  ( 0.0000000000000000000, 1.000000000000000000, 2.220446049250310123E-16 ) ) ;
#2938 = ORIENTED_EDGE ( 'NONE', *, *, #533, .T. ) ;
#2939 = CARTESIAN_POINT ( 'NONE',  ( -0.07287105440381684562, 1.926191724384900716, -0.07287037227499079672 ) ) ;
#2940 = ADVANCED_FACE ( 'NONE', ( #5044 ), #4894, .T. ) ;
#2941 = DIRECTION ( 'NONE',  ( 0.0000000000000000000, -2.220446049250310369E-16, 1.000000000000000000 ) ) ;
#2942 = UNCERTAINTY_MEASURE_WITH_UNIT (LENGTH_MEASURE( 1.000000000000000082E-05 ), #520, 'distance_accuracy_value', 'NONE');
#2943 = DIRECTION ( 'NONE',  ( 0.0000000000000000000, -1.000000000000000000, -2.220446049250309876E-16 ) ) ;
#2944 = CARTESIAN_POINT ( 'NONE',  ( -0.1081362503592011998, 1.926334100157303553, -0.1943879837154859624 ) ) ;
#2945 = CARTESIAN_POINT ( 'NONE',  ( -1.048065957748886001, 1.926191724384900716, -0.9023245818744917157 ) ) ;
#2946 = CARTESIAN_POINT ( 'NONE',  ( -0.5505400987826530868, 1.900286602869684760, 0.1112519501186736703 ) ) ;
#2947 = B_SPLINE_SURFACE_WITH_KNOTS ( 'NONE', 5, 1, ( 
 ( #2570, #2196 ),
 ( #3870, #30 ),
 ( #5107, #434 ),
 ( #922, #4315 ),
 ( #1771, #1293 ),
 ( #59, #1700 ),
 ( #869, #4239 ),
 ( #2122, #3434 ),
 ( #3002, #2554 ),
 ( #3815, #3419 ),
 ( #4278, #4265 ),
 ( #451, #1715 ),
 ( #4723, #4673 ),
 ( #890, #2143 ),
 ( #3831, #2158 ) ),
 .UNSPECIFIED., .F., .F., .F.,
 ( 6, 1, 1, 1, 1, 1, 1, 1, 1, 1, 6 ),
 ( 2, 2 ),
 ( -1.000000000000000000, -0.9000000000000000222, -0.8000000000000000444, -0.6999999999999999556, -0.5999999999999999778, -0.5000000000000000000, -0.4000000000000000222, -0.2999999999999999889, -0.2000000000000000111, -0.1000000000000000056, 0.0000000000000000000 ),
 ( 0.0000000000000000000, 6.200000000000000178 ),
 .UNSPECIFIED. ) ;
#2948 = CARTESIAN_POINT ( 'NONE',  ( -7.075310326792870931E-07, 2.142638581168790690, -0.1531039797252555512 ) ) ;
#2949 = CARTESIAN_POINT ( 'NONE',  ( -0.9085381747212485370, 1.924468639114974566, 1.041852314097715837 ) ) ;
#2950 = CARTESIAN_POINT ( 'NONE',  ( 1.379133150736683966, 1.905212127105338604, -0.1141509280027548090 ) ) ;
#2951 = EDGE_CURVE ( 'NONE', #5436, #1597, #2251, .T. ) ;
#2952 = CARTESIAN_POINT ( 'NONE',  ( -7.075310326942417774E-07, 1.939796410036158436, 0.2223207060739176844 ) ) ;
#2953 = ORIENTED_EDGE ( 'NONE', *, *, #1706, .F. ) ;
#2954 = EDGE_CURVE ( 'NONE', #123, #731, #129, .T. ) ;
#2955 = AXIS2_PLACEMENT_3D ( 'NONE', #1427, #1856, #499 ) ;
#2956 = DIRECTION ( 'NONE',  ( 0.0000000000000000000, -2.803690145631479487E-16, 1.000000000000000000 ) ) ;
#2957 = CARTESIAN_POINT ( 'NONE',  ( -0.04496338916041048989, 1.337693034565084593, 0.2067059877828699155 ) ) ;
#2958 = ORIENTED_EDGE ( 'NONE', *, *, #5135, .T. ) ;
#2959 = CARTESIAN_POINT ( 'NONE',  ( 0.03804104225817798307, 1.781347149670130747, 0.03804172438700403891 ) ) ;
#2960 = CARTESIAN_POINT ( 'NONE',  ( -0.2056034101615802911, 1.115481851632586174, -0.1207219597689345864 ) ) ;
#2961 = CARTESIAN_POINT ( 'NONE',  ( -7.075310327560182196E-07, 1.789862635970363325, -0.5616634112289780045 ) ) ;
#2962 = CARTESIAN_POINT ( 'NONE',  ( 0.1852656470690215162, 2.104083014838995958, 0.1852663291978477178 ) ) ;
#2963 = CARTESIAN_POINT ( 'NONE',  ( -0.1927894900400778655, 1.283469125681860890, -0.1047113350517668434 ) ) ;
#2964 = CARTESIAN_POINT ( 'NONE',  ( -0.1147379477427911548, 1.919504051550458446, -0.1905673589043839489 ) ) ;
#2965 = CARTESIAN_POINT ( 'NONE',  ( 0.04504272671913915616, 2.171019139527382347, 0.09667636640238212731 ) ) ;
#2966 = CARTESIAN_POINT ( 'NONE',  ( -7.075310326447636183E-07, 2.104083014838995958, -0.1852663800022609497 ) ) ;
#2967 = CARTESIAN_POINT ( 'NONE',  ( -0.001280478187225053861, 1.844955220324026701, -0.001279796058398998673 ) ) ;
#2968 = ADVANCED_FACE ( 'NONE', ( #3198 ), #1081, .T. ) ;
#2969 = CARTESIAN_POINT ( 'NONE',  ( -0.04719324528365485827, 0.2632087033490721484, 0.08533008118418604349 ) ) ;
#2970 = CARTESIAN_POINT ( 'NONE',  ( -0.2223982856373507566, 1.935347466138263250, -2.540220661206322595E-08 ) ) ;
#2971 = ORIENTED_EDGE ( 'NONE', *, *, #3052, .F. ) ;
#2972 = PRESENTATION_LAYER_ASSIGNMENT (  '', '', ( #5229 ) ) ;
#2973 = CARTESIAN_POINT ( 'NONE',  ( -0.05576021715101463910, 1.339079361902335119, 0.2067059877828699155 ) ) ;
#2974 = CARTESIAN_POINT ( 'NONE',  ( 0.05221216299707186204, 1.042585637064877169, 0.2682731478432531791 ) ) ;
#2975 = CARTESIAN_POINT ( 'NONE',  ( -0.07078071759054414824, 1.297897550793190469, 0.2174394350026530309 ) ) ;
#2976 = EDGE_CURVE ( 'NONE', #35, #3822, #87, .T. ) ;
#2977 = CARTESIAN_POINT ( 'NONE',  ( -0.1974893996255737139, 2.080766179256611448, 0.1974886666923344192 ) ) ;
#2978 = CARTESIAN_POINT ( 'NONE',  ( -0.2024232346826122242, 1.116638417020445306, -0.08802519986375371974 ) ) ;
#2979 = DIRECTION ( 'NONE',  ( 0.0000000000000000000, -2.803690145631480473E-16, 1.000000000000000000 ) ) ;
#2980 = CARTESIAN_POINT ( 'NONE',  ( -0.0001499809325193425579, 1.841849692709270014, 0.006509137389169129123 ) ) ;
#2981 = CARTESIAN_POINT ( 'NONE',  ( -0.1531046618540815862, 2.142638581168790690, -2.540220656918211351E-08 ) ) ;
#2982 = DIRECTION ( 'NONE',  ( 0.0000000000000000000, -2.403371457633731523E-16, 1.000000000000000000 ) ) ;
#2983 = VECTOR ( 'NONE', #4526, 39.37007874015748143 ) ;
#2984 = EDGE_LOOP ( 'NONE', ( #9, #4252, #3476, #1950 ) ) ;
#2985 = ORIENTED_EDGE ( 'NONE', *, *, #4427, .F. ) ;
#2986 = CARTESIAN_POINT ( 'NONE',  ( 0.2224369422182544687, 1.930860030043399789, 0.2224376243470805314 ) ) ;
#2987 = LINE ( 'NONE', #976, #1469 ) ;
#2988 = ORIENTED_EDGE ( 'NONE', *, *, #1634, .T. ) ;
#2989 = CARTESIAN_POINT ( 'NONE',  ( -7.075310326329859428E-07, 1.951176915564387659, -0.2219664488132059021 ) ) ;
#2990 = ORIENTED_EDGE ( 'NONE', *, *, #4995, .T. ) ;
#2991 = CARTESIAN_POINT ( 'NONE',  ( -7.075310326648127823E-07, 1.921271663787443851, 0.1146853048476522557 ) ) ;
#2992 = VECTOR ( 'NONE', #1455, 39.37007874015748143 ) ;
#2993 = CARTESIAN_POINT ( 'NONE',  ( -0.1947958162986822839, 1.894260703812641777, 0.1074170404356842995 ) ) ;
#2994 = ADVANCED_FACE ( 'NONE', ( #2859 ), #955, .T. ) ;
#2995 = ORIENTED_EDGE ( 'NONE', *, *, #4798, .T. ) ;
#2996 = CYLINDRICAL_SURFACE ( 'NONE', #5165, 0.5905807086614173196 ) ;
#2997 = CARTESIAN_POINT ( 'NONE',  ( -7.075310326696262588E-07, 2.124651801044000532, 0.1704185380101568559 ) ) ;
#2998 = CARTESIAN_POINT ( 'NONE',  ( -0.1672600454149362759, 1.148529527269971817, -0.1044414412551506327 ) ) ;
#2999 = EDGE_LOOP ( 'NONE', ( #4323, #1793, #20, #4288 ) ) ;
#3000 = DIRECTION ( 'NONE',  ( 0.0000000000000000000, 0.0000000000000000000, -1.000000000000000000 ) ) ;
#3001 = FACE_OUTER_BOUND ( 'NONE', #4703, .T. ) ;
#3002 = CARTESIAN_POINT ( 'NONE',  ( 0.09003891103471640955, 1.870764955127810936, -2.540220660432409436E-08 ) ) ;
#3003 = VERTEX_POINT ( 'NONE', #3359 ) ;
#3004 = CARTESIAN_POINT ( 'NONE',  ( -0.1531046618540815585, 2.142638581168790690, -0.1531039797252555512 ) ) ;
#3005 = CARTESIAN_POINT ( 'NONE',  ( -1.053840361145865767, 1.703893155275413740, 0.8965501276730988289 ) ) ;
#3006 = AXIS2_PLACEMENT_3D ( 'NONE', #1523, #1942, #651 ) ;
#3007 = CARTESIAN_POINT ( 'NONE',  ( 0.05198844161511519124, 1.898757680464180364, 0.5593409026823049635 ) ) ;
#3008 = ORIENTED_EDGE ( 'NONE', *, *, #1874, .F. ) ;
#3009 = CARTESIAN_POINT ( 'NONE',  ( 0.2615480232412318307, 1.108368272230708662, -0.1371695844609627790 ) ) ;
#3010 = DIMENSIONAL_EXPONENTS ( 1.000000000000000000, 0.0000000000000000000, 0.0000000000000000000, 0.0000000000000000000, 0.0000000000000000000, 0.0000000000000000000, 0.0000000000000000000 ) ;
#3011 = CARTESIAN_POINT ( 'NONE',  ( -0.2220568221431565847, 1.948578194645492534, -2.540220661494781320E-08 ) ) ;
#3012 = CARTESIAN_POINT ( 'NONE',  ( -1.389870663509346131E-17, 0.4309069081374632959, -2.766492808827325183E-17 ) ) ;
#3013 = EDGE_CURVE ( 'NONE', #153, #665, #597, .T. ) ;
#3014 = DIRECTION ( 'NONE',  ( 1.000000000000000000, 4.869931427294231357E-11, 0.0000000000000000000 ) ) ;
#3015 = CARTESIAN_POINT ( 'NONE',  ( -0.1246916416184737919, 2.163452667595270551, 0.1246909086852347331 ) ) ;
#3016 = CARTESIAN_POINT ( 'NONE',  ( -7.075310327194528660E-07, 2.171019139527382347, -0.1083863349459902176 ) ) ;
#3017 = CARTESIAN_POINT ( 'NONE',  ( -0.1028800095473709764, 1.887499978120659172, -0.1972366786296917140 ) ) ;
#3018 = CARTESIAN_POINT ( 'NONE',  ( -0.5599151190410753820, 1.789644698317992555, -0.04722157411662832038 ) ) ;
#3019 = CARTESIAN_POINT ( 'NONE',  ( -0.1374215863808760374, 2.155111100308018113, -2.540220655074313600E-08 ) ) ;
#3020 = CARTESIAN_POINT ( 'NONE',  ( -0.9943531614913332373, 1.814965130096564350, 0.9560373273276312478 ) ) ;
#3021 = ORIENTED_EDGE ( 'NONE', *, *, #4651, .F. ) ;
#3022 = DIRECTION ( 'NONE',  ( -0.0000000000000000000, 1.000000000000000000, 2.220446049250309876E-16 ) ) ;
#3023 = CARTESIAN_POINT ( 'NONE',  ( 0.2973054433076025016, 1.066391325425524395, -0.3450237070355411384 ) ) ;
#3024 = VERTEX_POINT ( 'NONE', #4694 ) ;
#3025 = CARTESIAN_POINT ( 'NONE',  ( 0.2215871389237676903, 1.960695240334310308, -0.2215878718570067629 ) ) ;
#3026 = CARTESIAN_POINT ( 'NONE',  ( -0.1905601481105151651, 1.920433779836447030, 0.1147481408437198425 ) ) ;
#3027 = EDGE_CURVE ( 'NONE', #2193, #4053, #1481, .T. ) ;
#3028 = CARTESIAN_POINT ( 'NONE',  ( -0.0001499809326302896167, 1.844127897531955051, 0.006509137389169129123 ) ) ;
#3029 = CARTESIAN_POINT ( 'NONE',  ( 0.1531032467920162843, 2.142638581168790690, -2.540220659813082768E-08 ) ) ;
#3030 = DIRECTION ( 'NONE',  ( -0.0000000000000000000, -1.000000000000000000, -2.220446049250310123E-16 ) ) ;
#3031 = CARTESIAN_POINT ( 'NONE',  ( 0.2118125452443190559, 1.711469513685656807, -0.06894801827040780706 ) ) ;
#3032 = ORIENTED_EDGE ( 'NONE', *, *, #3787, .T. ) ;
#3033 = CARTESIAN_POINT ( 'NONE',  ( 0.2002240620771180701, 2.171019139527382347, -0.1001124102062819349 ) ) ;
#3034 = B_SPLINE_SURFACE_WITH_KNOTS ( 'NONE', 5, 1, ( 
 ( #2331, #5280 ),
 ( #250, #4836 ),
 ( #1022, #3964 ),
 ( #633, #1919 ),
 ( #4043, #1503 ),
 ( #647, #202 ),
 ( #1080, #3607 ),
 ( #1470, #1451 ),
 ( #2349, #1518 ),
 ( #4410, #4810 ),
 ( #5303, #3168 ),
 ( #2294, #1867 ),
 ( #4440, #2761 ),
 ( #614, #4422 ),
 ( #5252, #3209 ) ),
 .UNSPECIFIED., .F., .F., .F.,
 ( 6, 1, 1, 1, 1, 1, 1, 1, 1, 1, 6 ),
 ( 2, 2 ),
 ( 0.0000000000000000000, 0.1000000000000000056, 0.2000000000000000111, 0.2999999999999999889, 0.4000000000000000222, 0.5000000000000000000, 0.5999999999999999778, 0.6999999999999999556, 0.8000000000000000444, 0.9000000000000000222, 1.000000000000000000 ),
 ( 0.0000000000000000000, 6.200000000000000178 ),
 .UNSPECIFIED. ) ;
#3035 = CARTESIAN_POINT ( 'NONE',  ( 0.2215871389237676903, 1.960695240334310308, -0.2215878718570067629 ) ) ;
#3036 = CARTESIAN_POINT ( 'NONE',  ( 0.04167805702761320785, 1.743193393742112018, 0.04167873915643925675 ) ) ;
#3037 = SURFACE_STYLE_USAGE ( .BOTH. , #4300 ) ;
#3038 = ORIENTED_EDGE ( 'NONE', *, *, #1120, .F. ) ;
#3039 = VERTEX_POINT ( 'NONE', #3746 ) ;
#3040 =( GEOMETRIC_REPRESENTATION_CONTEXT ( 3 ) GLOBAL_UNCERTAINTY_ASSIGNED_CONTEXT ( ( #3515 ) ) GLOBAL_UNIT_ASSIGNED_CONTEXT ( ( #5265, #1468, #2346 ) ) REPRESENTATION_CONTEXT ( 'NONE', 'WORKASPACE' ) );
#3041 = CARTESIAN_POINT ( 'NONE',  ( 1.379133150736683966, 1.703893155275413740, 0.1112204470387384847 ) ) ;
#3042 = CARTESIAN_POINT ( 'NONE',  ( 0.1137719762094905329, 2.169627812087729257, -2.540220733740559004E-08 ) ) ;
#3043 = ORIENTED_EDGE ( 'NONE', *, *, #3949, .F. ) ;
#3044 = CARTESIAN_POINT ( 'NONE',  ( -0.1112211799719774741, 1.926334100157303553, -0.5505413639848835139 ) ) ;
#3045 = FACE_OUTER_BOUND ( 'NONE', #3119, .T. ) ;
#3046 = EDGE_LOOP ( 'NONE', ( #4689, #2275, #4644, #5227, #1744 ) ) ;
#3047 = CIRCLE ( 'NONE', #3491, 0.5683366141732283383 ) ;
#3048 = CARTESIAN_POINT ( 'NONE',  ( 0.3106460560345334909, 1.926334100157303553, -0.4679362895073003181 ) ) ;
#3049 = CARTESIAN_POINT ( 'NONE',  ( 0.2224369422182544687, 1.930860030043399789, 0.2224376243470805314 ) ) ;
#3050 = ORIENTED_EDGE ( 'NONE', *, *, #2902, .T. ) ;
#3051 = CARTESIAN_POINT ( 'NONE',  ( 0.2206241087028693038, 1.976823799906981982, 0.2206247908316953665 ) ) ;
#3052 = EDGE_CURVE ( 'NONE', #2263, #748, #981, .T. ) ;
#3053 = CIRCLE ( 'NONE', #4471, 0.08897637795275589734 ) ;
#3054 = EDGE_CURVE ( 'NONE', #2752, #5052, #2332, .T. ) ;
#3055 = CARTESIAN_POINT ( 'NONE',  ( 1.004403653082538650, 1.824185956693643584, 0.9459854206743607552 ) ) ;
#3056 = CIRCLE ( 'NONE', #2150, 0.2669291338582677198 ) ;
#3057 = AXIS2_PLACEMENT_3D ( 'NONE', #2980, #2620, #4296 ) ;
#3058 = ORIENTED_EDGE ( 'NONE', *, *, #3848, .T. ) ;
#3059 = ORIENTED_EDGE ( 'NONE', *, *, #3082, .F. ) ;
#3060 = LINE ( 'NONE', #3550, #880 ) ;
#3061 = CARTESIAN_POINT ( 'NONE',  ( -7.075310327049354625E-07, 2.026044938440203946, 0.2142065738189994351 ) ) ;
#3062 = ORIENTED_EDGE ( 'NONE', *, *, #3379, .T. ) ;
#3063 = FACE_OUTER_BOUND ( 'NONE', #2672, .T. ) ;
#3064 = EDGE_LOOP ( 'NONE', ( #2856, #1483, #5273 ) ) ;
#3065 = CARTESIAN_POINT ( 'NONE',  ( 0.2194456224215631523, 1.821493450485897947, -0.03783230715772267772 ) ) ;
#3066 = CARTESIAN_POINT ( 'NONE',  ( 0.005394507759072152131, 1.122696276026537987, 0.2288978841025799960 ) ) ;
#3067 = ORIENTED_EDGE ( 'NONE', *, *, #4141, .F. ) ;
#3068 = DIRECTION ( 'NONE',  ( 0.5033971688368538144, -2.530343651931437127E-16, 0.8640551431517783376 ) ) ;
#3069 = CARTESIAN_POINT ( 'NONE',  ( -0.8453061123077798555, 1.280526411776961249, -0.5316060066741079559 ) ) ;
#3070 = CARTESIAN_POINT ( 'NONE',  ( 0.3163634359120151562, 1.926594536647362910, -0.4641407179919972981 ) ) ;
#3071 = CARTESIAN_POINT ( 'NONE',  ( -7.075310326932194086E-07, 1.935347466138263250, 0.2223975527041114619 ) ) ;
#3072 = CARTESIAN_POINT ( 'NONE',  ( 0.2070759778460925793, 2.054691988635170663, 0.2070766599749188364 ) ) ;
#3073 =( NAMED_UNIT ( * ) PLANE_ANGLE_UNIT ( ) SI_UNIT ( $, .RADIAN. ) );
#3074 = B_SPLINE_CURVE_WITH_KNOTS ( 'NONE', 3,
 ( #5186, #2647, #3066, #957 ),
 .UNSPECIFIED., .F., .F.,
 ( 4, 4 ),
 ( 0.005756120290060146027, 0.006264983095554604170 ),
 .UNSPECIFIED. ) ;
#3075 = ADVANCED_FACE ( 'NONE', ( #1737 ), #1475, .T. ) ;
#3076 = CARTESIAN_POINT ( 'NONE',  ( 1.056288970536330085, 1.921271663787443851, 0.8941001032205694310 ) ) ;
#3077 = CARTESIAN_POINT ( 'NONE',  ( -0.2052217006553563317, 1.920083449312250723, -0.08605620019332645143 ) ) ;
#3078 = CARTESIAN_POINT ( 'NONE',  ( 0.5562105080896059262, 1.747078126644262763, 0.07976905693824389021 ) ) ;
#3079 = AXIS2_PLACEMENT_3D ( 'NONE', #2325, #1092, #3221 ) ;
#3080 = EDGE_LOOP ( 'NONE', ( #3246, #5312, #3324, #2190, #4162 ) ) ;
#3081 = CARTESIAN_POINT ( 'NONE',  ( -0.2211442349662969542, 1.768689894399597673, -0.02634786032998946009 ) ) ;
#3082 = EDGE_CURVE ( 'NONE', #2135, #2287, #2195, .T. ) ;
#3083 = CARTESIAN_POINT ( 'NONE',  ( 0.4805447877769065124, 1.061028180799971521, -0.2967053846033985698 ) ) ;
#3084 = CARTESIAN_POINT ( 'NONE',  ( -7.075310325253284787E-07, 2.171019139527382347, 0.1083862841415767359 ) ) ;
#3085 = CARTESIAN_POINT ( 'NONE',  ( -7.075310325638391493E-07, 2.171019139527382791, 0.1102808103835956066 ) ) ;
#3086 = CARTESIAN_POINT ( 'NONE',  ( 0.3587511758033420373, 1.898757680464179254, -0.4322756685553013623 ) ) ;
#3087 = EDGE_LOOP ( 'NONE', ( #2892, #2689 ) ) ;
#3088 = CARTESIAN_POINT ( 'NONE',  ( -0.2177396559609562909, 1.788020222360585887, -0.04848846429619369652 ) ) ;
#3089 = B_SPLINE_SURFACE_WITH_KNOTS ( 'NONE', 5, 1, ( 
 ( #2450, #1244 ),
 ( #3331, #800 ),
 ( #2939, #4231 ),
 ( #1622, #5403 ),
 ( #2914, #1655 ),
 ( #339, #2525 ),
 ( #1263, #1676 ),
 ( #4632, #5469 ),
 ( #3739, #2474 ),
 ( #4615, #2097 ),
 ( #2959, #2879 ),
 ( #5022, #4201 ),
 ( #3389, #3303 ),
 ( #839, #3756 ),
 ( #1693, #2062 ) ),
 .UNSPECIFIED., .F., .F., .F.,
 ( 6, 1, 1, 1, 1, 1, 1, 1, 1, 1, 6 ),
 ( 2, 2 ),
 ( 0.0000000000000000000, 0.1000000000000000056, 0.2000000000000000111, 0.2999999999999999889, 0.4000000000000000222, 0.5000000000000000000, 0.5999999999999999778, 0.6999999999999999556, 0.8000000000000000444, 0.9000000000000000222, 1.000000000000000000 ),
 ( 0.0000000000000000000, 6.200000000000000178 ),
 .UNSPECIFIED. ) ;
#3090 = CARTESIAN_POINT ( 'NONE',  ( 0.05546025528993021869, 1.005417944579500622, 0.2675812809239174750 ) ) ;
#3091 = CARTESIAN_POINT ( 'NONE',  ( 0.6551259495816332823, 0.7406850057644240870, 2.599966440074285234 ) ) ;
#3092 =( LENGTH_UNIT ( ) NAMED_UNIT ( * ) SI_UNIT ( $, .METRE. ) );
#3093 = CARTESIAN_POINT ( 'NONE',  ( 0.3056075412040613615, 1.061028180799970633, -0.3498169254909007653 ) ) ;
#3094 = AXIS2_PLACEMENT_3D ( 'NONE', #3616, #4823, #4466 ) ;
#3095 = FILL_AREA_STYLE_COLOUR ( '', #792 ) ;
#3096 = CARTESIAN_POINT ( 'NONE',  ( -0.2209998949465503404, 1.812581967479705014, 0.02742701209802210494 ) ) ;
#3097 = ORIENTED_EDGE ( 'NONE', *, *, #1149, .F. ) ;
#3098 = CARTESIAN_POINT ( 'NONE',  ( -7.075310326648127823E-07, 1.781347149670130747, -0.05379918389051217137 ) ) ;
#3099 = DIRECTION ( 'NONE',  ( 0.0000000000000000000, 0.0000000000000000000, 1.000000000000000000 ) ) ;
#3100 = CARTESIAN_POINT ( 'NONE',  ( 0.1961910536983361431, 1.116638417020445306, -0.09803832590291390592 ) ) ;
#3101 = CARTESIAN_POINT ( 'NONE',  ( 0.3505994088248158280, 1.907277071021309833, -0.4389481961281472833 ) ) ;
#3102 = CARTESIAN_POINT ( 'NONE',  ( 0.2223968705752853992, 1.935347466138263250, -2.540220655524971193E-08 ) ) ;
#3103 = CARTESIAN_POINT ( 'NONE',  ( -0.1337382625808802294, 1.879993453525603320, 0.1780384727529349953 ) ) ;
#3104 = AXIS2_PLACEMENT_3D ( 'NONE', #4214, #1280, #4230 ) ;
#3105 = CARTESIAN_POINT ( 'NONE',  ( 0.0000000000000000000, 0.0000000000000000000, 0.0000000000000000000 ) ) ;
#3106 = B_SPLINE_CURVE_WITH_KNOTS ( 'NONE', 3,
 ( #3902, #571, #4789, #3534, #2243, #1373, #991, #3937, #2271, #3086, #3101, #1805, #4386, #3495, #3070, #3048 ),
 .UNSPECIFIED., .F., .F.,
 ( 4, 2, 2, 2, 2, 2, 2, 4 ),
 ( 0.0000000000000000000, 0.002046144476153348695, 0.004092288952306697390, 0.005115361190383371955, 0.006138433428460047386, 0.007161505666536722818, 0.007673041785575060968, 0.008184577904613398250 ),
 .UNSPECIFIED. ) ;
#3107 = CARTESIAN_POINT ( 'NONE',  ( -0.05068922567376281385, 2.171019139527382347, -0.09393098635086384596 ) ) ;
#3108 = CARTESIAN_POINT ( 'NONE',  ( 0.05546025528993021869, 1.005417944579500622, 0.5721185508870284542 ) ) ;
#3109 = DIRECTION ( 'NONE',  ( -0.0000000000000000000, -1.000000000000000000, -0.0000000000000000000 ) ) ;
#3110 = FACE_OUTER_BOUND ( 'NONE', #724, .T. ) ;
#3111 = VERTEX_POINT ( 'NONE', #5106 ) ;
#3112 = CARTESIAN_POINT ( 'NONE',  ( 0.1273531328467571444, 1.115613832477188705, -0.2469016948415770074 ) ) ;
#3113 = SURFACE_SIDE_STYLE ('',( #662 ) ) ;
#3114 = ORIENTED_EDGE ( 'NONE', *, *, #3673, .T. ) ;
#3115 = EDGE_CURVE ( 'NONE', #3439, #1560, #3053, .T. ) ;
#3116 = FACE_OUTER_BOUND ( 'NONE', #5421, .T. ) ;
#3117 = EDGE_LOOP ( 'NONE', ( #2072, #5159, #2428 ) ) ;
#3118 = CARTESIAN_POINT ( 'NONE',  ( -0.3106474710965988484, 1.703893155275413740, -0.4679362895073003181 ) ) ;
#3119 = EDGE_LOOP ( 'NONE', ( #588, #2927, #771, #3470 ) ) ;
#3120 = CARTESIAN_POINT ( 'NONE',  ( 0.1134610351221733981, 1.923709587002751409, 0.5500885313194081583 ) ) ;
#3121 = CARTESIAN_POINT ( 'NONE',  ( 0.1856000142197614111, 1.213369697823360349, -0.07215613429223398378 ) ) ;
#3122 = LINE ( 'NONE', #5242, #1992 ) ;
#3123 = CARTESIAN_POINT ( 'NONE',  ( 0.2223200239450916216, 1.939796410036158436, -2.540220655422743912E-08 ) ) ;
#3124 = SHAPE_REPRESENTATION ( 'EDF2', ( #477 ), #1553 ) ;
#3125 = DIRECTION ( 'NONE',  ( -0.0000000000000000000, -1.000000000000000000, -2.220446049250309876E-16 ) ) ;
#3126 = ORIENTED_EDGE ( 'NONE', *, *, #2277, .T. ) ;
#3127 = ORIENTED_EDGE ( 'NONE', *, *, #3054, .F. ) ;
#3128 = CARTESIAN_POINT ( 'NONE',  ( -0.01355196082514066418, 2.171019139527382347, -0.1066260553319726412 ) ) ;
#3129 = EDGE_CURVE ( 'NONE', #764, #4474, #1071, .T. ) ;
#3130 = CARTESIAN_POINT ( 'NONE',  ( 0.08071616977638022827, 1.905212127105338604, -0.08071690270961949520 ) ) ;
#3131 = FACE_OUTER_BOUND ( 'NONE', #3080, .T. ) ;
#3132 = AXIS2_PLACEMENT_3D ( 'NONE', #1044, #3174, #1908 ) ;
#3133 = ORIENTED_EDGE ( 'NONE', *, *, #4368, .T. ) ;
#3134 = DIRECTION ( 'NONE',  ( 0.0000000000000000000, 0.0000000000000000000, 1.000000000000000000 ) ) ;
#3135 = DIRECTION ( 'NONE',  ( -1.000000000000000000, -0.0000000000000000000, -1.538867599656844900E-16 ) ) ;
#3136 = ORIENTED_EDGE ( 'NONE', *, *, #1105, .F. ) ;
#3137 = CARTESIAN_POINT ( 'NONE',  ( 0.1957858619661678179, 1.891456391440994533, -0.1056042573401403117 ) ) ;
#3138 = PRODUCT_DEFINITION_CONTEXT ( 'detailed design', #3586, 'design' ) ;
#3139 = CARTESIAN_POINT ( 'NONE',  ( 0.07390165087997990767, 1.731826823974944585, -0.5570926767591096729 ) ) ;
#3140 = CARTESIAN_POINT ( 'NONE',  ( -0.08838600052834390264, 1.921898435909770164, -0.5546947264066013350 ) ) ;
#3141 = CARTESIAN_POINT ( 'NONE',  ( -0.3368961708164376900, 1.747078126644262985, -0.4497060067915343851 ) ) ;
#3142 = CARTESIAN_POINT ( 'NONE',  ( 0.3078589017812107809, 1.910031424489862850, -0.4697759677749053786 ) ) ;
#3143 = CARTESIAN_POINT ( 'NONE',  ( 0.8814464169553187789, 1.233288003293391499, -0.4684896136398206123 ) ) ;
#3144 = CARTESIAN_POINT ( 'NONE',  ( -0.2007532989788269606, 1.924590728915403171, 0.09601933861156078387 ) ) ;
#3145 = B_SPLINE_SURFACE_WITH_KNOTS ( 'NONE', 5, 1, ( 
 ( #2016, #4607 ),
 ( #3689, #2087 ),
 ( #5057, #2513 ),
 ( #5478, #2949 ),
 ( #727, #4124 ),
 ( #2872, #1190 ),
 ( #2591, #81 ),
 ( #4280, #1296 ),
 ( #2967, #3802 ),
 ( #4712, #3020 ),
 ( #3784, #1309 ),
 ( #850, #2160 ),
 ( #5071, #3834 ),
 ( #473, #2556 ),
 ( #3436, #3005 ) ),
 .UNSPECIFIED., .F., .F., .F.,
 ( 6, 1, 1, 1, 1, 1, 1, 1, 1, 1, 6 ),
 ( 2, 2 ),
 ( 0.0000000000000000000, 0.1000000000000000056, 0.2000000000000000111, 0.2999999999999999889, 0.4000000000000000222, 0.5000000000000000000, 0.5999999999999999778, 0.6999999999999999556, 0.8000000000000000444, 0.9000000000000000222, 1.000000000000000000 ),
 ( 0.0000000000000000000, 6.200000000000000178 ),
 .UNSPECIFIED. ) ;
#3146 = CARTESIAN_POINT ( 'NONE',  ( 0.2027438253319193973, 1.917075766121179692, 0.09170396071427884543 ) ) ;
#3147 = DIRECTION ( 'NONE',  ( 0.0000000000000000000, 0.0000000000000000000, 1.000000000000000000 ) ) ;
#3148 = CARTESIAN_POINT ( 'NONE',  ( -0.06338034116107112148, 1.333512259702396063, 0.5713239779191792156 ) ) ;
#3149 = CARTESIAN_POINT ( 'NONE',  ( 0.05894196657075951445, 1.743193393742112018, -2.540220659900983612E-08 ) ) ;
#3150 = CARTESIAN_POINT ( 'NONE',  ( -0.2134656453702344359, 0.2084659632555735664, -0.01036515529095033937 ) ) ;
#3151 = ORIENTED_EDGE ( 'NONE', *, *, #766, .F. ) ;
#3152 = B_SPLINE_SURFACE_WITH_KNOTS ( 'NONE', 5, 1, ( 
 ( #3786, #1615 ),
 ( #2033, #1193 ),
 ( #3751, #380 ),
 ( #3732, #4571 ),
 ( #1595, #3769 ),
 ( #4126, #2076 ),
 ( #4163, #406 ),
 ( #5479, #1255 ),
 ( #5033, #4979 ),
 ( #4626, #5441 ),
 ( #4210, #2950 ),
 ( #5418, #2441 ),
 ( #2054, #2890 ),
 ( #1218, #329 ),
 ( #2498, #2089 ) ),
 .UNSPECIFIED., .F., .F., .F.,
 ( 6, 1, 1, 1, 1, 1, 1, 1, 1, 1, 6 ),
 ( 2, 2 ),
 ( -1.000000000000000000, -0.9000000000000000222, -0.8000000000000000444, -0.6999999999999999556, -0.5999999999999999778, -0.5000000000000000000, -0.4000000000000000222, -0.2999999999999999889, -0.2000000000000000111, -0.1000000000000000056, 0.0000000000000000000 ),
 ( 0.0000000000000000000, 6.200000000000000178 ),
 .UNSPECIFIED. ) ;
#3153 = DIRECTION ( 'NONE',  ( 0.0000000000000000000, 0.0000000000000000000, 1.000000000000000000 ) ) ;
#3154 = EDGE_CURVE ( 'NONE', #4173, #3969, #1413, .T. ) ;
#3155 = CARTESIAN_POINT ( 'NONE',  ( -0.0001499809334367867384, 1.860690414720895136, 0.7118693736096369795 ) ) ;
#3156 = CARTESIAN_POINT ( 'NONE',  ( -0.8670277719234289471, 1.061028180799972853, -0.4939829885950827726 ) ) ;
#3157 = CARTESIAN_POINT ( 'NONE',  ( 0.2184831646901959357, 1.998941422088291509, -2.540220750541311598E-08 ) ) ;
#3158 = ORIENTED_EDGE ( 'NONE', *, *, #2715, .F. ) ;
#3159 = CARTESIAN_POINT ( 'NONE',  ( 0.7238952946581428405, 1.839571487921845439, 0.006509137389168958253 ) ) ;
#3160 = CARTESIAN_POINT ( 'NONE',  ( 0.8717633264979059993, 1.132912519910995730, -0.4852612182863470514 ) ) ;
#3161 = CARTESIAN_POINT ( 'NONE',  ( -0.2059647681688576426, 1.920083449312247392, 0.08426222572005892530 ) ) ;
#3162 = SHAPE_REPRESENTATION ( 'Ensamblaje4', ( #4090, #1450 ), #3040 ) ;
#3163 = CARTESIAN_POINT ( 'NONE',  ( -0.4904174537444239701, 1.089970204050211500, -0.2809701003143192377 ) ) ;
#3164 = EDGE_CURVE ( 'NONE', #4900, #2258, #1824, .T. ) ;
#3165 = AXIS2_PLACEMENT_3D ( 'NONE', #2038, #5006, #5427 ) ;
#3166 = CARTESIAN_POINT ( 'NONE',  ( -0.003005646975020266620, 1.298064581593569189, 0.2289500822710591743 ) ) ;
#3167 = ORIENTED_EDGE ( 'NONE', *, *, #4528, .T. ) ;
#3168 = CARTESIAN_POINT ( 'NONE',  ( 0.05379845095727334853, 1.781347149670130747, -1.379133883669923177 ) ) ;
#3169 = CARTESIAN_POINT ( 'NONE',  ( -1.389870663509346131E-17, 0.2084659632555735664, -7.705673981372306633E-17 ) ) ;
#3170 = CARTESIAN_POINT ( 'NONE',  ( 0.3106460560345337130, 1.703893155275413740, 0.4679362387028873638 ) ) ;
#3171 = B_SPLINE_SURFACE_WITH_KNOTS ( 'NONE', 5, 1, ( 
 ( #3386, #2973 ),
 ( #1653, #2911 ),
 ( #425, #2957 ),
 ( #4629, #524 ),
 ( #4198, #5078 ),
 ( #818, #370 ),
 ( #19, #5040 ),
 ( #1262, #5466 ),
 ( #2542, #796 ),
 ( #2095, #837 ),
 ( #4653, #4612 ),
 ( #3753, #5060 ),
 ( #1242, #2079 ),
 ( #3369, #1674 ),
 ( #2521, #4998 ) ),
 .UNSPECIFIED., .F., .F., .F.,
 ( 6, 1, 1, 1, 1, 1, 1, 1, 1, 1, 6 ),
 ( 2, 2 ),
 ( 0.0000000000000000000, 0.1000000000000000056, 0.2000000000000000111, 0.2999999999999999889, 0.4000000000000000222, 0.5000000000000000000, 0.5999999999999999778, 0.6999999999999999556, 0.8000000000000000444, 0.9000000000000000222, 1.000000000000000000 ),
 ( 0.0000000000000000000, 3.600000000000000089 ),
 .UNSPECIFIED. ) ;
#3172 = CARTESIAN_POINT ( 'NONE',  ( 0.05546025528993021869, 1.005417944579500622, 0.2675812809239174750 ) ) ;
#3173 = CARTESIAN_POINT ( 'NONE',  ( -0.0001499809334370459169, 1.860690414720894914, -0.6988510988312988115 ) ) ;
#3174 = DIRECTION ( 'NONE',  ( -0.0000000000000000000, -1.000000000000000000, -2.220446049250310123E-16 ) ) ;
#3175 = CARTESIAN_POINT ( 'NONE',  ( -7.075310327327265076E-07, 2.170545325477225340, 0.1121151304013601052 ) ) ;
#3176 = CARTESIAN_POINT ( 'NONE',  ( 0.1831296686642862881, 1.144600320035095598, -0.1195526553305993750 ) ) ;
#3177 = LINE ( 'NONE', #3865, #1058 ) ;
#3178 = ORIENTED_EDGE ( 'NONE', *, *, #5168, .T. ) ;
#3179 = CARTESIAN_POINT ( 'NONE',  ( -0.2219671309420319649, 1.951176915564387659, -0.2219664488132059021 ) ) ;
#3180 = AXIS2_PLACEMENT_3D ( 'NONE', #3338, #779, #28 ) ;
#3181 = ORIENTED_EDGE ( 'NONE', *, *, #5272, .T. ) ;
#3182 = APPLICATION_CONTEXT ( 'automotive_design' ) ;
#3183 = CARTESIAN_POINT ( 'NONE',  ( -7.075310326375715674E-07, 1.787308509606122309, -0.2224409702840963454 ) ) ;
#3184 = DIRECTION ( 'NONE',  ( 0.0000000000000000000, 0.0000000000000000000, 1.000000000000000000 ) ) ;
#3185 = LINE ( 'NONE', #5008, #2912 ) ;
#3186 = CARTESIAN_POINT ( 'NONE',  ( 0.2167719115565338306, 2.171019139527382791, -0.1083863349459901759 ) ) ;
#3187 = VERTEX_POINT ( 'NONE', #3799 ) ;
#3188 = CARTESIAN_POINT ( 'NONE',  ( 0.4493545831251921641, 1.917582571776020872, 0.3370135151805876972 ) ) ;
#3189 = AXIS2_PLACEMENT_3D ( 'NONE', #3916, #3506, #602 ) ;
#3190 = CARTESIAN_POINT ( 'NONE',  ( -0.1112211799719775435, 1.926334100157303553, -2.540220663026829664E-08 ) ) ;
#3191 = CARTESIAN_POINT ( 'NONE',  ( 0.05094816159320329080, 0.2632087033490721484, 0.08314270855328108334 ) ) ;
#3192 = CARTESIAN_POINT ( 'NONE',  ( -0.2355240581302047442, 1.113496746104989610, -0.1069116260025117504 ) ) ;
#3193 = CYLINDRICAL_SURFACE ( 'NONE', #1382, 0.02268237145657622453 ) ;
#3194 = EDGE_CURVE ( 'NONE', #995, #1330, #4828, .T. ) ;
#3195 = ORIENTED_EDGE ( 'NONE', *, *, #2506, .T. ) ;
#3196 = VERTEX_POINT ( 'NONE', #5206 ) ;
#3197 = CARTESIAN_POINT ( 'NONE',  ( 0.1030535253112907224, 1.926191724384900716, -2.540220660352717863E-08 ) ) ;
#3198 = FACE_OUTER_BOUND ( 'NONE', #2999, .T. ) ;
#3199 = CARTESIAN_POINT ( 'NONE',  ( -1.379134565798749046, 1.751860218209315923, -0.07618132288795506635 ) ) ;
#3200 = ORIENTED_EDGE ( 'NONE', *, *, #1637, .F. ) ;
#3201 = FACE_BOUND ( 'NONE', #1352, .T. ) ;
#3202 = CARTESIAN_POINT ( 'NONE',  ( -7.075310327192208849E-07, 2.171019139527382791, -0.1102808611880090051 ) ) ;
#3203 = FACE_OUTER_BOUND ( 'NONE', #4453, .T. ) ;
#3204 = CARTESIAN_POINT ( 'NONE',  ( -1.389870663509346131E-17, 0.2084659632555735664, -7.705673981372306633E-17 ) ) ;
#3205 = VERTEX_POINT ( 'NONE', #2631 ) ;
#3206 = CARTESIAN_POINT ( 'NONE',  ( -0.05310072368282824085, 1.913331138168369083, 0.2160102297604757360 ) ) ;
#3207 = ORIENTED_EDGE ( 'NONE', *, *, #4798, .F. ) ;
#3208 = CARTESIAN_POINT ( 'NONE',  ( -0.2136969855517436845, 1.894260703812643998, -0.06178563208464733780 ) ) ;
#3209 = CARTESIAN_POINT ( 'NONE',  ( 0.1112197649099124358, 1.703893155275413740, -1.379133883669923177 ) ) ;
#3210 = CARTESIAN_POINT ( 'NONE',  ( -0.08506850673659019368, 2.171019139527382347, 0.06439393671201751324 ) ) ;
#3211 = AXIS2_PLACEMENT_3D ( 'NONE', #3658, #3261, #3624 ) ;
#3212 = DIRECTION ( 'NONE',  ( -0.8660254037844433705, 1.597817520535775346E-16, -0.4999999999999919509 ) ) ;
#3213 = CARTESIAN_POINT ( 'NONE',  ( -0.1160367226263143980, 1.915167437866163835, -1.379133883669923177 ) ) ;
#3214 = CARTESIAN_POINT ( 'NONE',  ( -0.5030888441261851529, 1.061028180799971521, -0.2581774827814833917 ) ) ;
#3215 = CARTESIAN_POINT ( 'NONE',  ( -0.4533140665860165286, 1.066391325425524395, -0.07532839428218622568 ) ) ;
#3216 = CARTESIAN_POINT ( 'NONE',  ( -0.001810576549747140544, 1.844955220324026701, 1.379133832865509834 ) ) ;
#3217 = CARTESIAN_POINT ( 'NONE',  ( -0.06658687378086955433, 1.278410316227398091, 1.007493389357672964 ) ) ;
#3218 =( LENGTH_UNIT ( ) NAMED_UNIT ( * ) SI_UNIT ( $, .METRE. ) );
#3219 = CARTESIAN_POINT ( 'NONE',  ( 0.1704178558813307931, 2.124651801044000532, -2.540220732834853143E-08 ) ) ;
#3220 = VERTEX_POINT ( 'NONE', #556 ) ;
#3221 = DIRECTION ( 'NONE',  ( 0.0000000000000000000, -3.501968597274813188E-16, 1.000000000000000000 ) ) ;
#3222 = CARTESIAN_POINT ( 'NONE',  ( 1.227409515703671556E-17, 0.4309069081374632404, 0.2137171453055093095 ) ) ;
#3223 = CARTESIAN_POINT ( 'NONE',  ( -0.2147179826808548742, 1.900159607913655568, -0.05813824162233018761 ) ) ;
#3224 = LINE ( 'NONE', #2073, #832 ) ;
#3225 = DIRECTION ( 'NONE',  ( 0.0000000000000000000, -0.0000000000000000000, 1.000000000000000000 ) ) ;
#3226 = PRODUCT_DEFINITION_CONTEXT ( 'detailed design', #2291, 'design' ) ;
#3227 = CARTESIAN_POINT ( 'NONE',  ( -0.3948838810179084446, 1.061028180799971299, -0.1957053182032639227 ) ) ;
#3228 = CARTESIAN_POINT ( 'NONE',  ( -0.04719324528365484439, 0.2632087033490721484, 0.08533008118418604349 ) ) ;
#3229 = CARTESIAN_POINT ( 'NONE',  ( -0.05576021715101463910, 1.339079361902335119, 1.007493389357672964 ) ) ;
#3230 = CARTESIAN_POINT ( 'NONE',  ( 0.1787299080053094680, 1.809015648123436515, -0.1335737541261590167 ) ) ;
#3231 = B_SPLINE_CURVE_WITH_KNOTS ( 'NONE', 3,
 ( #1099, #4915, #3608, #2806, #3593, #1939, #1520, #3241, #4081, #687 ),
 .UNSPECIFIED., .F., .F.,
 ( 4, 2, 2, 2, 4 ),
 ( 8.887813025444319855E-18, 0.001455702411774791255, 0.002911404823549573403, 0.004367107235324353166, 0.005822809647099132929 ),
 .UNSPECIFIED. ) ;
#3232 = CARTESIAN_POINT ( 'NONE',  ( -0.9561346655118601046, 1.767981565922491782, -0.9942558741115179455 ) ) ;
#3233 = CARTESIAN_POINT ( 'NONE',  ( 0.04319770931573281569, 1.116638417020445528, 0.2246855607493960238 ) ) ;
#3234 = EDGE_CURVE ( 'NONE', #1079, #4900, #1140, .T. ) ;
#3235 = EDGE_LOOP ( 'NONE', ( #4578, #3736, #4040, #1990 ) ) ;
#3236 = CARTESIAN_POINT ( 'NONE',  ( -0.2220568221431565847, 1.948578194645492534, -2.540220661494781320E-08 ) ) ;
#3237 = EDGE_CURVE ( 'NONE', #1294, #3464, #3106, .T. ) ;
#3238 = AXIS2_PLACEMENT_3D ( 'NONE', #1307, #1341, #3399 ) ;
#3239 = CARTESIAN_POINT ( 'NONE',  ( -0.06376924996244383304, 1.891456391440994977, 0.2131154540798251562 ) ) ;
#3240 = CARTESIAN_POINT ( 'NONE',  ( 0.1124489509213343758, 1.924894731160776029, 0.1919298128327452946 ) ) ;
#3241 = CARTESIAN_POINT ( 'NONE',  ( 0.2157623200831087495, 1.113496746104991386, -0.1406204111622177955 ) ) ;
#3242 = DIRECTION ( 'NONE',  ( 0.0000000000000000000, -1.000000000000000000, -2.220446049250310369E-16 ) ) ;
#3243 = CARTESIAN_POINT ( 'NONE',  ( -0.3174209447651457627, 1.096735675230324336, -0.1530659140602210755 ) ) ;
#3244 = CIRCLE ( 'NONE', #357, 0.7240452755905510962 ) ;
#3245 = CARTESIAN_POINT ( 'NONE',  ( 1.053838946083800465, 1.926334100157303553, 0.8965501276730988289 ) ) ;
#3246 = ORIENTED_EDGE ( 'NONE', *, *, #3887, .F. ) ;
#3247 = LINE ( 'NONE', #4984, #3318 ) ;
#3248 = ORIENTED_EDGE ( 'NONE', *, *, #487, .F. ) ;
#3249 = CARTESIAN_POINT ( 'NONE',  ( 0.1412365566121815963, 1.870309783462444697, -0.1720992167655945315 ) ) ;
#3250 = DIRECTION ( 'NONE',  ( 0.0000000000000000000, 0.0000000000000000000, 1.000000000000000000 ) ) ;
#3251 = LINE ( 'NONE', #5455, #396 ) ;
#3252 = AXIS2_PLACEMENT_3D ( 'NONE', #1363, #948, #3884 ) ;
#3253 = DIRECTION ( 'NONE',  ( 1.000000000000000000, 0.0000000000000000000, 1.538867599656844900E-16 ) ) ;
#3254 = ORIENTED_EDGE ( 'NONE', *, *, #1557, .F. ) ;
#3255 = CARTESIAN_POINT ( 'NONE',  ( -0.1104368009025428615, 1.743532877951959659, -0.1934037532013715421 ) ) ;
#3256 = ORIENTED_EDGE ( 'NONE', *, *, #4290, .F. ) ;
#3257 = CARTESIAN_POINT ( 'NONE',  ( 0.09607068318582392963, 1.878509044495304536, 0.2006891836870983714 ) ) ;
#3258 = CYLINDRICAL_SURFACE ( 'NONE', #4853, 0.5616633858267716661 ) ;
#3259 = CARTESIAN_POINT ( 'NONE',  ( -1.034936879420739864, 1.723836302417243171, 0.9154536093982249545 ) ) ;
#3260 = EDGE_CURVE ( 'NONE', #5085, #3187, #4319, .T. ) ;
#3261 = DIRECTION ( 'NONE',  ( 0.0000000000000000000, 1.000000000000000000, 2.220446049250310123E-16 ) ) ;
#3262 = ORIENTED_EDGE ( 'NONE', *, *, #2090, .F. ) ;
#3263 = CYLINDRICAL_SURFACE ( 'NONE', #3946, 0.08897637795275589734 ) ;
#3264 = ORIENTED_EDGE ( 'NONE', *, *, #5121, .T. ) ;
#3265 = CARTESIAN_POINT ( 'NONE',  ( -0.3823051314407617252, 1.097447630359797754, -0.03433136646120336227 ) ) ;
#3266 = EDGE_LOOP ( 'NONE', ( #3127, #706 ) ) ;
#3267 = CARTESIAN_POINT ( 'NONE',  ( -0.0001499809305422073868, 1.116638417020443086, 0.2289500822710590078 ) ) ;
#3268 = B_SPLINE_CURVE_WITH_KNOTS ( 'NONE', 3,
 ( #248, #3654, #631, #1554, #1126, #4509 ),
 .UNSPECIFIED., .F., .F.,
 ( 4, 2, 4 ),
 ( 0.0000000000000000000, 0.002327149433528496233, 0.004654298867056992466 ),
 .UNSPECIFIED. ) ;
#3269 = CARTESIAN_POINT ( 'NONE',  ( -7.075310326049696928E-07, 2.169627812087729701, -2.540220651761025775E-08 ) ) ;
#3270 = CARTESIAN_POINT ( 'NONE',  ( 0.2082058369496629646, 1.917075766121178804, -0.07851754899329614623 ) ) ;
#3271 = VERTEX_POINT ( 'NONE', #1443 ) ;
#3272 = CARTESIAN_POINT ( 'NONE',  ( -0.07491241917513989657, 1.731137180472057446, 0.2096814366880031255 ) ) ;
#3273 = CARTESIAN_POINT ( 'NONE',  ( 0.3202009080688743570, 1.883289228466590526, -0.4614675292298198728 ) ) ;
#3274 = CARTESIAN_POINT ( 'NONE',  ( -0.1910116715194666859, 2.159897092283287634, -0.09550550739642355014 ) ) ;
#3275 = CARTESIAN_POINT ( 'NONE',  ( 0.1104353858404769628, 1.743532877951959437, 0.1934037023969586711 ) ) ;
#3276 = CARTESIAN_POINT ( 'NONE',  ( -0.2215885539858329922, 1.960695240334310308, -0.2215878718570069572 ) ) ;
#3277 = CARTESIAN_POINT ( 'NONE',  ( -0.0001499809305421801462, 1.116638417020443086, -0.2159318074927205067 ) ) ;
#3278 = CARTESIAN_POINT ( 'NONE',  ( 0.03370375454861587738, 2.171019139527382347, -0.1011887184518807242 ) ) ;
#3279 = CARTESIAN_POINT ( 'NONE',  ( -0.2142073067522387297, 2.026044938440203946, -2.540220662377928642E-08 ) ) ;
#3280 = CARTESIAN_POINT ( 'NONE',  ( -1.389870663509346131E-17, 0.2084659632555735942, -0.2137171453055093928 ) ) ;
#3281 = CARTESIAN_POINT ( 'NONE',  ( -0.2265964700234367468, 1.097447630359797754, -0.3040266792145435160 ) ) ;
#3282 = CARTESIAN_POINT ( 'NONE',  ( -0.07864545780079636172, 1.703893155275413740, 0.07864472486755709479 ) ) ;
#3283 = ORIENTED_EDGE ( 'NONE', *, *, #239, .F. ) ;
#3284 = CARTESIAN_POINT ( 'NONE',  ( -1.389870663509346131E-17, 0.2084659632555735664, -7.705673981372306633E-17 ) ) ;
#3285 = CARTESIAN_POINT ( 'NONE',  ( -0.1112211799719775573, 1.703893155275413962, 0.1926394837073240884 ) ) ;
#3286 = CARTESIAN_POINT ( 'NONE',  ( 0.6457135614406056545, 1.839571487918038040, 0.006509137389168976467 ) ) ;
#3287 = CARTESIAN_POINT ( 'NONE',  ( -0.0001499809324085728745, 1.839571487886584311, -0.7175361382013819567 ) ) ;
#3288 = CARTESIAN_POINT ( 'NONE',  ( 0.5662414944112657000, 1.926334100157303553, 0.4089526760005641748 ) ) ;
#3289 = CARTESIAN_POINT ( 'NONE',  ( -0.7241952565231812855, 1.844127897496694590, 0.006509137389169217594 ) ) ;
#3290 = CARTESIAN_POINT ( 'NONE',  ( -0.09975604529649541308, 2.171019139527381903, -0.03767037994358290315 ) ) ;
#3291 = CARTESIAN_POINT ( 'NONE',  ( 0.05645490697742437669, 1.903274320068528480, -0.2151613633478892951 ) ) ;
#3292 = CARTESIAN_POINT ( 'NONE',  ( -0.9006784778229744992, 1.889608691730187973, 1.049712010995990319 ) ) ;
#3293 = EDGE_CURVE ( 'NONE', #5351, #3803, #3538, .T. ) ;
#3294 = CARTESIAN_POINT ( 'NONE',  ( 0.07279690159782027659, 2.171019139527382347, 0.07799704751912227285 ) ) ;
#3295 = CARTESIAN_POINT ( 'NONE',  ( -0.1826760823722712868, 1.131854068384381184, -0.07774008199368694083 ) ) ;
#3296 = DIRECTION ( 'NONE',  ( 0.0000000000000000000, 1.000000000000000000, 0.0000000000000000000 ) ) ;
#3297 = ORIENTED_EDGE ( 'NONE', *, *, #3673, .F. ) ;
#3298 = ADVANCED_FACE ( 'NONE', ( #331 ), #3258, .T. ) ;
#3299 = CARTESIAN_POINT ( 'NONE',  ( -0.4659218869962269971, 1.894383477984874276, -0.3136858335724860836 ) ) ;
#3300 = CARTESIAN_POINT ( 'NONE',  ( -0.01915825814626391857, 1.814965130096564350, 0.01915752521302464123 ) ) ;
#3301 = DIRECTION ( 'NONE',  ( -2.713294730641134369E-15, -1.000000000000000000, 2.713294730641137524E-15 ) ) ;
#3302 = CARTESIAN_POINT ( 'NONE',  ( -0.0001499809324083955261, 1.839571487886584977, 0.006509137389169129123 ) ) ;
#3303 = CARTESIAN_POINT ( 'NONE',  ( 1.041307307492609580, 1.728393678196920025, -0.9090818170687029465 ) ) ;
#3304 = AXIS2_PLACEMENT_3D ( 'NONE', #3596, #4795, #1843 ) ;
#3305 = DIRECTION ( 'NONE',  ( -0.0000000000000000000, -1.000000000000000000, -0.0000000000000000000 ) ) ;
#3306 = CARTESIAN_POINT ( 'NONE',  ( -1.181311398252550493, 1.784288654110763872, -0.5840715712722476249 ) ) ;
#3307 = FACE_OUTER_BOUND ( 'NONE', #2917, .T. ) ;
#3308 = CARTESIAN_POINT ( 'NONE',  ( -0.1112211799719775157, 2.171019139527382347, -0.1112204978431512586 ) ) ;
#3309 = ORIENTED_EDGE ( 'NONE', *, *, #4843, .F. ) ;
#3310 = CARTESIAN_POINT ( 'NONE',  ( 0.1147365326807256031, 1.919504051550458446, 0.1905673080999708557 ) ) ;
#3311 = DIMENSIONAL_EXPONENTS ( 1.000000000000000000, 0.0000000000000000000, 0.0000000000000000000, 0.0000000000000000000, 0.0000000000000000000, 0.0000000000000000000, 0.0000000000000000000 ) ;
#3312 = ORIENTED_EDGE ( 'NONE', *, *, #446, .T. ) ;
#3313 = EDGE_CURVE ( 'NONE', #3464, #1294, #1378, .T. ) ;
#3314 = CARTESIAN_POINT ( 'NONE',  ( -0.5620370482793219935, 1.786382252198473353, -0.003951038274064388837 ) ) ;
#3315 = CARTESIAN_POINT ( 'NONE',  ( -0.8673490324393642315, 1.280324924689947297, -0.4934265490590204473 ) ) ;
#3316 = CARTESIAN_POINT ( 'NONE',  ( -0.2016992105200965391, 1.116638417020444196, -0.08760718431862508926 ) ) ;
#3317 = FACE_BOUND ( 'NONE', #1456, .T. ) ;
#3318 = VECTOR ( 'NONE', #5400, 39.37007874015748143 ) ;
#3319 = ORIENTED_EDGE ( 'NONE', *, *, #4299, .T. ) ;
#3320 = CARTESIAN_POINT ( 'NONE',  ( -0.4509398535707173639, 1.863033024126958592, -0.3348772799905047060 ) ) ;
#3321 = CARTESIAN_POINT ( 'NONE',  ( 0.9213258837622733122, 1.751860218209315923, 1.029063189994626315 ) ) ;
#3322 = FACE_OUTER_BOUND ( 'NONE', #2596, .T. ) ;
#3323 = CIRCLE ( 'NONE', #3741, 0.02268237145657622453 ) ;
#3324 = ORIENTED_EDGE ( 'NONE', *, *, #3293, .T. ) ;
#3325 = LENGTH_MEASURE_WITH_UNIT ( LENGTH_MEASURE( 0.02539999999999999897 ), #4628 );
#3326 = CARTESIAN_POINT ( 'NONE',  ( -0.0001499809299835997561, 1.706106920957450868, 0.5748457515623969227 ) ) ;
#3327 = DIRECTION ( 'NONE',  ( 1.000000000000000000, 2.350287727802129971E-15, 0.0000000000000000000 ) ) ;
#3328 = ORIENTED_EDGE ( 'NONE', *, *, #3516, .F. ) ;
#3329 = PRODUCT_DEFINITION ( 'UNKNOWN', '', #3630, #3226 ) ;
#3330 = CARTESIAN_POINT ( 'NONE',  ( -0.2219671309420319649, 1.951176915564387659, -2.540220661548323728E-08 ) ) ;
#3331 = CARTESIAN_POINT ( 'NONE',  ( -0.07676242443154866757, 1.926437203932589215, -0.07676174230272261867 ) ) ;
#3332 = ADVANCED_FACE ( 'NONE', ( #2456 ), #4446, .T. ) ;
#3333 = DIRECTION ( 'NONE',  ( -0.0000000000000000000, -1.000000000000000000, -0.0000000000000000000 ) ) ;
#3334 = VERTEX_POINT ( 'NONE', #4431 ) ;
#3335 = CARTESIAN_POINT ( 'NONE',  ( -0.05030139537066594807, 0.4309069081374634069, -0.08353558989476857211 ) ) ;
#3336 = CIRCLE ( 'NONE', #2898, 0.7240452755905510962 ) ;
#3337 = CARTESIAN_POINT ( 'NONE',  ( -0.1846475863732199019, 1.061028180799970633, -0.07432533689671905197 ) ) ;
#3338 = CARTESIAN_POINT ( 'NONE',  ( -0.0001499809305422073868, 0.9498077083590259484, 0.006509137389169208920 ) ) ;
#3339 = VERTEX_POINT ( 'NONE', #4114 ) ;
#3340 = B_SPLINE_CURVE_WITH_KNOTS ( 'NONE', 3,
 ( #1913, #682, #4868, #1882, #2345, #2728, #3163, #611, #1050, #4089 ),
 .UNSPECIFIED., .F., .F.,
 ( 4, 3, 3, 4 ),
 ( 3.576224061345498009E-18, 0.0003707701433861652755, 0.0007415405343260431060, 0.001425759770392982014 ),
 .UNSPECIFIED. ) ;
#3341 = CARTESIAN_POINT ( 'NONE',  ( 0.08805084078501210221, 1.863196533952795164, -0.2043340260942598796 ) ) ;
#3342 = CARTESIAN_POINT ( 'NONE',  ( 0.1625015515024339219, 1.077929959253527636, -0.1121638452953811899 ) ) ;
#3343 = VERTEX_POINT ( 'NONE', #5246 ) ;
#3344 = CARTESIAN_POINT ( 'NONE',  ( -0.1157818574730717504, 2.168570798939339017, -2.540220652434987723E-08 ) ) ;
#3345 = CARTESIAN_POINT ( 'NONE',  ( -0.05985428915992246912, 1.926372906733587076, 0.2142402736708733657 ) ) ;
#3346 = CARTESIAN_POINT ( 'NONE',  ( 0.2077597126595202293, 1.256616430024189102, -0.07316664010417732456 ) ) ;
#3347 = EDGE_CURVE ( 'NONE', #2126, #3196, #5111, .T. ) ;
#3348 = CARTESIAN_POINT ( 'NONE',  ( -7.075310326909937237E-07, 1.926334100157303553, 0.2224409194796831413 ) ) ;
#3349 = ADVANCED_FACE ( 'NONE', ( #2592 ), #1616, .F. ) ;
#3350 = EDGE_CURVE ( 'NONE', #4450, #2060, #3462, .T. ) ;
#3351 = CARTESIAN_POINT ( 'NONE',  ( -0.09747777854318884216, 0.2084659632555735109, 0.002551047939188970382 ) ) ;
#3352 = B_SPLINE_CURVE_WITH_KNOTS ( 'NONE', 3,
 ( #3695, #2022, #4524, #695, #1178, #4168, #355, #770, #1225, #5366, #1639, #3270, #3679, #5449, #1164, #4595 ),
 .UNSPECIFIED., .F., .F.,
 ( 4, 2, 2, 2, 2, 2, 2, 4 ),
 ( 0.0000000000000000000, 0.002049096695270375811, 0.004098193390540751622, 0.005122741738175947551, 0.006147290085811144347, 0.007171838433446339409, 0.007684112607263936072, 0.008196386781081532735 ),
 .UNSPECIFIED. ) ;
#3353 = DIRECTION ( 'NONE',  ( 0.0000000000000000000, -1.000000000000000000, -2.220446049250310123E-16 ) ) ;
#3354 = CARTESIAN_POINT ( 'NONE',  ( -0.07184835137947130634, 1.307267697228025494, 0.2170789241284246107 ) ) ;
#3355 = MANIFOLD_SOLID_BREP ( 'Body11', #1650 ) ;
#3356 = DIRECTION ( 'NONE',  ( 0.0000000000000000000, -1.000000000000000000, 0.0000000000000000000 ) ) ;
#3357 = ORIENTED_EDGE ( 'NONE', *, *, #768, .T. ) ;
#3358 = CARTESIAN_POINT ( 'NONE',  ( 0.5000789416835442758, 1.173022169377498924, -0.2633262041032095602 ) ) ;
#3359 = CARTESIAN_POINT ( 'NONE',  ( -0.1969586673181679126, 0.2632087033490722039, -0.08295963817295431975 ) ) ;
#3360 = CARTESIAN_POINT ( 'NONE',  ( -0.5579320225915860298, 1.736191466982981657, -0.06811838873605993716 ) ) ;
#3361 = CARTESIAN_POINT ( 'NONE',  ( -0.1735255391291251614, 1.283469125681860667, -0.09358928780767213074 ) ) ;
#3362 = CARTESIAN_POINT ( 'NONE',  ( -0.4679369716361264087, 1.926334100157303553, -0.3106467889677729244 ) ) ;
#3363 = ORIENTED_EDGE ( 'NONE', *, *, #5319, .T. ) ;
#3364 = ADVANCED_FACE ( 'NONE', ( #2524 ), #1409, .F. ) ;
#3365 = DIRECTION ( 'NONE',  ( 0.0000000000000000000, 1.000000000000000000, 0.0000000000000000000 ) ) ;
#3366 = CARTESIAN_POINT ( 'NONE',  ( -0.2220568221431563072, 1.948578194645492756, 0.2220560892099170403 ) ) ;
#3367 = AXIS2_PLACEMENT_3D ( 'NONE', #3817, #1271, #1741 ) ;
#3368 = CARTESIAN_POINT ( 'NONE',  ( -0.3072594575129512506, 1.913453448141116953, 0.4701678939623039066 ) ) ;
#3369 = CARTESIAN_POINT ( 'NONE',  ( 0.05441244995308929661, 1.017407907620226926, 1.007493389357672964 ) ) ;
#3370 = DIRECTION ( 'NONE',  ( 0.0000000000000000000, -3.195635041071550199E-16, 1.000000000000000000 ) ) ;
#3371 = DIRECTION ( 'NONE',  ( -4.869933132958959690E-11, 1.000000000000000000, 1.327868774048510007E-24 ) ) ;
#3372 = AXIS2_PLACEMENT_3D ( 'NONE', #979, #2654, #4366 ) ;
#3373 = CARTESIAN_POINT ( 'NONE',  ( 0.03769231756077259105, 1.759790074219405920, -0.2194292024378499129 ) ) ;
#3374 = CARTESIAN_POINT ( 'NONE',  ( -0.8768362325763014997, 1.110997952494248153, -0.4769942364002676127 ) ) ;
#3375 = DIRECTION ( 'NONE',  ( -0.8660254037844317132, 2.698458740408369528E-15, -0.5000000000000119904 ) ) ;
#3376 = CARTESIAN_POINT ( 'NONE',  ( -1.389870663509346131E-17, 0.2632087033490721484, -6.490140971714850841E-17 ) ) ;
#3377 = ORIENTED_EDGE ( 'NONE', *, *, #5012, .T. ) ;
#3378 = ADVANCED_FACE ( 'NONE', ( #2324, #3526 ), #206, .F. ) ;
#3379 = EDGE_CURVE ( 'NONE', #2838, #2057, #590, .T. ) ;
#3380 = CARTESIAN_POINT ( 'NONE',  ( -0.5527242425223498623, 1.883289228466590304, 0.09989004211394547639 ) ) ;
#3381 = CARTESIAN_POINT ( 'NONE',  ( -7.075310326318994113E-07, 2.155111100308018113, 0.1374208534476369648 ) ) ;
#3382 = CARTESIAN_POINT ( 'NONE',  ( 1.053838946083800465, 1.703893155275413740, -0.8965501784775119498 ) ) ;
#3383 = FILL_AREA_STYLE_COLOUR ( '', #5163 ) ;
#3384 = CARTESIAN_POINT ( 'NONE',  ( 0.2222062818467827605, 1.944206735630335858, -0.2222070147800220552 ) ) ;
#3385 = DIRECTION ( 'NONE',  ( -0.5927749789987978302, 0.0000000000000000000, 0.8053681296605761375 ) ) ;
#3386 = CARTESIAN_POINT ( 'NONE',  ( -0.05576021715101463910, 1.339079361902335119, 1.007493389357672964 ) ) ;
#3387 = FACE_OUTER_BOUND ( 'NONE', #2314, .T. ) ;
#3388 = ORIENTED_EDGE ( 'NONE', *, *, #1364, .F. ) ;
#3389 = CARTESIAN_POINT ( 'NONE',  ( 0.06611240414754090966, 1.728393678196920025, 0.06611308627636695856 ) ) ;
#3390 = VECTOR ( 'NONE', #2932, 39.37007874015748854 ) ;
#3391 = ADVANCED_FACE ( 'NONE', ( #3322 ), #3089, .T. ) ;
#3392 = ORIENTED_EDGE ( 'NONE', *, *, #4098, .T. ) ;
#3393 = CARTESIAN_POINT ( 'NONE',  ( 0.4841513009996577521, 1.172544407133875977, -0.2909260124591130370 ) ) ;
#3394 = CARTESIAN_POINT ( 'NONE',  ( -0.1852670621310870402, 2.104083014838995958, -2.540220660370557502E-08 ) ) ;
#3395 = CARTESIAN_POINT ( 'NONE',  ( -0.5202766555262771098, 1.061028180799971965, -0.2937861382013774447 ) ) ;
#3396 = CIRCLE ( 'NONE', #4869, 0.2224409448818897572 ) ;
#3397 = CARTESIAN_POINT ( 'NONE',  ( -0.1150249718199746196, 1.917486152379841213, -0.1903927586864405663 ) ) ;
#3398 = FACE_OUTER_BOUND ( 'NONE', #728, .T. ) ;
#3399 = DIRECTION ( 'NONE',  ( 1.000000000000000000, -2.350287727802129971E-15, 0.0000000000000000000 ) ) ;
#3400 = ORIENTED_EDGE ( 'NONE', *, *, #3443, .T. ) ;
#3401 = CARTESIAN_POINT ( 'NONE',  ( -0.1246916416184737919, 2.163452667595270551, 0.1246909086852347331 ) ) ;
#3402 = LINE ( 'NONE', #956, #1006 ) ;
#3403 = CARTESIAN_POINT ( 'NONE',  ( 0.03892796826146632111, 1.800220176563886332, -0.5606190570363716041 ) ) ;
#3404 = LENGTH_MEASURE_WITH_UNIT ( LENGTH_MEASURE( 0.02539999999999999897 ), #4758 );
#3405 = ORIENTED_EDGE ( 'NONE', *, *, #1146, .T. ) ;
#3406 = CYLINDRICAL_SURFACE ( 'NONE', #1691, 0.2435939647183234524 ) ;
#3407 = CARTESIAN_POINT ( 'NONE',  ( -0.2223982856373505068, 1.935347466138262806, 0.2223975527041112676 ) ) ;
#3408 = ORIENTED_EDGE ( 'NONE', *, *, #1695, .T. ) ;
#3409 = ADVANCED_FACE ( 'NONE', ( #2186 ), #3723, .F. ) ;
#3410 = CARTESIAN_POINT ( 'NONE',  ( 0.4679355565740610512, 1.703893155275413740, -0.3106467889677728134 ) ) ;
#3411 = EDGE_LOOP ( 'NONE', ( #49, #5331, #1589, #4112 ) ) ;
#3412 = MECHANICAL_DESIGN_GEOMETRIC_PRESENTATION_REPRESENTATION (  '', ( #5095 ), #2817 ) ;
#3413 = CARTESIAN_POINT ( 'NONE',  ( -0.05848794778560143653, 1.839840046730245371, -0.5587208605466661426 ) ) ;
#3414 = CARTESIAN_POINT ( 'NONE',  ( -0.06293819852496122802, 1.270873544566636593, 0.2199355632061604227 ) ) ;
#3415 = EDGE_CURVE ( 'NONE', #802, #364, #2391, .T. ) ;
#3416 = ORIENTED_EDGE ( 'NONE', *, *, #41, .F. ) ;
#3417 = CARTESIAN_POINT ( 'NONE',  ( 0.1974879845635083842, 2.080766179256611004, -2.540220655268495904E-08 ) ) ;
#3418 = CARTESIAN_POINT ( 'NONE',  ( 0.4920439648443058478, 1.061028180799971521, -0.2776591696974495260 ) ) ;
#3419 = CARTESIAN_POINT ( 'NONE',  ( 0.1053824326618603563, 1.889608691730187973, 1.379133832865509834 ) ) ;
#3420 = CARTESIAN_POINT ( 'NONE',  ( -0.1246916416184737919, 2.163452667595270551, -2.540220653532427432E-08 ) ) ;
#3421 = CARTESIAN_POINT ( 'NONE',  ( 0.8944773185066248189, 1.905212127105338604, -1.055911806054687929 ) ) ;
#3422 = ADVANCED_FACE ( 'NONE', ( #5294 ), #4176, .T. ) ;
#3423 = CARTESIAN_POINT ( 'NONE',  ( 0.1112197649099123109, 1.703893155275413740, -0.5505413639848835139 ) ) ;
#3424 = CARTESIAN_POINT ( 'NONE',  ( -7.075310326364059442E-07, 1.935347466138263250, -0.2223976035085244995 ) ) ;
#3425 = EDGE_CURVE ( 'NONE', #3822, #35, #147, .T. ) ;
#3426 = CARTESIAN_POINT ( 'NONE',  ( -0.2184845797522612931, 1.998941422088291731, -0.2184838976234352581 ) ) ;
#3427 = EDGE_LOOP ( 'NONE', ( #3167, #4985, #2782, #1755, #735, #4790, #5416, #3400 ) ) ;
#3428 = CARTESIAN_POINT ( 'NONE',  ( -0.1926402166405633831, 1.926334100157303553, 0.1112204470387382904 ) ) ;
#3429 = EDGE_CURVE ( 'NONE', #4053, #655, #1281, .T. ) ;
#3430 = CARTESIAN_POINT ( 'NONE',  ( 0.02051735812775862255, 1.823220648322718240, -0.2224409702841353698 ) ) ;
#3431 = CARTESIAN_POINT ( 'NONE',  ( -0.1852670621310870402, 2.104083014838995958, -2.540220660370557502E-08 ) ) ;
#3432 = CARTESIAN_POINT ( 'NONE',  ( -0.1692987954826368491, 1.122204154520122898, -0.1009102225539589143 ) ) ;
#3433 = DIRECTION ( 'NONE',  ( 0.0000000000000000000, 1.000000000000000000, 2.220446049250310369E-16 ) ) ;
#3434 = CARTESIAN_POINT ( 'NONE',  ( 0.06846273110957316888, 1.848849985279380936, 1.379133832865509834 ) ) ;
#3435 = CARTESIAN_POINT ( 'NONE',  ( 0.1157804424110064068, 2.168570798939339017, -0.1157811753442456876 ) ) ;
#3436 = CARTESIAN_POINT ( 'NONE',  ( -0.07864545780079636172, 1.703893155275413740, -0.07864477567197031282 ) ) ;
#3437 = CARTESIAN_POINT ( 'NONE',  ( 0.06247080081869752638, 1.907277071021311166, 0.5582949224675500810 ) ) ;
#3438 = SURFACE_STYLE_USAGE ( .BOTH. , #5114 ) ;
#3439 = VERTEX_POINT ( 'NONE', #4307 ) ;
#3440 = PRODUCT_RELATED_PRODUCT_CATEGORY ( 'part', '', ( #5161 ) ) ;
#3441 = CARTESIAN_POINT ( 'NONE',  ( 0.2220554070810909775, 1.948578194645492756, -0.2220561400143302999 ) ) ;
#3442 = CARTESIAN_POINT ( 'NONE',  ( -0.04704511985886428160, 1.829580914514616907, -0.5598110558999500608 ) ) ;
#3443 = EDGE_CURVE ( 'NONE', #2161, #2032, #2260, .T. ) ;
#3444 = CARTESIAN_POINT ( 'NONE',  ( -1.389870663509344898E-17, 0.4309069081374632959, -0.09751115400457020799 ) ) ;
#3445 = CARTESIAN_POINT ( 'NONE',  ( -0.1852670621310870125, 2.104083014838995958, 0.1852663291978477178 ) ) ;
#3446 = CARTESIAN_POINT ( 'NONE',  ( -0.1588069322361526092, 1.233288003293389279, -0.1190826627629341106 ) ) ;
#3447 = CARTESIAN_POINT ( 'NONE',  ( 0.1607042477315367979, 1.786063840511598722, -0.1541836350562443281 ) ) ;
#3448 = CARTESIAN_POINT ( 'NONE',  ( -0.1974893996255737139, 2.080766179256611448, 0.1974886666923344192 ) ) ;
#3449 = PLANE ( 'NONE',  #2473 ) ;
#3450 = CYLINDRICAL_SURFACE ( 'NONE', #251, 0.5616633858267716661 ) ;
#3451 = EDGE_LOOP ( 'NONE', ( #3408, #3886, #4624, #340 ) ) ;
#3452 = PRESENTATION_STYLE_ASSIGNMENT (( #1379 ) ) ;
#3453 = EDGE_CURVE ( 'NONE', #2057, #1585, #4969, .T. ) ;
#3454 = CARTESIAN_POINT ( 'NONE',  ( -0.004512451297396936727, 1.841424366017941017, 0.5617123248176222328 ) ) ;
#3455 = ORIENTED_EDGE ( 'NONE', *, *, #4916, .F. ) ;
#3456 = AXIS2_PLACEMENT_3D ( 'NONE', #1763, #4718, #1331 ) ;
#3457 = CARTESIAN_POINT ( 'NONE',  ( -0.1731060751010871090, 1.256616430024189102, -0.1337080502061911980 ) ) ;
#3458 = LINE ( 'NONE', #4964, #255 ) ;
#3459 = CARTESIAN_POINT ( 'NONE',  ( -7.075310326511921749E-07, 1.926334100157303553, -0.1112204978431514807 ) ) ;
#3460 = ORIENTED_EDGE ( 'NONE', *, *, #3579, .F. ) ;
#3461 = CARTESIAN_POINT ( 'NONE',  ( -7.075310326246898904E-07, 2.026044938440203946, -0.2142066246234126670 ) ) ;
#3462 = CIRCLE ( 'NONE', #2093, 0.2137171453055093373 ) ;
#3463 = CARTESIAN_POINT ( 'NONE',  ( -0.1150213910947680274, 1.917481199290946625, -0.5497599743424362861 ) ) ;
#3464 = VERTEX_POINT ( 'NONE', #2614 ) ;
#3465 = CARTESIAN_POINT ( 'NONE',  ( 0.1852656470690217105, 2.104083014838995958, -0.1852663800022607832 ) ) ;
#3466 = CARTESIAN_POINT ( 'NONE',  ( -0.8632056716663356610, 1.116736035082358081, -0.5006030604319917643 ) ) ;
#3467 = ORIENTED_EDGE ( 'NONE', *, *, #2758, .T. ) ;
#3468 = CIRCLE ( 'NONE', #2916, 0.01112204724409454788 ) ;
#3469 = CARTESIAN_POINT ( 'NONE',  ( -7.075310326517546047E-07, 2.171019139527382347, -0.1066275546405183738 ) ) ;
#3470 = ORIENTED_EDGE ( 'NONE', *, *, #2793, .F. ) ;
#3471 = VECTOR ( 'NONE', #3135, 39.37007874015748143 ) ;
#3472 = CARTESIAN_POINT ( 'NONE',  ( -0.2206255237649346057, 1.976823799906981982, -0.2206248416361085429 ) ) ;
#3473 = DIRECTION ( 'NONE',  ( 1.000000000000000000, 0.0000000000000000000, 0.0000000000000000000 ) ) ;
#3474 = AXIS2_PLACEMENT_3D ( 'NONE', #2059, #4939, #3666 ) ;
#3475 = CARTESIAN_POINT ( 'NONE',  ( 0.09368250461560861941, 1.728270627388545089, -0.5540842448524195829 ) ) ;
#3476 = ORIENTED_EDGE ( 'NONE', *, *, #2117, .T. ) ;
#3477 = CARTESIAN_POINT ( 'NONE',  ( -1.053840361145865767, 1.926334100157303553, -0.8965501784775119498 ) ) ;
#3478 = CARTESIAN_POINT ( 'NONE',  ( 0.4613162026213820099, 1.061028180799970633, -0.08012161273755634416 ) ) ;
#3479 = CARTESIAN_POINT ( 'NONE',  ( -0.2184845797522613209, 1.998941422088291731, -2.540220662279808808E-08 ) ) ;
#3480 =( GEOMETRIC_REPRESENTATION_CONTEXT ( 3 ) GLOBAL_UNCERTAINTY_ASSIGNED_CONTEXT ( ( #1552 ) ) GLOBAL_UNIT_ASSIGNED_CONTEXT ( ( #173, #1813, #2713 ) ) REPRESENTATION_CONTEXT ( 'NONE', 'WORKASPACE' ) );
#3481 = CARTESIAN_POINT ( 'NONE',  ( -0.1149881899020261944, 1.911617146968918934, -0.5497669199927538441 ) ) ;
#3482 = EDGE_CURVE ( 'NONE', #4116, #2244, #2217, .T. ) ;
#3483 = CARTESIAN_POINT ( 'NONE',  ( -7.075310326648127823E-07, 1.892061177074431333, 0.04370529563633867437 ) ) ;
#3484 = CARTESIAN_POINT ( 'NONE',  ( 0.09988935998511908054, 1.883289228466590970, 0.5527235095891108729 ) ) ;
#3485 = CARTESIAN_POINT ( 'NONE',  ( -0.2222076969088481180, 1.944206735630335858, 0.2222069639756088233 ) ) ;
#3486 = CARTESIAN_POINT ( 'NONE',  ( -0.2184845797522612931, 1.998941422088291731, 0.2184838468190219984 ) ) ;
#3487 = VERTEX_POINT ( 'NONE', #4680 ) ;
#3488 = CARTESIAN_POINT ( 'NONE',  ( 0.8965494455442727384, 1.703893155275413740, 1.053839628212626556 ) ) ;
#3489 = CARTESIAN_POINT ( 'NONE',  ( -1.389870663509345823E-17, 0.2084659632555735664, -7.705673981372306633E-17 ) ) ;
#3490 = ORIENTED_EDGE ( 'NONE', *, *, #4157, .T. ) ;
#3491 = AXIS2_PLACEMENT_3D ( 'NONE', #586, #975, #3561 ) ;
#3492 = EDGE_CURVE ( 'NONE', #210, #5039, #1227, .T. ) ;
#3493 = CARTESIAN_POINT ( 'NONE',  ( 0.4089519938717381398, 1.703893155275413740, 0.5662421765400917906 ) ) ;
#3494 = CARTESIAN_POINT ( 'NONE',  ( -0.002990740261365119630, 1.298035099617932842, 0.5748457515623975889 ) ) ;
#3495 = CARTESIAN_POINT ( 'NONE',  ( 0.3218681861875455352, 1.925149903294515852, -0.4603335265204276383 ) ) ;
#3496 = CARTESIAN_POINT ( 'NONE',  ( -7.075310326344219813E-07, 1.944206735630335636, -0.2222070147800220552 ) ) ;
#3497 = CARTESIAN_POINT ( 'NONE',  ( 0.09009099576945001076, 1.745962934435863589, 0.2040707058802651852 ) ) ;
#3498 = CARTESIAN_POINT ( 'NONE',  ( -0.2184845797522613209, 1.998941422088291731, -2.540220662279808808E-08 ) ) ;
#3499 =( LENGTH_UNIT ( ) NAMED_UNIT ( * ) SI_UNIT ( $, .METRE. ) );
#3500 = B_SPLINE_CURVE_WITH_KNOTS ( 'NONE', 3,
 ( #5257, #3546, #3992, #3139, #639, #2739 ),
 .UNSPECIFIED., .F., .F.,
 ( 4, 2, 4 ),
 ( 0.004747700289501477142, 0.006559505063989806706, 0.008371309838478136270 ),
 .UNSPECIFIED. ) ;
#3501 =( CONVERSION_BASED_UNIT ( 'INCH', #2701 ) LENGTH_UNIT ( ) NAMED_UNIT ( #4666 ) );
#3502 = DIRECTION ( 'NONE',  ( 0.0000000000000000000, 0.0000000000000000000, -1.000000000000000000 ) ) ;
#3503 = ORIENTED_EDGE ( 'NONE', *, *, #3129, .T. ) ;
#3504 = B_SPLINE_CURVE_WITH_KNOTS ( 'NONE', 3,
 ( #3108, #1366, #1417, #2678 ),
 .UNSPECIFIED., .F., .F.,
 ( 4, 4 ),
 ( 0.0000000000000000000, 0.003577187193790156133 ),
 .UNSPECIFIED. ) ;
#3505 = CARTESIAN_POINT ( 'NONE',  ( -7.075310326648127823E-07, 1.787308509606122309, -2.540220658365646729E-08 ) ) ;
#3506 = DIRECTION ( 'NONE',  ( -6.950919226504561561E-16, -1.000000000000000000, 6.950919226504559588E-16 ) ) ;
#3507 = CARTESIAN_POINT ( 'NONE',  ( 0.1926388015784979701, 1.926334100157303553, -0.1112204978431514668 ) ) ;
#3508 = DIRECTION ( 'NONE',  ( 0.0000000000000000000, 1.000000000000000000, 2.220446049250310123E-16 ) ) ;
#3509 = CARTESIAN_POINT ( 'NONE',  ( -0.2167733266185997154, 2.171019139527382347, -0.1083863349459902592 ) ) ;
#3510 = DIRECTION ( 'NONE',  ( 0.0000000000000000000, 0.0000000000000000000, 1.000000000000000000 ) ) ;
#3511 = CIRCLE ( 'NONE', #2805, 0.2224409448818897572 ) ;
#3512 = CARTESIAN_POINT ( 'NONE',  ( 0.2223968705752852049, 1.935347466138262806, -0.2223976035085245273 ) ) ;
#3513 = CARTESIAN_POINT ( 'NONE',  ( -0.1882518984453477873, 1.788020222360583666, 0.1196781576099325145 ) ) ;
#3514 =( CONVERSION_BASED_UNIT ( 'INCH', #333 ) LENGTH_UNIT ( ) NAMED_UNIT ( #1618 ) );
#3515 = UNCERTAINTY_MEASURE_WITH_UNIT (LENGTH_MEASURE( 1.000000000000000082E-05 ), #5265, 'distance_accuracy_value', 'NONE');
#3516 = EDGE_CURVE ( 'NONE', #2193, #4459, #4387, .T. ) ;
#3517 = FACE_OUTER_BOUND ( 'NONE', #2850, .T. ) ;
#3518 = EDGE_CURVE ( 'NONE', #3220, #3487, #2127, .T. ) ;
#3519 = CARTESIAN_POINT ( 'NONE',  ( 1.054798013395320755, 1.924745851044262768, 0.8955910603615786503 ) ) ;
#3520 = CIRCLE ( 'NONE', #2582, 0.2224409448818897572 ) ;
#3521 = MECHANICAL_DESIGN_GEOMETRIC_PRESENTATION_REPRESENTATION (  '', ( #1150 ), #1707 ) ;
#3522 = VERTEX_POINT ( 'NONE', #175 ) ;
#3523 = CARTESIAN_POINT ( 'NONE',  ( -0.1950043999568468744, 1.906722958286410030, -0.1076731639388513601 ) ) ;
#3524 = ORIENTED_EDGE ( 'NONE', *, *, #2758, .F. ) ;
#3525 = CARTESIAN_POINT ( 'NONE',  ( 1.379133150736683966, 1.908269080859285927, -0.06358132621877457535 ) ) ;
#3526 = FACE_OUTER_BOUND ( 'NONE', #4316, .T. ) ;
#3527 = CARTESIAN_POINT ( 'NONE',  ( -7.075310326571755097E-07, 1.846439661105714114, -0.5616634112289777825 ) ) ;
#3528 = VERTEX_POINT ( 'NONE', #532 ) ;
#3529 = CARTESIAN_POINT ( 'NONE',  ( 0.1985274731579059759, 1.711469513685658139, 0.1010209686741181528 ) ) ;
#3530 = CARTESIAN_POINT ( 'NONE',  ( -1.379134565798749046, 1.781347149670130747, -0.05379918389051217137 ) ) ;
#3531 = ORIENTED_EDGE ( 'NONE', *, *, #5201, .T. ) ;
#3532 = CARTESIAN_POINT ( 'NONE',  ( 1.410570491505505508, 1.860690414789597513, -0.6988510988326860351 ) ) ;
#3533 = CARTESIAN_POINT ( 'NONE',  ( -0.04938459893364990916, 1.338646766346571315, 0.5727453962447224267 ) ) ;
#3534 = CARTESIAN_POINT ( 'NONE',  ( 0.4293092470458917953, 1.789644698317992333, -0.3625286253509344969 ) ) ;
#3535 = CARTESIAN_POINT ( 'NONE',  ( -0.1926402166405633831, 1.703893155275413962, -0.1112204978431515084 ) ) ;
#3536 = DIRECTION ( 'NONE',  ( 1.000000000000000000, -0.0000000000000000000, -0.0000000000000000000 ) ) ;
#3537 =( NAMED_UNIT ( * ) PLANE_ANGLE_UNIT ( ) SI_UNIT ( $, .RADIAN. ) );
#3538 = B_SPLINE_CURVE_WITH_KNOTS ( 'NONE', 3,
 ( #4337, #3120, #3547, #1016, #538, #3955, #4754, #3484, #960, #1390, #942, #1783, #4737, #2212, #5172, #5189, #108, #4349, #2230, #2652 ),
 .UNSPECIFIED., .F., .F.,
 ( 4, 2, 2, 2, 2, 2, 2, 2, 2, 4 ),
 ( 0.0000000000000000000, 0.0002616034324524669119, 0.0005232068649049338238, 0.001046413729809847915, 0.001569620594714762115, 0.002092827459619676315, 0.003139241189429505148, 0.004185654919239335282, 0.006278482378858993816, 0.008371309838478653217 ),
 .UNSPECIFIED. ) ;
#3539 = STYLED_ITEM ( 'NONE', ( #4971 ), #158 ) ;
#3540 = CARTESIAN_POINT ( 'NONE',  ( 0.006566402641862331344, 1.797124093125409772, -0.006567135575101605213 ) ) ;
#3541 = DIRECTION ( 'NONE',  ( 2.664535271281159580E-15, 0.0000000000000000000, 1.000000000000000000 ) ) ;
#3542 = CARTESIAN_POINT ( 'NONE',  ( 0.1732255772680303119, 1.061028180799970633, -0.09358928780769060207 ) ) ;
#3543 = CARTESIAN_POINT ( 'NONE',  ( 0.5617205547742710747, 1.851508584093073395, -0.004344957931358028880 ) ) ;
#3544 = EDGE_CURVE ( 'NONE', #1138, #2161, #3722, .T. ) ;
#3545 = CARTESIAN_POINT ( 'NONE',  ( 0.2008736950951600930, 1.878136451747051794, -0.09567033366244279136 ) ) ;
#3546 = CARTESIAN_POINT ( 'NONE',  ( 0.01824639694331031334, 1.775002347709103923, -0.5616634112289781156 ) ) ;
#3547 = CARTESIAN_POINT ( 'NONE',  ( 0.1147433742966973702, 1.920387216501463712, 0.5498177694403348914 ) ) ;
#3548 = ORIENTED_EDGE ( 'NONE', *, *, #3313, .T. ) ;
#3549 = CARTESIAN_POINT ( 'NONE',  ( 0.8746742943367631362, 1.168476279836024423, -0.4802192740902462842 ) ) ;
#3550 = CARTESIAN_POINT ( 'NONE',  ( 0.5103429490226545351, 1.116638417020444196, -0.3104722733894005327 ) ) ;
#3551 = CARTESIAN_POINT ( 'NONE',  ( -1.389870663509346131E-17, 0.4309069081374632959, -2.766492808827325183E-17 ) ) ;
#3552 = CARTESIAN_POINT ( 'NONE',  ( -0.07279831665987530898, 2.171019139527381459, -0.07799709832354422001 ) ) ;
#3553 = CARTESIAN_POINT ( 'NONE',  ( 0.1044930924709764619, 1.926594536647364020, 0.5519002369055084900 ) ) ;
#3554 = DIRECTION ( 'NONE',  ( 0.0000000000000000000, 0.0000000000000000000, -1.000000000000000000 ) ) ;
#3555 = CARTESIAN_POINT ( 'NONE',  ( -0.09004032609678172538, 1.870764955127810936, -2.540220662637743756E-08 ) ) ;
#3556 = CARTESIAN_POINT ( 'NONE',  ( 0.8686027013243483585, 1.089584325283623922, -0.4907355816706277518 ) ) ;
#3557 = CARTESIAN_POINT ( 'NONE',  ( 0.5608328819834702550, 1.880755141492140625, -0.03210657195677830977 ) ) ;
#3558 = CARTESIAN_POINT ( 'NONE',  ( -0.2134656453702344359, 0.4309069081374632959, -0.01036515529095028906 ) ) ;
#3559 = ORIENTED_EDGE ( 'NONE', *, *, #4401, .F. ) ;
#3560 = CARTESIAN_POINT ( 'NONE',  ( -0.8636030335260418411, 1.111364361228264652, -0.4999148095019901872 ) ) ;
#3561 = DIRECTION ( 'NONE',  ( 0.0000000000000000000, 0.0000000000000000000, 1.000000000000000000 ) ) ;
#3562 = CARTESIAN_POINT ( 'NONE',  ( -7.075310327189964211E-07, 2.170545325477225340, -0.1121151812057735175 ) ) ;
#3563 = CARTESIAN_POINT ( 'NONE',  ( -0.0001499809380885185918, 1.839571487886584977, 0.7305544129797203468 ) ) ;
#3564 = CARTESIAN_POINT ( 'NONE',  ( 0.1774523209145186242, 1.122204154520122898, -0.08626835306140381854 ) ) ;
#3565 = CARTESIAN_POINT ( 'NONE',  ( -0.1977412868373941424, 1.926107550777168775, 0.1021087372129187015 ) ) ;
#3566 = CARTESIAN_POINT ( 'NONE',  ( 0.1112197649099123109, 1.703893155275413740, -0.5505413639848835139 ) ) ;
#3567 = STYLED_ITEM ( 'NONE', ( #1528 ), #4597 ) ;
#3568 =( LENGTH_UNIT ( ) NAMED_UNIT ( * ) SI_UNIT ( $, .METRE. ) );
#3569 = CARTESIAN_POINT ( 'NONE',  ( -0.0001499809334368731222, 1.860690414720895580, 0.006509137389169129123 ) ) ;
#3570 = CARTESIAN_POINT ( 'NONE',  ( -0.1720998988944257846, 1.870309783462453579, -0.1412372895454148403 ) ) ;
#3571 = MECHANICAL_DESIGN_GEOMETRIC_PRESENTATION_REPRESENTATION (  '', ( #2711 ), #1969 ) ;
#3572 = CARTESIAN_POINT ( 'NONE',  ( -0.0001499809305422073868, 1.706106920957450868, 0.006509137389169376321 ) ) ;
#3573 = CIRCLE ( 'NONE', #1228, 0.1137726837405231284 ) ;
#3574 = VERTEX_POINT ( 'NONE', #5218 ) ;
#3575 = CARTESIAN_POINT ( 'NONE',  ( 0.4164337053258449495, 1.085183156797603798, -0.05420869084207696753 ) ) ;
#3576 = LINE ( 'NONE', #5162, #1912 ) ;
#3577 = DIRECTION ( 'NONE',  ( 0.0000000000000000000, 1.000000000000000000, 2.220446049250310123E-16 ) ) ;
#3578 = ORIENTED_EDGE ( 'NONE', *, *, #2117, .F. ) ;
#3579 = EDGE_CURVE ( 'NONE', #4958, #5175, #390, .T. ) ;
#3580 = FACE_OUTER_BOUND ( 'NONE', #992, .T. ) ;
#3581 = ORIENTED_EDGE ( 'NONE', *, *, #766, .T. ) ;
#3582 = DIRECTION ( 'NONE',  ( -0.0000000000000000000, -0.0000000000000000000, -1.000000000000000000 ) ) ;
#3583 = CARTESIAN_POINT ( 'NONE',  ( 0.5904307277355084205, 1.706106920971782070, -0.3394450320709276325 ) ) ;
#3584 = CARTESIAN_POINT ( 'NONE',  ( 0.1722708508629872959, 1.273916976534700929, -0.09524292244855271650 ) ) ;
#3585 = CARTESIAN_POINT ( 'NONE',  ( 0.1021953072790926648, 1.710596686870354821, -1.379133883669923177 ) ) ;
#3586 = APPLICATION_CONTEXT ( 'automotive_design' ) ;
#3587 = CARTESIAN_POINT ( 'NONE',  ( -0.04340544348015425852, 1.337066072823753782, 0.2247816871336136557 ) ) ;
#3588 = EDGE_LOOP ( 'NONE', ( #2936, #3929 ) ) ;
#3589 = COLOUR_RGB ( '',0.7803921568627451011, 0.7803921568627451011, 0.7803921568627451011 ) ;
#3590 = ORIENTED_EDGE ( 'NONE', *, *, #2092, .F. ) ;
#3591 = CARTESIAN_POINT ( 'NONE',  ( -0.03222302653973747183, 1.202611978877614618, 0.5739978480887901746 ) ) ;
#3592 = LINE ( 'NONE', #1995, #5304 ) ;
#3593 = CARTESIAN_POINT ( 'NONE',  ( 0.2966815493521400837, 1.096735675230325224, -0.1884680514500759463 ) ) ;
#3594 = EDGE_LOOP ( 'NONE', ( #1419, #2177, #3059, #3038 ) ) ;
#3595 = FACE_BOUND ( 'NONE', #4085, .T. ) ;
#3596 = CARTESIAN_POINT ( 'NONE',  ( -7.075310326648127823E-07, 1.648282919054943507, -2.540220658365646729E-08 ) ) ;
#3597 = CARTESIAN_POINT ( 'NONE',  ( -0.3059075030651502436, 1.061028180799970633, -0.3498169254908873316 ) ) ;
#3598 = EDGE_CURVE ( 'NONE', #1215, #1405, #3402, .T. ) ;
#3599 = ORIENTED_EDGE ( 'NONE', *, *, #2204, .F. ) ;
#3600 = CARTESIAN_POINT ( 'NONE',  ( 0.5505406310516444135, 1.926334100157303553, -0.1112204978431514113 ) ) ;
#3601 = CARTESIAN_POINT ( 'NONE',  ( -0.1697106600279829902, 1.116638417020443086, -0.1001968522355832364 ) ) ;
#3602 = DIRECTION ( 'NONE',  ( 0.0000000000000000000, 2.220446049250310369E-16, -1.000000000000000000 ) ) ;
#3603 = DIRECTION ( 'NONE',  ( 0.0000000000000000000, 3.195635041071550199E-16, -1.000000000000000000 ) ) ;
#3604 = CARTESIAN_POINT ( 'NONE',  ( -0.0001499809305418568100, 1.706106920943021299, 0.5970898460505863481 ) ) ;
#3605 = APPLICATION_CONTEXT ( 'automotive_design' ) ;
#3606 = DIRECTION ( 'NONE',  ( -1.000000000000000000, -2.350287727802129971E-15, 0.0000000000000000000 ) ) ;
#3607 = CARTESIAN_POINT ( 'NONE',  ( -0.04370602856957771232, 1.892061177074431333, -1.379133883669923177 ) ) ;
#3608 = CARTESIAN_POINT ( 'NONE',  ( 0.3432630329732870855, 1.078419571563446588, -0.2164859458083850385 ) ) ;
#3609 = CARTESIAN_POINT ( 'NONE',  ( -0.009288003803138843162, 1.797124093125409772, -1.379133883669923177 ) ) ;
#3610 = CARTESIAN_POINT ( 'NONE',  ( 0.1081348352971306520, 1.926334100157303553, 0.1943879329110757281 ) ) ;
#3611 = ORIENTED_EDGE ( 'NONE', *, *, #4492, .F. ) ;
#3612 = CARTESIAN_POINT ( 'NONE',  ( 0.1961910536983362263, 1.116638417020445528, -0.09803832590291393367 ) ) ;
#3613 = EDGE_LOOP ( 'NONE', ( #70, #1932, #2472, #3312, #4973 ) ) ;
#3614 = CARTESIAN_POINT ( 'NONE',  ( 0.06358059328553551659, 1.908269080859285927, -2.540220660594420038E-08 ) ) ;
#3615 = ORIENTED_EDGE ( 'NONE', *, *, #4995, .F. ) ;
#3616 = CARTESIAN_POINT ( 'NONE',  ( -0.0001499809305422073868, 1.116638417020443086, 0.006509137389169245350 ) ) ;
#3617 =( NAMED_UNIT ( * ) PLANE_ANGLE_UNIT ( ) SI_UNIT ( $, .RADIAN. ) );
#3618 = EDGE_CURVE ( 'NONE', #1978, #2598, #3122, .T. ) ;
#3619 = CARTESIAN_POINT ( 'NONE',  ( -0.4951492526485182233, 1.256013188286728477, -0.2728002026321602602 ) ) ;
#3620 = EDGE_CURVE ( 'NONE', #4474, #2126, #4253, .T. ) ;
#3621 = CARTESIAN_POINT ( 'NONE',  ( -0.2131161870130643676, 1.891456391440994977, -0.06376856783361761760 ) ) ;
#3622 = CARTESIAN_POINT ( 'NONE',  ( -0.09776345753702037067, 2.171019139527382347, 0.04257609115965661079 ) ) ;
#3623 = CARTESIAN_POINT ( 'NONE',  ( -1.112091727495672594E-17, 0.1194895853028177385, 0.02268237145657612738 ) ) ;
#3624 = DIRECTION ( 'NONE',  ( 0.0000000000000000000, -3.501968597274813188E-16, 1.000000000000000000 ) ) ;
#3625 = CARTESIAN_POINT ( 'NONE',  ( -0.4616161644824774979, 1.061028180799970633, -0.08012161273754588031 ) ) ;
#3626 = CARTESIAN_POINT ( 'NONE',  ( -7.075310326531166337E-07, 2.148775045039192921, 0.09550545659201030435 ) ) ;
#3627 = CARTESIAN_POINT ( 'NONE',  ( -0.07360247350329041094, 1.304788197531435268, 0.2067059877828699155 ) ) ;
#3628 = CARTESIAN_POINT ( 'NONE',  ( 0.06098896035222190620, 1.926334100157303553, -0.2139164445276169058 ) ) ;
#3629 = DIRECTION ( 'NONE',  ( -0.0000000000000000000, -0.0000000000000000000, 1.000000000000000000 ) ) ;
#3630 = PRODUCT_DEFINITION_FORMATION_WITH_SPECIFIED_SOURCE ( 'ANY', '', #1421, .NOT_KNOWN. ) ;
#3631 = CARTESIAN_POINT ( 'NONE',  ( -0.0001499809305421377810, 1.650496684736978859, -0.5618274767840589767 ) ) ;
#3632 = DIRECTION ( 'NONE',  ( 4.869933132958959690E-11, -1.000000000000000000, -1.327868774048510007E-24 ) ) ;
#3633 = LINE ( 'NONE', #4751, #4169 ) ;
#3634 = CARTESIAN_POINT ( 'NONE',  ( 0.07543142313389411546, 1.856257078091447799, 0.2093400200888955454 ) ) ;
#3635 = LENGTH_MEASURE_WITH_UNIT ( LENGTH_MEASURE( 0.02539999999999999897 ), #4147 );
#3636 = AXIS2_PLACEMENT_3D ( 'NONE', #4779, #5226, #5208 ) ;
#3637 = CARTESIAN_POINT ( 'NONE',  ( 0.3946252122911106941, 1.786382252198472242, 0.4002134704084268080 ) ) ;
#3638 = FACE_OUTER_BOUND ( 'NONE', #1147, .T. ) ;
#3639 = CARTESIAN_POINT ( 'NONE',  ( -0.2849356805846033347, 1.105145810011739060, -0.1348630840220579885 ) ) ;
#3640 = CIRCLE ( 'NONE', #4876, 0.2224409448818897572 ) ;
#3641 = EDGE_CURVE ( 'NONE', #4940, #5072, #874, .T. ) ;
#3642 = ORIENTED_EDGE ( 'NONE', *, *, #1209, .T. ) ;
#3643 = ORIENTED_EDGE ( 'NONE', *, *, #4468, .F. ) ;
#3644 = CARTESIAN_POINT ( 'NONE',  ( -0.0001499809305422073868, 1.339079361902335119, 0.006509137389169294789 ) ) ;
#3645 = CARTESIAN_POINT ( 'NONE',  ( -0.05959498406672869564, 1.336742232720938839, 0.2067059877828699155 ) ) ;
#3646 = CYLINDRICAL_SURFACE ( 'NONE', #3367, 0.2137171453055093373 ) ;
#3647 = B_SPLINE_CURVE_WITH_KNOTS ( 'NONE', 3,
 ( #3227, #4464, #1943, #1559, #3243, #3639, #1546, #3192, #1119, #2736 ),
 .UNSPECIFIED., .F., .F.,
 ( 4, 2, 2, 2, 4 ),
 ( 3.878959614448864246E-18, 0.001455702411774779329, 0.002911404823549554755, 0.004367107235324325411, 0.005822809647099096500 ),
 .UNSPECIFIED. ) ;
#3648 = LINE ( 'NONE', #1122, #4392 ) ;
#3649 = DIRECTION ( 'NONE',  ( 0.0000000000000000000, 1.000000000000000000, 2.220446049250310123E-16 ) ) ;
#3650 = CARTESIAN_POINT ( 'NONE',  ( -0.1091686023609577394, 1.926372906733586188, -0.1938136671283021695 ) ) ;
#3651 = ORIENTED_EDGE ( 'NONE', *, *, #1680, .F. ) ;
#3652 = DIRECTION ( 'NONE',  ( 0.0000000000000000000, 1.000000000000000000, 2.220446049250310123E-16 ) ) ;
#3653 = CARTESIAN_POINT ( 'NONE',  ( -7.075310326966395159E-07, 1.951176915564387659, 0.2219663980087926980 ) ) ;
#3654 = CARTESIAN_POINT ( 'NONE',  ( -0.09407186964066066581, 1.727731361890669115, 0.2025406426435263918 ) ) ;
#3655 = ORIENTED_EDGE ( 'NONE', *, *, #561, .T. ) ;
#3656 = CARTESIAN_POINT ( 'NONE',  ( 0.1090468418587492577, 1.897011032481153547, 0.1938912183668886624 ) ) ;
#3657 = CARTESIAN_POINT ( 'NONE',  ( -1.053840361145865767, 1.703893155275413740, 0.8965501276730988289 ) ) ;
#3658 = CARTESIAN_POINT ( 'NONE',  ( -1.389870663509346131E-17, 0.2632087033490721484, -6.490140971714850841E-17 ) ) ;
#3659 = CARTESIAN_POINT ( 'NONE',  ( -0.5019696884284959859, 1.107020134748178952, -0.2602933442628815319 ) ) ;
#3660 = PRODUCT_DEFINITION_CONTEXT ( 'detailed design', #4831, 'design' ) ;
#3661 = DIRECTION ( 'NONE',  ( 0.0000000000000000000, 0.0000000000000000000, -1.000000000000000000 ) ) ;
#3662 = CARTESIAN_POINT ( 'NONE',  ( -0.06611381920960623937, 1.728393678196920025, 0.06611308627636695856 ) ) ;
#3663 = AXIS2_PLACEMENT_3D ( 'NONE', #4504, #1966, #3603 ) ;
#3664 = CARTESIAN_POINT ( 'NONE',  ( -0.0001499809305421377810, 1.706106920957450868, -0.5618274767840589767 ) ) ;
#3665 = CARTESIAN_POINT ( 'NONE',  ( 0.07864404273873103202, 1.703893155275413740, -0.07864477567197031282 ) ) ;
#3666 = DIRECTION ( 'NONE',  ( 0.0000000000000000000, 0.0000000000000000000, -1.000000000000000000 ) ) ;
#3667 = VERTEX_POINT ( 'NONE', #3600 ) ;
#3668 = DIRECTION ( 'NONE',  ( -4.930380657631323784E-32, -1.000000000000000000, -2.220446049250310123E-16 ) ) ;
#3669 = PLANE ( 'NONE',  #1604 ) ;
#3670 = CARTESIAN_POINT ( 'NONE',  ( -7.075310326531167396E-07, 2.166412236717524031, 0.09550545659201042925 ) ) ;
#3671 = EDGE_LOOP ( 'NONE', ( #593, #3032, #3966, #2522, #85, #275 ) ) ;
#3672 = CARTESIAN_POINT ( 'NONE',  ( 0.06366691733225875172, 1.870764955127810936, 0.06366759946108480062 ) ) ;
#3673 = EDGE_CURVE ( 'NONE', #4137, #4727, #720, .T. ) ;
#3674 = CARTESIAN_POINT ( 'NONE',  ( 0.09776204247495563771, 2.171019139527382347, -0.04257614196406765694 ) ) ;
#3675 = CARTESIAN_POINT ( 'NONE',  ( -0.1384540641642530157, 1.114512169000843711, -0.2531376374647223981 ) ) ;
#3676 = CARTESIAN_POINT ( 'NONE',  ( 0.01545348923321547205, 1.870822151696355906, -0.01545422216645474765 ) ) ;
#3677 = B_SPLINE_CURVE_WITH_KNOTS ( 'NONE', 3,
 ( #234, #3166, #4039, #1516, #4076, #5323, #2745, #3587, #4002, #4472 ),
 .UNSPECIFIED., .F., .F.,
 ( 4, 2, 2, 2, 4 ),
 ( 0.004599518360252497461, 0.005070513255277764655, 0.005541508150303032718, 0.006012503045328299912, 0.006483497940353567975 ),
 .UNSPECIFIED. ) ;
#3678 = CARTESIAN_POINT ( 'NONE',  ( -0.3837618337738138985, 1.061028180799971299, -0.2149692691142162104 ) ) ;
#3679 = CARTESIAN_POINT ( 'NONE',  ( 0.2059633531067900925, 1.920083449312250723, -0.08426227652447818017 ) ) ;
#3680 = ORIENTED_EDGE ( 'NONE', *, *, #3164, .F. ) ;
#3681 = CARTESIAN_POINT ( 'NONE',  ( 0.3781881227446594607, 1.839571487905010239, -0.6393544049868131740 ) ) ;
#3682 = AXIS2_PLACEMENT_3D ( 'NONE', #3993, #2649, #3099 ) ;
#3683 = CARTESIAN_POINT ( 'NONE',  ( 0.7238952946573985470, 1.854859608411602023, -0.4176267652815536247 ) ) ;
#3684 = CARTESIAN_POINT ( 'NONE',  ( 0.06894728533716863728, 1.711469513685657029, 0.2118132273731452297 ) ) ;
#3685 = CARTESIAN_POINT ( 'NONE',  ( 0.04841025419508897254, 1.848849985279380936, 0.04841093632391502144 ) ) ;
#3686 = EDGE_CURVE ( 'NONE', #4833, #153, #3835, .T. ) ;
#3687 = DIRECTION ( 'NONE',  ( -4.440892314006796356E-15, 0.0000000000000000000, 1.000000000000000000 ) ) ;
#3688 = CARTESIAN_POINT ( 'NONE',  ( -7.075310327297803152E-07, 2.171019139527382347, -0.1112204978431514807 ) ) ;
#3689 = CARTESIAN_POINT ( 'NONE',  ( 0.07676100936948335174, 1.926437203932589215, 0.07676169149830940064 ) ) ;
#3690 = FACE_OUTER_BOUND ( 'NONE', #4977, .T. ) ;
#3691 = CARTESIAN_POINT ( 'NONE',  ( 0.5512646800864277052, 1.894383477984875386, -0.1076466887812938672 ) ) ;
#3692 = ORIENTED_EDGE ( 'NONE', *, *, #4604, .F. ) ;
#3693 = ORIENTED_EDGE ( 'NONE', *, *, #3747, .F. ) ;
#3694 = CARTESIAN_POINT ( 'NONE',  ( 0.07226278755144757704, 1.710596686870354821, -0.07226352048468684397 ) ) ;
#3695 = CARTESIAN_POINT ( 'NONE',  ( 0.1926388015784980257, 1.703893155275413962, 0.1112204470387383043 ) ) ;
#3696 = VECTOR ( 'NONE', #5344, 39.37007874015748143 ) ;
#3697 = CARTESIAN_POINT ( 'NONE',  ( -0.06566692621196205948, 1.738178521613800820, 0.2127449786020220446 ) ) ;
#3698 = PRODUCT_RELATED_PRODUCT_CATEGORY ( 'part', '', ( #506 ) ) ;
#3699 = CARTESIAN_POINT ( 'NONE',  ( 0.3781881227446597382, 1.839571487905010239, 0.6523726797651512310 ) ) ;
#3700 = ADVANCED_FACE ( 'NONE', ( #5236 ), #5075, .T. ) ;
#3701 = CARTESIAN_POINT ( 'NONE',  ( -0.1910116715194666026, 2.166412236717524031, 0.09550545659201044313 ) ) ;
#3702 = ORIENTED_EDGE ( 'NONE', *, *, #2951, .T. ) ;
#3703 = CARTESIAN_POINT ( 'NONE',  ( -0.0001499809373354996339, 1.854859608376341562, 0.7305544129797207908 ) ) ;
#3704 = CARTESIAN_POINT ( 'NONE',  ( -0.8777517976890271134, 1.077929959253529857, -0.4754084311073922264 ) ) ;
#3705 = CARTESIAN_POINT ( 'NONE',  ( 0.2148607459545278375, 1.926334100157303553, 0.05757192754382648575 ) ) ;
#3706 = CARTESIAN_POINT ( 'NONE',  ( -1.389870663509346131E-17, 0.2632087033490721484, -6.490140971714849609E-17 ) ) ;
#3707 = CARTESIAN_POINT ( 'NONE',  ( 0.07451642552209460091, 1.889608691730187973, 0.07451710765092088573 ) ) ;
#3708 = AXIS2_PLACEMENT_3D ( 'NONE', #3551, #181, #3939 ) ;
#3709 = CARTESIAN_POINT ( 'NONE',  ( -0.5556568131826838952, 1.863033024126957704, 0.08206812508040621512 ) ) ;
#3710 = ORIENTED_EDGE ( 'NONE', *, *, #2593, .T. ) ;
#3711 = CARTESIAN_POINT ( 'NONE',  ( 0.05546025528993022563, 1.005417944579500622, 0.6070996885702715229 ) ) ;
#3712 = ORIENTED_EDGE ( 'NONE', *, *, #2358, .T. ) ;
#3713 = VECTOR ( 'NONE', #2692, 39.37007874015748854 ) ;
#3714 = ORIENTED_EDGE ( 'NONE', *, *, #3154, .F. ) ;
#3715 = VECTOR ( 'NONE', #4918, 39.37007874015748143 ) ;
#3716 = CARTESIAN_POINT ( 'NONE',  ( -0.07618200501678111525, 1.751860218209315923, 1.379133832865509834 ) ) ;
#3717 = EDGE_CURVE ( 'NONE', #495, #878, #1275, .T. ) ;
#3718 = AXIS2_PLACEMENT_3D ( 'NONE', #178, #2741, #1486 ) ;
#3719 = CARTESIAN_POINT ( 'NONE',  ( -0.006567817703927659317, 1.797124093125409772, 0.006567084770688386315 ) ) ;
#3720 =( CONVERSION_BASED_UNIT ( 'INCH', #3635 ) LENGTH_UNIT ( ) NAMED_UNIT ( #418 ) );
#3721 = ORIENTED_EDGE ( 'NONE', *, *, #5392, .T. ) ;
#3722 = B_SPLINE_CURVE_WITH_KNOTS ( 'NONE', 3,
 ( #898, #2974, #1850, #2225 ),
 .UNSPECIFIED., .F., .F.,
 ( 4, 4 ),
 ( 0.0000000000000000000, 0.002842726089513249090 ),
 .UNSPECIFIED. ) ;
#3723 = PLANE ( 'NONE',  #3165 ) ;
#3724 = CARTESIAN_POINT ( 'NONE',  ( -7.075310326517546047E-07, 2.171019139527382347, 0.1066275038361052113 ) ) ;
#3725 = CARTESIAN_POINT ( 'NONE',  ( -0.1839608836000563852, 1.089170550409898741, -0.07551474098953642189 ) ) ;
#3726 = CARTESIAN_POINT ( 'NONE',  ( 1.593295028329734879E-17, 0.2084659632555736219, -0.2435939647183235079 ) ) ;
#3727 = CARTESIAN_POINT ( 'NONE',  ( -0.04495947649508969662, 1.908269080859285927, 0.04495874356185041582 ) ) ;
#3728 = CARTESIAN_POINT ( 'NONE',  ( 0.8565973887817375232, 1.100196715742747910, -0.5115293929551751884 ) ) ;
#3729 = CARTESIAN_POINT ( 'NONE',  ( -0.8714525257635434841, 1.231102483338296194, -0.4863190901330201599 ) ) ;
#3730 = CARTESIAN_POINT ( 'NONE',  ( -0.05871372469422046075, 1.926373710395650196, 0.2145556509920524546 ) ) ;
#3731 = ADVANCED_FACE ( 'NONE', ( #4760 ), #1065, .T. ) ;
#3732 = CARTESIAN_POINT ( 'NONE',  ( -7.075310326720310912E-07, 1.743193393742112018, 0.05894264869958557029 ) ) ;
#3733 = CARTESIAN_POINT ( 'NONE',  ( 1.032803198840457126, 1.919415172244245849, 0.9175858749164422790 ) ) ;
#3734 = ORIENTED_EDGE ( 'NONE', *, *, #4369, .T. ) ;
#3735 =( GEOMETRIC_REPRESENTATION_CONTEXT ( 3 ) GLOBAL_UNCERTAINTY_ASSIGNED_CONTEXT ( ( #4009 ) ) GLOBAL_UNIT_ASSIGNED_CONTEXT ( ( #3720, #4551, #4130 ) ) REPRESENTATION_CONTEXT ( 'NONE', 'WORKASPACE' ) );
#3736 = ORIENTED_EDGE ( 'NONE', *, *, #5145, .T. ) ;
#3737 = DIRECTION ( 'NONE',  ( 0.0000000000000000000, 1.000000000000000000, 2.220446049250310123E-16 ) ) ;
#3738 = VECTOR ( 'NONE', #3629, 39.37007874015748143 ) ;
#3739 = CARTESIAN_POINT ( 'NONE',  ( 0.001279063125159724153, 1.844955220324026701, 0.001279745253985779124 ) ) ;
#3740 = DIRECTION ( 'NONE',  ( 0.0000000000000000000, 1.000000000000000000, 0.0000000000000000000 ) ) ;
#3741 = AXIS2_PLACEMENT_3D ( 'NONE', #316, #2943, #757 ) ;
#3742 = CARTESIAN_POINT ( 'NONE',  ( 0.4239859217333867836, 1.854859608396996595, -0.7175361382038325520 ) ) ;
#3743 = UNCERTAINTY_MEASURE_WITH_UNIT (LENGTH_MEASURE( 1.000000000000000082E-05 ), #774, 'distance_accuracy_value', 'NONE');
#3744 = CARTESIAN_POINT ( 'NONE',  ( 0.1637481784237900528, 1.121679035277889591, -0.1100046241295091348 ) ) ;
#3745 = CARTESIAN_POINT ( 'NONE',  ( -0.0001499809305422073868, 1.283469125681860667, 0.006509137389169282646 ) ) ;
#3746 = CARTESIAN_POINT ( 'NONE',  ( -0.09747777854318884216, 0.2632087033490721484, 0.002551047939188993800 ) ) ;
#3747 = EDGE_CURVE ( 'NONE', #748, #1294, #712, .T. ) ;
#3748 = CARTESIAN_POINT ( 'NONE',  ( -0.5548999586329625977, 1.719916982635089742, -0.08964883087284906960 ) ) ;
#3749 = CARTESIAN_POINT ( 'NONE',  ( 0.8705499103194405119, 1.116736035082358081, -0.4873629167581738364 ) ) ;
#3750 = CARTESIAN_POINT ( 'NONE',  ( 0.7238952946580318182, 1.841849692744530476, 0.006509137389169129123 ) ) ;
#3751 = CARTESIAN_POINT ( 'NONE',  ( -7.075310326751592897E-07, 1.723836302417243171, 0.08448688680699205367 ) ) ;
#3752 = CARTESIAN_POINT ( 'NONE',  ( -0.2223982856373507566, 1.935347466138263250, -2.540220661206322595E-08 ) ) ;
#3753 = CARTESIAN_POINT ( 'NONE',  ( 0.04867693680776837006, 1.075114243673764403, 1.007493389357672964 ) ) ;
#3754 = B_SPLINE_CURVE_WITH_KNOTS ( 'NONE', 3,
 ( #2481, #4188, #1648, #5397, #2516, #2873, #3299, #746, #352, #2907, #3320, #4591, #5018, #367, #789, #2107, #490, #5128, #4246, #5146 ),
 .UNSPECIFIED., .F., .F.,
 ( 4, 2, 2, 2, 2, 2, 2, 2, 2, 4 ),
 ( 0.0000000000000000000, 0.0002616034324524667493, 0.0005232068649049336070, 0.001046413729809846397, 0.001569620594714759079, 0.002092827459619671544, 0.003139241189429509919, 0.004185654919239348293, 0.006278482378859023307, 0.008371309838478700055 ),
 .UNSPECIFIED. ) ;
#3755 = CARTESIAN_POINT ( 'NONE',  ( -7.075310326648127823E-07, 1.710596686870354821, -0.1021960402123314876 ) ) ;
#3756 = CARTESIAN_POINT ( 'NONE',  ( 1.049634414936015503, 1.712158471848197250, -0.9007547096252970231 ) ) ;
#3757 = AXIS2_PLACEMENT_3D ( 'NONE', #4944, #2348, #3606 ) ;
#3758 = ADVANCED_FACE ( 'NONE', ( #4035 ), #1161, .T. ) ;
#3759 = CARTESIAN_POINT ( 'NONE',  ( -0.0001499809297163031546, 1.784288654168285637, -0.5840715712722480690 ) ) ;
#3760 = ORIENTED_EDGE ( 'NONE', *, *, #1, .T. ) ;
#3761 = CARTESIAN_POINT ( 'NONE',  ( 0.5054768791181804000, 1.228868786433875204, -0.2530704552895076120 ) ) ;
#3762 = CARTESIAN_POINT ( 'NONE',  ( -1.006099939756393002, 1.892061177074431333, -0.9442905998669849366 ) ) ;
#3763 = VERTEX_POINT ( 'NONE', #2891 ) ;
#3764 = EDGE_CURVE ( 'NONE', #2752, #35, #5228, .T. ) ;
#3765 = CARTESIAN_POINT ( 'NONE',  ( 0.09975463023443013888, 2.171019139527382347, 0.03767032913917252313 ) ) ;
#3766 = CARTESIAN_POINT ( 'NONE',  ( -0.8761783151665767377, 1.131854068384383405, -0.4781337827810993590 ) ) ;
#3767 = CIRCLE ( 'NONE', #2543, 0.09550548199421689255 ) ;
#3768 = LINE ( 'NONE', #1690, #5100 ) ;
#3769 = CARTESIAN_POINT ( 'NONE',  ( 1.379133150736683966, 1.767981565922491782, 0.02695622204355804449 ) ) ;
#3770 = CARTESIAN_POINT ( 'NONE',  ( 0.2222062818467827605, 1.944206735630335858, 0.2222069639756088233 ) ) ;
#3771 = VECTOR ( 'NONE', #2585, 39.37007874015748854 ) ;
#3772 = ADVANCED_FACE ( 'NONE', ( #3517 ), #1191, .T. ) ;
#3773 = ORIENTED_EDGE ( 'NONE', *, *, #965, .F. ) ;
#3774 = CARTESIAN_POINT ( 'NONE',  ( -0.2224416524129224082, 1.926334100157303553, -2.540220660983740535E-08 ) ) ;
#3775 = VERTEX_POINT ( 'NONE', #3626 ) ;
#3776 = CIRCLE ( 'NONE', #3304, 0.2224409448818897572 ) ;
#3777 = DIRECTION ( 'NONE',  ( 0.7071067811865473507, 0.0000000000000000000, 0.7071067811865476838 ) ) ;
#3778 = CARTESIAN_POINT ( 'NONE',  ( 0.03957151197416690358, 1.799409932280460866, -0.2197212238677901108 ) ) ;
#3779 = CARTESIAN_POINT ( 'NONE',  ( -0.0001499809324083955261, 1.839571487886584977, 0.006509137389169129123 ) ) ;
#3780 = ORIENTED_EDGE ( 'NONE', *, *, #2224, .F. ) ;
#3781 = DIRECTION ( 'NONE',  ( 0.0000000000000000000, -1.597817520535774606E-16, 1.000000000000000000 ) ) ;
#3782 = ORIENTED_EDGE ( 'NONE', *, *, #3917, .F. ) ;
#3783 = CARTESIAN_POINT ( 'NONE',  ( -0.1852670621310870402, 2.104083014838995958, -2.540220660370557502E-08 ) ) ;
#3784 = CARTESIAN_POINT ( 'NONE',  ( -0.03804245732024331972, 1.781347149670130747, -0.03804177519141725694 ) ) ;
#3785 = ADVANCED_FACE ( 'NONE', ( #3638 ), #2707, .F. ) ;
#3786 = CARTESIAN_POINT ( 'NONE',  ( -7.075310326784333897E-07, 1.703893155275413740, 0.1112204470387382627 ) ) ;
#3787 = EDGE_CURVE ( 'NONE', #5279, #3803, #5166, .T. ) ;
#3788 = CARTESIAN_POINT ( 'NONE',  ( 0.2220554070810912273, 1.948578194645492534, -2.540220655236512138E-08 ) ) ;
#3789 = EDGE_CURVE ( 'NONE', #3667, #5364, #2913, .T. ) ;
#3790 = AXIS2_PLACEMENT_3D ( 'NONE', #2568, #1306, #2979 ) ;
#3791 = CARTESIAN_POINT ( 'NONE',  ( -1.410870453378449296, 1.860690414652194535, -0.6988510988312993666 ) ) ;
#3792 = CARTESIAN_POINT ( 'NONE',  ( -7.075310327327264017E-07, 2.159897092283287634, 0.1083862841415768885 ) ) ;
#3793 = SURFACE_SIDE_STYLE ('',( #936 ) ) ;
#3794 = DIRECTION ( 'NONE',  ( 0.0000000000000000000, -1.000000000000000000, -2.220446049250310123E-16 ) ) ;
#3795 = CARTESIAN_POINT ( 'NONE',  ( 0.4821272960049129974, 1.116638417020444196, -0.2941819585242468893 ) ) ;
#3796 = CARTESIAN_POINT ( 'NONE',  ( -7.075310326957842244E-07, 2.080766179256611004, 0.1974886666923344469 ) ) ;
#3797 = EDGE_LOOP ( 'NONE', ( #2197, #4864, #266 ) ) ;
#3798 = CARTESIAN_POINT ( 'NONE',  ( 0.4958144896057092854, 1.116638417020444196, -0.2710259972795508454 ) ) ;
#3799 = CARTESIAN_POINT ( 'NONE',  ( -0.05030139537066594807, 0.2084659632555735942, -0.08353558989476862762 ) ) ;
#3800 = ADVANCED_FACE ( 'NONE', ( #3116 ), #1777, .T. ) ;
#3801 = CARTESIAN_POINT ( 'NONE',  ( 0.1852656470690215162, 2.104083014838995958, 0.1852663291978477178 ) ) ;
#3802 = CARTESIAN_POINT ( 'NONE',  ( -0.9764753815322937402, 1.844955220324026701, 0.9739151072866706338 ) ) ;
#3803 = VERTEX_POINT ( 'NONE', #705 ) ;
#3804 = CARTESIAN_POINT ( 'NONE',  ( -0.1927894900400778655, 1.283469125681860890, -0.1047113350517668434 ) ) ;
#3805 = CARTESIAN_POINT ( 'NONE',  ( -0.2220568221431565847, 1.948578194645492534, -2.540220661494781320E-08 ) ) ;
#3806 = PRODUCT_RELATED_PRODUCT_CATEGORY ( 'part', '', ( #1421 ) ) ;
#3807 = DIRECTION ( 'NONE',  ( -0.0000000000000000000, -1.000000000000000000, -2.220446049250309876E-16 ) ) ;
#3808 = ADVANCED_FACE ( 'NONE', ( #3580 ), #3034, .T. ) ;
#3809 = EDGE_CURVE ( 'NONE', #4382, #1727, #5467, .T. ) ;
#3810 = DIRECTION ( 'NONE',  ( 0.0000000000000000000, 0.0000000000000000000, -1.000000000000000000 ) ) ;
#3811 = CARTESIAN_POINT ( 'NONE',  ( -0.2070773929081581866, 2.054691988635170219, -2.540220662122269614E-08 ) ) ;
#3812 = DIRECTION ( 'NONE',  ( 4.707345667971771808E-14, -2.403371457633731523E-16, 1.000000000000000000 ) ) ;
#3813 = CARTESIAN_POINT ( 'NONE',  ( -0.1124503659833997193, 1.924894731160776473, -0.1919298636371585265 ) ) ;
#3814 = ORIENTED_EDGE ( 'NONE', *, *, #3379, .F. ) ;
#3815 = CARTESIAN_POINT ( 'NONE',  ( 0.1053824326618605645, 1.889608691730187973, -2.540220660338457270E-08 ) ) ;
#3816 = CARTESIAN_POINT ( 'NONE',  ( -0.1157818574730717226, 2.168570798939339017, 0.1157811245398324418 ) ) ;
#3817 = CARTESIAN_POINT ( 'NONE',  ( -1.389870663509346131E-17, 0.4309069081374632959, -2.766492808827325183E-17 ) ) ;
#3818 = CARTESIAN_POINT ( 'NONE',  ( -0.07976978987148256039, 1.747078126644262985, 0.5562111902184322387 ) ) ;
#3819 = CARTESIAN_POINT ( 'NONE',  ( -0.2224383572803197706, 1.930860030043399789, -0.2224376751514937078 ) ) ;
#3820 = CARTESIAN_POINT ( 'NONE',  ( 0.2220554070810912273, 1.948578194645492534, -2.540220655236512138E-08 ) ) ;
#3821 = CIRCLE ( 'NONE', #5007, 0.7240452755905510962 ) ;
#3822 = VERTEX_POINT ( 'NONE', #4856 ) ;
#3823 = CARTESIAN_POINT ( 'NONE',  ( -7.075310327560182196E-07, 1.789862635970363325, -0.5616634112289780045 ) ) ;
#3824 = VECTOR ( 'NONE', #3874, 39.37007874015748143 ) ;
#3825 = ORIENTED_EDGE ( 'NONE', *, *, #3809, .T. ) ;
#3826 = CARTESIAN_POINT ( 'NONE',  ( 0.04705631501098057889, 1.752505044539357293, -0.2176192470580413374 ) ) ;
#3827 = CARTESIAN_POINT ( 'NONE',  ( 0.1704178558813308209, 2.124651801044000088, 0.1704185380101568559 ) ) ;
#3828 = CARTESIAN_POINT ( 'NONE',  ( -0.8447836774352400768, 1.283469125681862666, -0.5325108904169894020 ) ) ;
#3829 = LINE ( 'NONE', #2618, #3771 ) ;
#3830 = CARTESIAN_POINT ( 'NONE',  ( 0.4936209621218473065, 1.085149692748341499, -0.2749108352826017398 ) ) ;
#3831 = CARTESIAN_POINT ( 'NONE',  ( 0.1112197649099122138, 1.926334100157303553, -2.540220660302714465E-08 ) ) ;
#3832 = EDGE_LOOP ( 'NONE', ( #4522, #5133 ) ) ;
#3833 = CARTESIAN_POINT ( 'NONE',  ( -0.1852670621310870125, 2.104083014838995958, 0.1852663291978477178 ) ) ;
#3834 = CARTESIAN_POINT ( 'NONE',  ( -1.041308722554674659, 1.728393678196920025, 0.9090817662642898256 ) ) ;
#3835 = LINE ( 'NONE', #3228, #582 ) ;
#3836 = AXIS2_PLACEMENT_3D ( 'NONE', #4100, #1959, #5311 ) ;
#3837 = ORIENTED_EDGE ( 'NONE', *, *, #2482, .F. ) ;
#3838 = FACE_OUTER_BOUND ( 'NONE', #1021, .T. ) ;
#3839 =( CONVERSION_BASED_UNIT ( 'INCH', #4186 ) LENGTH_UNIT ( ) NAMED_UNIT ( #2084 ) );
#3840 = ORIENTED_EDGE ( 'NONE', *, *, #2561, .F. ) ;
#3841 = PRODUCT_DEFINITION_SHAPE ( 'NONE', 'NONE',  #5484 ) ;
#3842 = CARTESIAN_POINT ( 'NONE',  ( -0.5593416356155441749, 1.898757680464179698, 0.05198912374393926256 ) ) ;
#3843 = LINE ( 'NONE', #3100, #4452 ) ;
#3844 = CARTESIAN_POINT ( 'NONE',  ( 0.2215871389237676903, 1.960695240334310308, 0.2215878210525937531 ) ) ;
#3845 = ORIENTED_EDGE ( 'NONE', *, *, #829, .T. ) ;
#3846 = AXIS2_PLACEMENT_3D ( 'NONE', #1980, #1162, #4106 ) ;
#3847 = CARTESIAN_POINT ( 'NONE',  ( -1.112091727495672594E-17, 0.4189173647663950173, 0.02268237145657619330 ) ) ;
#3848 = EDGE_CURVE ( 'NONE', #995, #3220, #1400, .T. ) ;
#3849 = CARTESIAN_POINT ( 'NONE',  ( 0.1023580376539687392, 1.710475807782207092, -0.1977558551284418764 ) ) ;
#3850 = ORIENTED_EDGE ( 'NONE', *, *, #2437, .T. ) ;
#3851 = CARTESIAN_POINT ( 'NONE',  ( 0.1531032467920162565, 2.142638581168790690, -0.1531039797252555512 ) ) ;
#3852 = CARTESIAN_POINT ( 'NONE',  ( -7.075310326648127823E-07, 1.692771108031319027, -2.540220641473977390E-08 ) ) ;
#3853 = DIRECTION ( 'NONE',  ( 0.0000000000000000000, -1.000000000000000000, -2.220446049250309876E-16 ) ) ;
#3854 = CARTESIAN_POINT ( 'NONE',  ( -0.0001499809305422073868, 1.227858889461390213, 0.2289500822710590078 ) ) ;
#3855 = CARTESIAN_POINT ( 'NONE',  ( -0.1974893996255737694, 2.080766179256611004, -2.540220661462797885E-08 ) ) ;
#3856 = CARTESIAN_POINT ( 'NONE',  ( -0.07451784058415991674, 1.889608691730187973, -0.07451715845533410376 ) ) ;
#3857 = CARTESIAN_POINT ( 'NONE',  ( -0.1112211799719775296, 1.926334100157303553, -0.1926395345117372371 ) ) ;
#3858 = CARTESIAN_POINT ( 'NONE',  ( 0.3251060340817246708, 1.092532255319534018, -0.1764623222758046062 ) ) ;
#3859 = CARTESIAN_POINT ( 'NONE',  ( -0.5612816027155433929, 1.871168163348058577, 0.02265856381735630379 ) ) ;
#3860 = AXIS2_PLACEMENT_3D ( 'NONE', #170, #1506, #2712 ) ;
#3861 = CARTESIAN_POINT ( 'NONE',  ( 0.2206241087028692760, 1.976823799906982204, -2.540220654717431819E-08 ) ) ;
#3862 = EDGE_LOOP ( 'NONE', ( #752, #599, #718, #577, #1239 ) ) ;
#3863 = CARTESIAN_POINT ( 'NONE',  ( -0.2048409994534704792, 1.868094336185799564, 0.08685495901532054586 ) ) ;
#3864 = EDGE_CURVE ( 'NONE', #5436, #3969, #1136, .T. ) ;
#3865 = CARTESIAN_POINT ( 'NONE',  ( -0.1666532870897928509, 1.283469125681860667, -0.1409921270053663411 ) ) ;
#3866 = CARTESIAN_POINT ( 'NONE',  ( -0.1157818574730717504, 2.168570798939339017, -2.540220652434987723E-08 ) ) ;
#3867 = CARTESIAN_POINT ( 'NONE',  ( -0.8607622782092415603, 1.148529527269974038, -0.5048351420425619684 ) ) ;
#3868 = DIRECTION ( 'NONE',  ( 0.0000000000000000000, 3.837883796408865703E-16, -1.000000000000000000 ) ) ;
#3869 = VECTOR ( 'NONE', #246, 39.37007874015748143 ) ;
#3870 = CARTESIAN_POINT ( 'NONE',  ( -0.1021967223411575504, 1.710596686870354821, -2.540220661609513256E-08 ) ) ;
#3871 = CARTESIAN_POINT ( 'NONE',  ( -7.075310326272465534E-07, 2.054691988635170219, -0.2070767107793319017 ) ) ;
#3872 =( CONVERSION_BASED_UNIT ( 'INCH', #3404 ) LENGTH_UNIT ( ) NAMED_UNIT ( #3010 ) );
#3873 = ORIENTED_EDGE ( 'NONE', *, *, #4916, .T. ) ;
#3874 = DIRECTION ( 'NONE',  ( 0.0000000000000000000, -1.000000000000000000, 0.0000000000000000000 ) ) ;
#3875 =( NAMED_UNIT ( * ) PLANE_ANGLE_UNIT ( ) SI_UNIT ( $, .RADIAN. ) );
#3876 = ORIENTED_EDGE ( 'NONE', *, *, #4742, .F. ) ;
#3877 = PRESENTATION_LAYER_ASSIGNMENT (  '', '', ( #1825 ) ) ;
#3878 = CARTESIAN_POINT ( 'NONE',  ( -7.075306182978616788E-07, 1.846439661106183294, 0.2224409194796831968 ) ) ;
#3879 = CARTESIAN_POINT ( 'NONE',  ( -0.2215885539858330200, 1.960695240334310308, -2.540220661737535669E-08 ) ) ;
#3880 = CARTESIAN_POINT ( 'NONE',  ( -1.389870663509346131E-17, 0.4189173647663950173, -0.02268237145657625575 ) ) ;
#3881 = CARTESIAN_POINT ( 'NONE',  ( -1.379134565798749046, 1.844955220324026701, -0.001809894420921001222 ) ) ;
#3882 = CARTESIAN_POINT ( 'NONE',  ( -0.2223214390071569513, 1.939796410036157992, 0.2223207060739176566 ) ) ;
#3883 = CARTESIAN_POINT ( 'NONE',  ( -0.2184845797522612931, 1.998941422088291731, -0.2184838976234352581 ) ) ;
#3884 = DIRECTION ( 'NONE',  ( 0.4320047454230598882, 0.9018713322486511252, 9.446600779751431473E-15 ) ) ;
#3885 = EDGE_CURVE ( 'NONE', #2489, #1671, #481, .T. ) ;
#3886 = ORIENTED_EDGE ( 'NONE', *, *, #4074, .T. ) ;
#3887 = EDGE_CURVE ( 'NONE', #2222, #2021, #819, .T. ) ;
#3888 = SURFACE_SIDE_STYLE ('',( #4816 ) ) ;
#3889 = ORIENTED_EDGE ( 'NONE', *, *, #480, .T. ) ;
#3890 = AXIS2_PLACEMENT_3D ( 'NONE', #1134, #1591, #3687 ) ;
#3891 = FACE_OUTER_BOUND ( 'NONE', #1043, .T. ) ;
#3892 = CARTESIAN_POINT ( 'NONE',  ( 1.379133150736683966, 1.919415172244245849, -0.08147145879696313098 ) ) ;
#3893 = FACE_OUTER_BOUND ( 'NONE', #1651, .T. ) ;
#3894 = CARTESIAN_POINT ( 'NONE',  ( -0.2215885539858329922, 1.960695240334310308, -0.2215878718570069572 ) ) ;
#3895 = VECTOR ( 'NONE', #758, 39.37007874015748854 ) ;
#3896 = DIRECTION ( 'NONE',  ( 0.4965951198216208562, 1.315552063591614501E-16, -0.8679823079817640119 ) ) ;
#3897 = FACE_OUTER_BOUND ( 'NONE', #5260, .T. ) ;
#3898 = ITEM_DEFINED_TRANSFORMATION ( 'NONE', 'NONE', #3252,  #477 ) ;
#3899 = CARTESIAN_POINT ( 'NONE',  ( 0.4807633995459515419, 1.069946226525816835, -0.2963588130306805679 ) ) ;
#3900 = ORIENTED_EDGE ( 'NONE', *, *, #3641, .F. ) ;
#3901 = ORIENTED_EDGE ( 'NONE', *, *, #2715, .T. ) ;
#3902 = CARTESIAN_POINT ( 'NONE',  ( 0.4679355565740610512, 1.703893155275413740, -0.3106467889677728134 ) ) ;
#3903 = LINE ( 'NONE', #650, #1868 ) ;
#3904 = CARTESIAN_POINT ( 'NONE',  ( -0.2223214390071569790, 1.939796410036158436, -2.540220661308549215E-08 ) ) ;
#3905 = CARTESIAN_POINT ( 'NONE',  ( 0.2120247954759764686, 1.926107550777166777, 0.06762188067734821451 ) ) ;
#3906 = FACE_OUTER_BOUND ( 'NONE', #3046, .T. ) ;
#3907 = CARTESIAN_POINT ( 'NONE',  ( -7.075310327023790111E-07, 2.054691988635170219, 0.2070766599749188919 ) ) ;
#3908 = B_SPLINE_CURVE_WITH_KNOTS ( 'NONE', 3,
 ( #701, #5327, #2418, #5377, #3278, #4935, #1571, #689, #302, #4917, #1542, #1941, #723, #1174, #4121, #252, #287, #324, #5393, #2370, #4893, #3674, #2014, #4972, #2788, #4493, #674, #5339, #1116, #4064, #2496, #3765, #1628, #1646, #1250, #4643, #4605, #812, #2887, #3294, #744, #2535, #2903, #1210, #5, #2965, #4180, #2461, #1269, #2479, #5435, #5069 ),
 .UNSPECIFIED., .F., .F.,
 ( 4, 1, 1, 1, 2, 2, 2, 2, 2, 2, 2, 1, 1, 2, 2, 2, 1, 1, 1, 2, 2, 2, 2, 2, 2, 2, 1, 1, 2, 2, 4 ),
 ( 0.5000000000000000000, 0.5312500000000000000, 0.5468750000000000000, 0.5546875000000000000, 0.5585937500000000000, 0.5625000000000000000, 0.5781250000000000000, 0.5937499999999998890, 0.6249999999999997780, 0.6406249999999996669, 0.6562499999999995559, 0.6718749999999994449, 0.6796874999999993339, 0.6835937499999993339, 0.6874999999999993339, 0.7499999999999993339, 0.7812499999999993339, 0.7968749999999993339, 0.8046874999999993339, 0.8085937499999993339, 0.8124999999999993339, 0.8281249999999993339, 0.8437499999999993339, 0.8749999999999993339, 0.8906249999999995559, 0.9062499999999995559, 0.9218749999999995559, 0.9296874999999995559, 0.9335937499999995559, 0.9374999999999995559, 1.000000000000000000 ),
 .UNSPECIFIED. ) ;
#3909 = ORIENTED_EDGE ( 'NONE', *, *, #2202, .F. ) ;
#3910 = PRODUCT_RELATED_PRODUCT_CATEGORY ( 'part', '', ( #4730 ) ) ;
#3911 =( NAMED_UNIT ( * ) SI_UNIT ( $, .STERADIAN. ) SOLID_ANGLE_UNIT ( ) );
#3912 = CARTESIAN_POINT ( 'NONE',  ( -0.3370142481138270751, 1.917582571776018430, 0.4493552652540180881 ) ) ;
#3913 = ORIENTED_EDGE ( 'NONE', *, *, #5343, .T. ) ;
#3914 = B_SPLINE_CURVE_WITH_KNOTS ( 'NONE', 3,
 ( #2844, #4025, #3659, #1507, #1975, #4463, #5328, #241, #4049, #3214 ),
 .UNSPECIFIED., .F., .F.,
 ( 4, 3, 3, 4 ),
 ( 3.469446951953614189E-18, 0.0003671329573417153364, 0.0007342655924583187371, 0.001414540325161312744 ),
 .UNSPECIFIED. ) ;
#3915 = CARTESIAN_POINT ( 'NONE',  ( -7.075310326548353694E-07, 1.919415172244245849, -0.08147145879696335302 ) ) ;
#3916 = CARTESIAN_POINT ( 'NONE',  ( -7.075310324296406490E-07, 1.948578194645492534, -2.540220688250409395E-08 ) ) ;
#3917 = EDGE_CURVE ( 'NONE', #3024, #944, #521, .T. ) ;
#3918 = CARTESIAN_POINT ( 'NONE',  ( -0.2116607464685063833, 1.735367123164420322, -0.06934362186445232334 ) ) ;
#3919 = PRODUCT_DEFINITION_CONTEXT ( 'detailed design', #3605, 'design' ) ;
#3920 = EDGE_CURVE ( 'NONE', #2721, #2581, #356, .T. ) ;
#3921 = CARTESIAN_POINT ( 'NONE',  ( -1.389870663509346131E-17, 0.2632087033490721484, -6.490140971714850841E-17 ) ) ;
#3922 = CARTESIAN_POINT ( 'NONE',  ( -7.075310328271885748E-07, 2.171019139527382347, -0.1083863349459901482 ) ) ;
#3923 = DIRECTION ( 'NONE',  ( -0.8660254037831357499, 0.0000000000000000000, -0.5000000000022564173 ) ) ;
#3924 = CARTESIAN_POINT ( 'NONE',  ( -0.0001499809299836693619, 1.706106920957451090, -0.7175361382013819567 ) ) ;
#3925 = EDGE_LOOP ( 'NONE', ( #4345, #4149, #3062, #4518 ) ) ;
#3926 = CARTESIAN_POINT ( 'NONE',  ( 0.2222062818467827883, 1.944206735630335636, -2.540220655326577879E-08 ) ) ;
#3927 = CARTESIAN_POINT ( 'NONE',  ( 0.2098487546418320027, 1.924590728915405169, 0.07405754993194073321 ) ) ;
#3928 = DIRECTION ( 'NONE',  ( 0.0000000000000000000, 1.000000000000000000, 1.047444401652940007E-14 ) ) ;
#3929 = ORIENTED_EDGE ( 'NONE', *, *, #2786, .T. ) ;
#3930 = CARTESIAN_POINT ( 'NONE',  ( -0.09125898691893567782, 2.171019139527382347, -0.05527014846254851149 ) ) ;
#3931 = CARTESIAN_POINT ( 'NONE',  ( 0.07960311005025069719, 1.924745851044262768, -0.07960384298348996412 ) ) ;
#3932 = VERTEX_POINT ( 'NONE', #3289 ) ;
#3933 = CARTESIAN_POINT ( 'NONE',  ( 0.5560460255518172579, 1.917582571776019096, -0.07943763868949281493 ) ) ;
#3934 = CARTESIAN_POINT ( 'NONE',  ( 0.2195888341222755613, 1.760194493157262841, 0.03716939539317876129 ) ) ;
#3935 = DIRECTION ( 'NONE',  ( -0.8660254037844308250, 2.877621416376447648E-15, -0.5000000000000136557 ) ) ;
#3936 = CARTESIAN_POINT ( 'NONE',  ( 0.1157093104812516454, 0.2084659632555735942, -0.1796840940803875186 ) ) ;
#3937 = CARTESIAN_POINT ( 'NONE',  ( 0.3808627775151164352, 1.871168163348059021, -0.4129075946269043507 ) ) ;
#3938 = CARTESIAN_POINT ( 'NONE',  ( -0.2224383572803197984, 1.930860030043399789, -2.540220661098053587E-08 ) ) ;
#3939 = DIRECTION ( 'NONE',  ( 0.0000000000000000000, 0.0000000000000000000, -1.000000000000000000 ) ) ;
#3940 = STYLED_ITEM ( 'NONE', ( #4314 ), #4820 ) ;
#3941 = CARTESIAN_POINT ( 'NONE',  ( 0.0000000000000000000, 0.0000000000000000000, 0.0000000000000000000 ) ) ;
#3942 = CARTESIAN_POINT ( 'NONE',  ( -0.09633038654137882073, 2.171019139527382791, -0.04586080977491064498 ) ) ;
#3943 = ORIENTED_EDGE ( 'NONE', *, *, #3234, .T. ) ;
#3944 = CARTESIAN_POINT ( 'NONE',  ( 1.057244048949774307, 1.915167437866163835, 0.8931450248071253206 ) ) ;
#3945 = CARTESIAN_POINT ( 'NONE',  ( -0.2148621610165931672, 1.703893155275413740, 0.05757192754382645106 ) ) ;
#3946 = AXIS2_PLACEMENT_3D ( 'NONE', #3948, #5256, #1848 ) ;
#3947 = CARTESIAN_POINT ( 'NONE',  ( 0.1735985656655557319, 1.066873195482334058, -0.09294325295254282637 ) ) ;
#3948 = CARTESIAN_POINT ( 'NONE',  ( -1.389870663509346131E-17, 0.1194895853028176552, -9.681346450390296008E-17 ) ) ;
#3949 = EDGE_CURVE ( 'NONE', #2838, #4901, #4639, .T. ) ;
#3950 = CARTESIAN_POINT ( 'NONE',  ( 0.2211428199042314857, 1.768689894399596119, 0.02634780952557590206 ) ) ;
#3951 = CARTESIAN_POINT ( 'NONE',  ( 0.03348223546569723680, 1.059149858589601312, 1.007493389357672964 ) ) ;
#3952 = DIRECTION ( 'NONE',  ( -0.0000000000000000000, -1.000000000000000000, -0.0000000000000000000 ) ) ;
#3953 = CARTESIAN_POINT ( 'NONE',  ( -0.4679369716361264087, 1.926334100157303553, -0.3106467889677729244 ) ) ;
#3954 = CIRCLE ( 'NONE', #332, 0.2137171453055093373 ) ;
#3955 = CARTESIAN_POINT ( 'NONE',  ( 0.1112512679898476908, 1.900286602869684538, 0.5505393658494139864 ) ) ;
#3956 = ORIENTED_EDGE ( 'NONE', *, *, #4192, .T. ) ;
#3957 = CARTESIAN_POINT ( 'NONE',  ( 0.1939095138244387451, 1.274502192926133981, -0.05776365879145977517 ) ) ;
#3958 = CYLINDRICAL_SURFACE ( 'NONE', #708, 0.09751115400457018023 ) ;
#3959 = CARTESIAN_POINT ( 'NONE',  ( -0.2224383572803197706, 1.930860030043399789, 0.2224376243470805314 ) ) ;
#3960 = CARTESIAN_POINT ( 'NONE',  ( 0.1950029848947814060, 1.906722958286407810, 0.1076731131344382392 ) ) ;
#3961 = ORIENTED_EDGE ( 'NONE', *, *, #4743, .T. ) ;
#3962 = APPLICATION_CONTEXT ( 'automotive_design' ) ;
#3963 = VECTOR ( 'NONE', #3375, 39.37007874015748143 ) ;
#3964 = CARTESIAN_POINT ( 'NONE',  ( -0.1030549403733558300, 1.926191724384900716, -1.379133883669923177 ) ) ;
#3965 = AXIS2_PLACEMENT_3D ( 'NONE', #1624, #2454, #3810 ) ;
#3966 = ORIENTED_EDGE ( 'NONE', *, *, #4925, .T. ) ;
#3967 = CARTESIAN_POINT ( 'NONE',  ( 0.1943872507822452245, 1.926334100157303553, -0.1081355682303777738 ) ) ;
#3968 = CARTESIAN_POINT ( 'NONE',  ( -0.1160367226263146340, 1.915167437866163835, -2.540220663115290013E-08 ) ) ;
#3969 = VERTEX_POINT ( 'NONE', #318 ) ;
#3970 = CARTESIAN_POINT ( 'NONE',  ( 0.1743436676734680391, 1.078342358169571025, -0.09165269841801695905 ) ) ;
#3971 = COLOUR_RGB ( '',0.0000000000000000000, 0.0000000000000000000, 0.0000000000000000000 ) ;
#3972 = CARTESIAN_POINT ( 'NONE',  ( -0.2139171266564472706, 1.926334100157303553, -0.06098969328544630308 ) ) ;
#3973 = EDGE_CURVE ( 'NONE', #4032, #123, #1849, .T. ) ;
#3974 = ORIENTED_EDGE ( 'NONE', *, *, #4669, .T. ) ;
#3975 = FACE_BOUND ( 'NONE', #84, .T. ) ;
#3976 = ORIENTED_EDGE ( 'NONE', *, *, #4574, .T. ) ;
#3977 = CARTESIAN_POINT ( 'NONE',  ( -0.2035137515497289773, 1.719347392813183939, -0.09050387817973130911 ) ) ;
#3978 = CARTESIAN_POINT ( 'NONE',  ( -7.075310326648127823E-07, 2.159897092283287634, -0.09550550739642359177 ) ) ;
#3979 = ORIENTED_EDGE ( 'NONE', *, *, #3620, .T. ) ;
#3980 = VECTOR ( 'NONE', #2371, 39.37007874015748143 ) ;
#3981 = CARTESIAN_POINT ( 'NONE',  ( -0.007775613554217397465, 1.855238036417561132, -0.5616634112289781156 ) ) ;
#3982 = CARTESIAN_POINT ( 'NONE',  ( -0.0001499809343495331522, 1.784288654160558041, -0.5840715712637953860 ) ) ;
#3983 = CARTESIAN_POINT ( 'NONE',  ( 0.8838733245235060876, 1.251599516238218301, -0.4642860864264483078 ) ) ;
#3984 = CARTESIAN_POINT ( 'NONE',  ( -0.2040714388135049517, 1.745962934435862701, 0.09009167789827469963 ) ) ;
#3985 = CARTESIAN_POINT ( 'NONE',  ( 0.0000000000000000000, 0.0000000000000000000, 0.0000000000000000000 ) ) ;
#3986 = ORIENTED_EDGE ( 'NONE', *, *, #3917, .T. ) ;
#3987 = CARTESIAN_POINT ( 'NONE',  ( -0.4591425745152853954, 1.725558025616497293, 0.3238939945858927971 ) ) ;
#3988 = CARTESIAN_POINT ( 'NONE',  ( 0.4323724814854466580, 1.077909019366944277, -0.06341094754837514613 ) ) ;
#3989 = DIRECTION ( 'NONE',  ( 0.0000000000000000000, 0.0000000000000000000, 1.000000000000000000 ) ) ;
#3990 = EDGE_CURVE ( 'NONE', #5354, #632, #4821, .T. ) ;
#3991 = CARTESIAN_POINT ( 'NONE',  ( 0.09426714271217868923, 1.924468639114974566, 1.379133832865509834 ) ) ;
#3992 = CARTESIAN_POINT ( 'NONE',  ( 0.03677249790930157969, 1.760433795362823073, -0.5607687051055374461 ) ) ;
#3993 = CARTESIAN_POINT ( 'NONE',  ( -0.0001499809305422073868, 1.116638417020443086, 0.006509137389169245350 ) ) ;
#3994 = CARTESIAN_POINT ( 'NONE',  ( 0.3310896366056749751, 1.867940490486980742, -0.4537238452489906204 ) ) ;
#3995 = VERTEX_POINT ( 'NONE', #4991 ) ;
#3996 = CARTESIAN_POINT ( 'NONE',  ( 0.8636745591247668719, 1.249923318217420309, -0.4992713743472287358 ) ) ;
#3997 = CARTESIAN_POINT ( 'NONE',  ( 0.05757124541500042991, 1.703893155275413740, 0.2148614280833539281 ) ) ;
#3998 = CARTESIAN_POINT ( 'NONE',  ( -0.2220568221431565847, 1.948578194645492534, -2.540220661494781320E-08 ) ) ;
#3999 = EDGE_CURVE ( 'NONE', #5052, #3822, #2921, .T. ) ;
#4000 = AXIS2_PLACEMENT_3D ( 'NONE', #5079, #2579, #1315 ) ;
#4001 = APPLICATION_PROTOCOL_DEFINITION ( 'draft international standard', 'automotive_design', 1998, #1447 ) ;
#4002 = CARTESIAN_POINT ( 'NONE',  ( -0.04951557021389984409, 1.338655652950481389, 0.2234990170557456524 ) ) ;
#4003 = EDGE_LOOP ( 'NONE', ( #3876, #3264, #2465, #2044, #1996, #3721, #334, #2415, #710, #2299, #2341, #4066, #366, #4102, #408, #177, #3943, #4541 ) ) ;
#4004 = CARTESIAN_POINT ( 'NONE',  ( -0.05594748762471282721, 1.253623380724288694, 0.5721111745284829242 ) ) ;
#4005 = CARTESIAN_POINT ( 'NONE',  ( 0.4322749356220619843, 1.898757680464180364, 0.3587518579321691825 ) ) ;
#4006 = CARTESIAN_POINT ( 'NONE',  ( 0.05119648115734547894, 1.054208013179291470, 0.5725377615314154456 ) ) ;
#4007 = ORIENTED_EDGE ( 'NONE', *, *, #2377, .F. ) ;
#4008 = CARTESIAN_POINT ( 'NONE',  ( 0.09749464065432114634, 0.4309069081374632959, -0.001794491289416953132 ) ) ;
#4009 = UNCERTAINTY_MEASURE_WITH_UNIT (LENGTH_MEASURE( 1.000000000000000082E-05 ), #3720, 'distance_accuracy_value', 'NONE');
#4010 = CARTESIAN_POINT ( 'NONE',  ( -1.448240532113733048, 1.844127897461434129, 0.7305544129797207908 ) ) ;
#4011 = ORIENTED_EDGE ( 'NONE', *, *, #3864, .F. ) ;
#4012 = CARTESIAN_POINT ( 'NONE',  ( 0.2220554070810909775, 1.948578194645492756, 0.2220560892099173456 ) ) ;
#4013 = CARTESIAN_POINT ( 'NONE',  ( -0.0001499809376406614271, 1.850761759405806339, -0.6167101840287790848 ) ) ;
#4014 = CARTESIAN_POINT ( 'NONE',  ( 0.02080523375527448121, 1.235493667012734997, 0.2280053830091576250 ) ) ;
#4015 = CARTESIAN_POINT ( 'NONE',  ( 0.2219657158799666352, 1.951176915564387659, 0.2219663980087926980 ) ) ;
#4016 = PRESENTATION_LAYER_ASSIGNMENT (  '', '', ( #3940 ) ) ;
#4017 =( REPRESENTATION_RELATIONSHIP ('NONE','NONE', #1333, #3124 ) REPRESENTATION_RELATIONSHIP_WITH_TRANSFORMATION ( #3898 )SHAPE_REPRESENTATION_RELATIONSHIP( ) );
#4018 = CARTESIAN_POINT ( 'NONE',  ( -0.05395727033185699489, 1.909814100410652360, 0.2158015665447122755 ) ) ;
#4019 = CARTESIAN_POINT ( 'NONE',  ( -0.2155116766878673040, 1.923789154167842241, -0.05514795286273241337 ) ) ;
#4020 = CARTESIAN_POINT ( 'NONE',  ( -0.008005924863092508253, 1.151814403863366865, 0.5748457515623975889 ) ) ;
#4021 = CARTESIAN_POINT ( 'NONE',  ( 0.4002685374368769589, 1.851508584093075171, 0.3941245570553793542 ) ) ;
#4022 = AXIS2_PLACEMENT_3D ( 'NONE', #4310, #3356, #4584 ) ;
#4023 = CARTESIAN_POINT ( 'NONE',  ( -0.4923439267053951185, 1.283469125681861778, -0.2776591696974405887 ) ) ;
#4024 = ORIENTED_EDGE ( 'NONE', *, *, #4701, .T. ) ;
#4025 = CARTESIAN_POINT ( 'NONE',  ( -0.5018351382042626208, 1.111829653643339189, -0.2605462858314795960 ) ) ;
#4026 = CARTESIAN_POINT ( 'NONE',  ( 0.05094816159320328386, 0.2632087033490721484, 0.08314270855328105558 ) ) ;
#4027 = ORIENTED_EDGE ( 'NONE', *, *, #2756, .T. ) ;
#4028 = EDGE_CURVE ( 'NONE', #2163, #4414, #4148, .T. ) ;
#4029 = VECTOR ( 'NONE', #2779, 39.37007874015748143 ) ;
#4030 = CARTESIAN_POINT ( 'NONE',  ( 0.04370461350751261853, 1.892061177074431333, 1.379133832865509834 ) ) ;
#4031 = CARTESIAN_POINT ( 'NONE',  ( -7.075310328271885748E-07, 2.171019139527382347, -0.1083863349459901482 ) ) ;
#4032 = VERTEX_POINT ( 'NONE', #2963 ) ;
#4033 = CARTESIAN_POINT ( 'NONE',  ( 0.07405686780312811801, 1.924590728915403393, -0.2098494875750664956 ) ) ;
#4034 = CARTESIAN_POINT ( 'NONE',  ( 0.1852656470690216828, 2.104083014838995958, -2.540220737841405159E-08 ) ) ;
#4035 = FACE_OUTER_BOUND ( 'NONE', #3671, .T. ) ;
#4036 = CARTESIAN_POINT ( 'NONE',  ( 0.2220554070810909775, 1.948578194645492756, -0.2220561400143302999 ) ) ;
#4037 = LENGTH_MEASURE_WITH_UNIT ( LENGTH_MEASURE( 0.02539999999999999897 ), #4358 );
#4038 = APPLICATION_CONTEXT ( 'automotive_design' ) ;
#4039 = CARTESIAN_POINT ( 'NONE',  ( -0.006214931727219485946, 1.303660709142385299, 0.2288968822790905799 ) ) ;
#4040 = ORIENTED_EDGE ( 'NONE', *, *, #3618, .T. ) ;
#4041 = CARTESIAN_POINT ( 'NONE',  ( -0.2111994716272067862, 1.883278821073177012, -0.06995500063011191039 ) ) ;
#4042 = ORIENTED_EDGE ( 'NONE', *, *, #2925, .T. ) ;
#4043 = CARTESIAN_POINT ( 'NONE',  ( -0.08147214092578941580, 1.919415172244245849, -2.540220662480349153E-08 ) ) ;
#4044 = VECTOR ( 'NONE', #419, 39.37007874015748854 ) ;
#4045 = CARTESIAN_POINT ( 'NONE',  ( -0.6895676366648908484, 1.703893155275413740, -0.1112204978431514807 ) ) ;
#4046 = ORIENTED_EDGE ( 'NONE', *, *, #2682, .T. ) ;
#4047 = SHAPE_REPRESENTATION_RELATIONSHIP ( 'NONE' , 'NONE' ,  #3124, #158 ) ;
#4048 = VECTOR ( 'NONE', #1165, 39.37007874015748143 ) ;
#4049 = CARTESIAN_POINT ( 'NONE',  ( -0.5028980102245049766, 1.069946226525816835, -0.2585400919134006048 ) ) ;
#4050 = EDGE_LOOP ( 'NONE', ( #2069, #1688 ) ) ;
#4051 = CARTESIAN_POINT ( 'NONE',  ( -0.4446991539414147376, 1.071509080551111825, -0.07035457214777919577 ) ) ;
#4052 = EDGE_CURVE ( 'NONE', #3969, #1539, #4579, .T. ) ;
#4053 = VERTEX_POINT ( 'NONE', #5432 ) ;
#4054 = CARTESIAN_POINT ( 'NONE',  ( -0.06606630432484339455, 1.331436195623473484, 0.2067059877828699155 ) ) ;
#4055 = CARTESIAN_POINT ( 'NONE',  ( -7.075310327189964211E-07, 2.170545325477225340, -0.1121151812057735037 ) ) ;
#4056 = CARTESIAN_POINT ( 'NONE',  ( 0.1843246966944895315, 1.172544963206376023, -0.1178210063053025114 ) ) ;
#4057 = CARTESIAN_POINT ( 'NONE',  ( 0.1821317593739335272, 1.116638417020444196, -0.1209794546946700855 ) ) ;
#4058 = CARTESIAN_POINT ( 'NONE',  ( -0.08805225584707705722, 1.863196533952794942, 0.2043339752898468975 ) ) ;
#4059 = AXIS2_PLACEMENT_3D ( 'NONE', #5425, #3737, #1300 ) ;
#4060 = CARTESIAN_POINT ( 'NONE',  ( -0.0001499809305422073868, 1.339079361902332899, 0.006509137389169294789 ) ) ;
#4061 = CARTESIAN_POINT ( 'NONE',  ( -1.379134565798749046, 1.824185956693643584, 0.04130838521646600092 ) ) ;
#4062 = CARTESIAN_POINT ( 'NONE',  ( 0.09749464065432110471, 0.2632087033490721484, -0.001794491289416955734 ) ) ;
#4063 = EDGE_CURVE ( 'NONE', #1001, #2244, #3251, .T. ) ;
#4064 = CARTESIAN_POINT ( 'NONE',  ( 0.1011879855186414434, 2.171019139527382347, 0.03370443667745078725 ) ) ;
#4065 = CARTESIAN_POINT ( 'NONE',  ( 0.4679355565740611622, 1.926334100157303553, 0.3106467381633598035 ) ) ;
#4066 = ORIENTED_EDGE ( 'NONE', *, *, #2561, .T. ) ;
#4067 = CARTESIAN_POINT ( 'NONE',  ( 0.08147072586372408609, 1.919415172244245849, 1.379133832865509834 ) ) ;
#4068 = VERTEX_POINT ( 'NONE', #4638 ) ;
#4069 = B_SPLINE_CURVE_WITH_KNOTS ( 'NONE', 3,
 ( #1960, #4862, #4447, #4919, #2339, #2387, #1905, #1137, #276, #5313, #4521, #207 ),
 .UNSPECIFIED., .F., .F.,
 ( 4, 2, 2, 2, 2, 4 ),
 ( 0.004654298867056992466, 0.005539820845563085683, 0.006425342824069178900, 0.007310864802575272117, 0.007753625791828319160, 0.008196386781081366202 ),
 .UNSPECIFIED. ) ;
#4070 = CARTESIAN_POINT ( 'NONE',  ( -0.0001499809305422073868, 1.339079361902332899, 0.006509137389169294789 ) ) ;
#4071 = CARTESIAN_POINT ( 'NONE',  ( 0.02446237597013020335, 1.220858015204048019, 0.2276084313333551212 ) ) ;
#4072 = EDGE_CURVE ( 'NONE', #4450, #5234, #5036, .T. ) ;
#4073 = CARTESIAN_POINT ( 'NONE',  ( -7.075310326329859428E-07, 1.951176915564387659, -0.2219664488132059021 ) ) ;
#4074 = EDGE_CURVE ( 'NONE', #5000, #632, #2252, .T. ) ;
#4075 = STYLED_ITEM ( 'NONE', ( #4699 ), #3355 ) ;
#4076 = CARTESIAN_POINT ( 'NONE',  ( -0.01755016707759932820, 1.319173614901345770, 0.2283168545910448100 ) ) ;
#4077 = CARTESIAN_POINT ( 'NONE',  ( -7.075310326375715674E-07, 1.648282919054943507, -0.2224409702840963454 ) ) ;
#4078 = CARTESIAN_POINT ( 'NONE',  ( 0.2151606304146501392, 1.903274320068527814, 0.05645558910625056437 ) ) ;
#4079 = CARTESIAN_POINT ( 'NONE',  ( -0.04586149190374352175, 2.171019139527382347, 0.09632965360813366962 ) ) ;
#4080 = CARTESIAN_POINT ( 'NONE',  ( -1.379134565798749046, 1.848849985279380936, 0.06846341323839920390 ) ) ;
#4081 = CARTESIAN_POINT ( 'NONE',  ( 0.1993646487079390739, 1.115481746914357419, -0.1310117215711699701 ) ) ;
#4082 = DIRECTION ( 'NONE',  ( -1.000000000000000000, 0.0000000000000000000, -1.224646799147353207E-16 ) ) ;
#4083 =( BOUNDED_SURFACE ( )  B_SPLINE_SURFACE ( 3, 3, ( 
 ( #3016, #5138, #4261, #2192 ),
 ( #1372, #4384, #5205, #3085 ),
 ( #3562, #1818, #2670, #4416 ),
 ( #4825, #1407, #587, #537 ) ),
 .UNSPECIFIED., .F., .F., .F. ) 
 B_SPLINE_SURFACE_WITH_KNOTS ( ( 4, 4 ),
 ( 4, 4 ),
 ( 0.0000000000000000000, 1.000000000000000000 ),
 ( 0.0000000000000000000, 1.000000000000000000 ),
 .UNSPECIFIED. ) 
 GEOMETRIC_REPRESENTATION_ITEM ( )  RATIONAL_B_SPLINE_SURFACE ( (
 ( 1.000000000000000000, 0.3333333333333327597, 0.3333333333333327597, 1.000000000000000000),
 ( 0.9788139736753196374, 0.3262713245584393240, 0.3262713245584393240, 0.9788139736753196374),
 ( 0.9788139736753196374, 0.3262713245584393240, 0.3262713245584393240, 0.9788139736753196374),
 ( 1.000000000000000000, 0.3333333333333327597, 0.3333333333333327597, 1.000000000000000000) ) ) 
 REPRESENTATION_ITEM ( '' )  SURFACE ( )  );
#4084 = CARTESIAN_POINT ( 'NONE',  ( 0.3463493521479157344, 1.736191466982981879, 0.4426839475501357368 ) ) ;
#4085 = EDGE_LOOP ( 'NONE', ( #2139, #2184 ) ) ;
#4086 = CARTESIAN_POINT ( 'NONE',  ( -0.0001499809305375039822, 1.292416745410840617, 0.2289500822710590355 ) ) ;
#4087 = CARTESIAN_POINT ( 'NONE',  ( 0.8965494455442727384, 1.703893155275413740, 1.053839628212626556 ) ) ;
#4088 = CARTESIAN_POINT ( 'NONE',  ( 0.2145549688632276686, 1.926373710395649974, 0.05871299176097703049 ) ) ;
#4089 = CARTESIAN_POINT ( 'NONE',  ( -0.4884846932645149908, 1.116638417020444196, -0.2842411261353633978 ) ) ;
#4090 = AXIS2_PLACEMENT_3D ( 'NONE', #3105, #1490, #630 ) ;
#4091 = CARTESIAN_POINT ( 'NONE',  ( -0.1910116715194666581, 2.166412236717524031, -0.09550550739642353626 ) ) ;
#4092 = CYLINDRICAL_SURFACE ( 'NONE', #2166, 0.5905807086614173196 ) ;
#4093 = ORIENTED_EDGE ( 'NONE', *, *, #5458, .T. ) ;
#4094 = CARTESIAN_POINT ( 'NONE',  ( 0.1134415208332787278, 1.923221577143462868, 0.1913410410557817021 ) ) ;
#4095 = CIRCLE ( 'NONE', #2776, 0.7240452755905510962 ) ;
#4096 = DIRECTION ( 'NONE',  ( 0.0000000000000000000, -1.000000000000000000, 0.0000000000000000000 ) ) ;
#4097 = ORIENTED_EDGE ( 'NONE', *, *, #4819, .F. ) ;
#4098 = EDGE_CURVE ( 'NONE', #2135, #5367, #2845, .T. ) ;
#4099 = CARTESIAN_POINT ( 'NONE',  ( -0.0001499809309257926402, 1.134776086225861791, 0.2289500822710590355 ) ) ;
#4100 = CARTESIAN_POINT ( 'NONE',  ( -7.075310326517546047E-07, 2.159897092283287634, 0.1066275038361052252 ) ) ;
#4101 = CARTESIAN_POINT ( 'NONE',  ( -0.3640826914625907018, 1.102392261606544910, -0.02381063583451339949 ) ) ;
#4102 = ORIENTED_EDGE ( 'NONE', *, *, #2657, .T. ) ;
#4103 = ORIENTED_EDGE ( 'NONE', *, *, #841, .T. ) ;
#4104 = CARTESIAN_POINT ( 'NONE',  ( 0.5500878491905814016, 1.923709587002751409, -0.1134617680554124708 ) ) ;
#4105 = LENGTH_MEASURE_WITH_UNIT ( LENGTH_MEASURE( 0.02539999999999999897 ), #2896 );
#4106 = DIRECTION ( 'NONE',  ( 0.0000000000000000000, 0.0000000000000000000, 1.000000000000000000 ) ) ;
#4107 = B_SPLINE_CURVE_WITH_KNOTS ( 'NONE', 3,
 ( #3972, #1476, #5342, #5271 ),
 .UNSPECIFIED., .F., .F.,
 ( 4, 4 ),
 ( 2.168404344971008868E-19, 9.006750223467988687E-05 ),
 .UNSPECIFIED. ) ;
#4108 = ORIENTED_EDGE ( 'NONE', *, *, #2340, .T. ) ;
#4109 = CIRCLE ( 'NONE', #4599, 0.5683366141732283383 ) ;
#4110 = CARTESIAN_POINT ( 'NONE',  ( -1.004405068144603952, 1.824185956693643584, -0.9459854714787738761 ) ) ;
#4111 = DIRECTION ( 'NONE',  ( -0.8660254037846540909, 0.0000000000000000000, 0.4999999999996265210 ) ) ;
#4112 = ORIENTED_EDGE ( 'NONE', *, *, #1974, .T. ) ;
#4113 = PRODUCT_DEFINITION_SHAPE ( 'NONE', 'NONE',  #5485 ) ;
#4114 = CARTESIAN_POINT ( 'NONE',  ( -0.0001499809305422073868, 0.9498077083590258374, 0.5748457515623974778 ) ) ;
#4115 = DIRECTION ( 'NONE',  ( -0.9938567491838180556, 2.457459251880086648E-17, -0.1106741257104535137 ) ) ;
#4116 = VERTEX_POINT ( 'NONE', #5051 ) ;
#4117 = CARTESIAN_POINT ( 'NONE',  ( -0.0001499809376360471168, 1.861978220022224795, -0.7095052611706569312 ) ) ;
#4118 = CARTESIAN_POINT ( 'NONE',  ( 0.1980258520200205430, 1.848826375439691416, 0.1018203842965388212 ) ) ;
#4119 = CARTESIAN_POINT ( 'NONE',  ( -0.1066267374607987178, 2.171019139527381459, 0.01355122789190142153 ) ) ;
#4120 = CARTESIAN_POINT ( 'NONE',  ( -0.8941008361538087534, 1.921271663787443851, 1.056289652665155954 ) ) ;
#4121 = CARTESIAN_POINT ( 'NONE',  ( 0.07799636539029373983, 2.171019139527381903, -0.07279763453106639914 ) ) ;
#4122 = ORIENTED_EDGE ( 'NONE', *, *, #1809, .T. ) ;
#4123 = CARTESIAN_POINT ( 'NONE',  ( -0.8670277719234289471, 1.283469125681862666, -0.4939829885950827726 ) ) ;
#4124 = CARTESIAN_POINT ( 'NONE',  ( -0.9175866078496814904, 1.919415172244245849, 1.032803880969283217 ) ) ;
#4125 = ADVANCED_FACE ( 'NONE', ( #2449 ), #1984, .T. ) ;
#4126 = CARTESIAN_POINT ( 'NONE',  ( -7.075310326636753229E-07, 1.797124093125409772, -0.009287321674313031919 ) ) ;
#4127 = CARTESIAN_POINT ( 'NONE',  ( -0.02709357543294191664, 1.814965130096564350, 1.379133832865509834 ) ) ;
#4128 = AXIS2_PLACEMENT_3D ( 'NONE', #2031, #1236, #2051 ) ;
#4129 = CARTESIAN_POINT ( 'NONE',  ( -0.06366833239432406755, 1.870764955127810936, 0.06366759946108480062 ) ) ;
#4130 =( NAMED_UNIT ( * ) SI_UNIT ( $, .STERADIAN. ) SOLID_ANGLE_UNIT ( ) );
#4131 = CARTESIAN_POINT ( 'NONE',  ( -0.0001499809305422073868, 1.116638417020443086, 0.006509137389169245350 ) ) ;
#4132 = CARTESIAN_POINT ( 'NONE',  ( 0.7238952946581427295, 1.839571487921845661, -0.4176267652822489573 ) ) ;
#4133 = CARTESIAN_POINT ( 'NONE',  ( -0.09747777854318884216, 0.4309069081374632404, 0.002551047939189019821 ) ) ;
#4134 = AXIS2_PLACEMENT_3D ( 'NONE', #1606, #3305, #2475 ) ;
#4135 = DIRECTION ( 'NONE',  ( -4.930380657631323784E-32, -1.000000000000000000, -2.220446049250310369E-16 ) ) ;
#4136 = CARTESIAN_POINT ( 'NONE',  ( 1.136523247399360725, 1.788845715291323746, 0.5748457515561352649 ) ) ;
#4137 = VERTEX_POINT ( 'NONE', #806 ) ;
#4138 = CARTESIAN_POINT ( 'NONE',  ( 0.1618160632983433045, 1.794889389857937223, 0.1529974121668953857 ) ) ;
#4139 = CARTESIAN_POINT ( 'NONE',  ( 0.05386760452072976435, 1.751860218209315923, -0.05386833745396903128 ) ) ;
#4140 = CARTESIAN_POINT ( 'NONE',  ( -1.047459105958580938, 1.710596686870354821, 0.9029313828603813263 ) ) ;
#4141 = EDGE_CURVE ( 'NONE', #5401, #1906, #867, .T. ) ;
#4142 = CARTESIAN_POINT ( 'NONE',  ( -0.5498720794191974681, 1.910031424489864404, 0.1144921116897017477 ) ) ;
#4143 = CARTESIAN_POINT ( 'NONE',  ( -0.1738467996450595576, 1.280324924689945076, -0.09303284827160836212 ) ) ;
#4144 = FACE_OUTER_BOUND ( 'NONE', #4775, .T. ) ;
#4145 = CARTESIAN_POINT ( 'NONE',  ( -0.5611014425353592072, 1.810721966159430707, -0.03054784247008145506 ) ) ;
#4146 = CARTESIAN_POINT ( 'NONE',  ( -0.04841166925715428837, 1.848849985279380936, 0.04841093632391502144 ) ) ;
#4147 =( LENGTH_UNIT ( ) NAMED_UNIT ( * ) SI_UNIT ( $, .METRE. ) );
#4148 = B_SPLINE_CURVE_WITH_KNOTS ( 'NONE', 3,
 ( #395, #5066, #361, #375, #1232, #2045, #1207, #2102, #2068, #432, #4220, #2944 ),
 .UNSPECIFIED., .F., .F.,
 ( 4, 2, 2, 2, 2, 4 ),
 ( 0.004654298867057007211, 0.005539820845563129051, 0.006425342824069251758, 0.007310864802575374466, 0.007753625791828439723, 0.008196386781081506714 ),
 .UNSPECIFIED. ) ;
#4149 = ORIENTED_EDGE ( 'NONE', *, *, #4852, .T. ) ;
#4150 = AXIS2_PLACEMENT_3D ( 'NONE', #3572, #635, #3134 ) ;
#4151 = ADVANCED_FACE ( 'NONE', ( #460 ), #4970, .T. ) ;
#4152 = CARTESIAN_POINT ( 'NONE',  ( 0.3834618719127206865, 1.061028180799971521, -0.2149692691142284506 ) ) ;
#4153 = CARTESIAN_POINT ( 'NONE',  ( -0.0001499809324085537112, 1.839571487886584311, -0.6393544049905469651 ) ) ;
#4154 = ADVANCED_BREP_SHAPE_REPRESENTATION ( '', ( #4820, #477 ), #2181 ) ;
#4155 = CARTESIAN_POINT ( 'NONE',  ( -0.8780197095289312692, 1.066695959405556504, -0.4749443941887273035 ) ) ;
#4156 = CARTESIAN_POINT ( 'NONE',  ( 0.08342750348606954580, 1.868094336185799120, -0.2062597333422796220 ) ) ;
#4157 = EDGE_CURVE ( 'NONE', #1597, #4173, #2775, .T. ) ;
#4158 = CARTESIAN_POINT ( 'NONE',  ( -0.5497243773011637469, 1.913453448141117619, 0.1151941529856922997 ) ) ;
#4159 = CARTESIAN_POINT ( 'NONE',  ( -0.1779502929692400037, 1.231102483338293974, -0.08592538934560772779 ) ) ;
#4160 = CARTESIAN_POINT ( 'NONE',  ( -7.075310326648127823E-07, 1.787308509606122309, 0.2224409194796831690 ) ) ;
#4161 = ORIENTED_EDGE ( 'NONE', *, *, #5321, .F. ) ;
#4162 = ORIENTED_EDGE ( 'NONE', *, *, #220, .F. ) ;
#4163 = CARTESIAN_POINT ( 'NONE',  ( -7.075310326597538780E-07, 1.824185956693643584, -0.04130843602087921201 ) ) ;
#4164 = CARTESIAN_POINT ( 'NONE',  ( 0.5610952297271767364, 1.812484271563131744, -0.02730905563465406069 ) ) ;
#4165 = ORIENTED_EDGE ( 'NONE', *, *, #2842, .T. ) ;
#4166 = ORIENTED_EDGE ( 'NONE', *, *, #1364, .T. ) ;
#4167 = FILL_AREA_STYLE_COLOUR ( '', #3589 ) ;
#4168 = CARTESIAN_POINT ( 'NONE',  ( 0.2225389313557090964, 1.840031841043717309, 0.005721257489285462398 ) ) ;
#4169 = VECTOR ( 'NONE', #3582, 39.37007874015748143 ) ;
#4170 = CARTESIAN_POINT ( 'NONE',  ( -0.0001499809305422073868, 1.005417944579500622, 0.006509137389169221063 ) ) ;
#4171 = LINE ( 'NONE', #2411, #4890 ) ;
#4172 = CARTESIAN_POINT ( 'NONE',  ( -0.2002254771391833443, 2.171019139527382347, -0.1001124102062818932 ) ) ;
#4173 = VERTEX_POINT ( 'NONE', #1734 ) ;
#4174 = CARTESIAN_POINT ( 'NONE',  ( -0.1112211799719775157, 2.171019139527382347, 0.1112204470387382349 ) ) ;
#4175 = DIRECTION ( 'NONE',  ( -0.0000000000000000000, -1.000000000000000000, -2.220446049250310369E-16 ) ) ;
#4176 = CYLINDRICAL_SURFACE ( 'NONE', #4301, 0.09751115400457018023 ) ;
#4177 = B_SPLINE_CURVE_WITH_KNOTS ( 'NONE', 3,
 ( #2363, #4962, #295, #1148, #2429, #3697, #3272, #4941, #713, #3285 ),
 .UNSPECIFIED., .F., .F.,
 ( 4, 2, 2, 2, 4 ),
 ( 0.004868771888405536673, 0.005803695837138543590, 0.006738619785871550506, 0.007673543734604557423, 0.008608467683337565207 ),
 .UNSPECIFIED. ) ;
#4178 = CARTESIAN_POINT ( 'NONE',  ( -0.9007553917541230026, 1.712158471848197250, -1.049635147869254714 ) ) ;
#4179 = FACE_OUTER_BOUND ( 'NONE', #870, .T. ) ;
#4180 = CARTESIAN_POINT ( 'NONE',  ( 0.04257540903082532302, 2.171019139527382791, 0.09776272460378543361 ) ) ;
#4181 = VERTEX_POINT ( 'NONE', #96 ) ;
#4182 = PRESENTATION_STYLE_ASSIGNMENT (( #640 ) ) ;
#4183 = CARTESIAN_POINT ( 'NONE',  ( -0.8756596049799462156, 1.146881722101589229, -0.4790322151787418381 ) ) ;
#4184 = CARTESIAN_POINT ( 'NONE',  ( 0.1112197649099121999, 1.926334100157303553, 0.5505413131804708371 ) ) ;
#4185 = ORIENTED_EDGE ( 'NONE', *, *, #2565, .F. ) ;
#4186 = LENGTH_MEASURE_WITH_UNIT ( LENGTH_MEASURE( 0.02539999999999999897 ), #895 );
#4187 = ADVANCED_FACE ( 'NONE', ( #4248 ), #1661, .T. ) ;
#4188 = CARTESIAN_POINT ( 'NONE',  ( -0.4692016238773321635, 1.923709587002751409, -0.3087418064778554294 ) ) ;
#4189 = ORIENTED_EDGE ( 'NONE', *, *, #2875, .F. ) ;
#4190 = SURFACE_STYLE_FILL_AREA ( #1630 ) ;
#4191 = PRESENTATION_STYLE_ASSIGNMENT (( #4400 ) ) ;
#4192 = EDGE_CURVE ( 'NONE', #1215, #4173, #2120, .T. ) ;
#4193 = CARTESIAN_POINT ( 'NONE',  ( 0.5556553981206188153, 1.863033024126959702, -0.08206817588481978010 ) ) ;
#4194 = ORIENTED_EDGE ( 'NONE', *, *, #1495, .F. ) ;
#4195 = EDGE_CURVE ( 'NONE', #4374, #3187, #2586, .T. ) ;
#4196 = AXIS2_PLACEMENT_3D ( 'NONE', #3706, #827, #3781 ) ;
#4197 = CARTESIAN_POINT ( 'NONE',  ( -0.3237583660184297218, 1.878073678326438234, 0.4589848319162879720 ) ) ;
#4198 = CARTESIAN_POINT ( 'NONE',  ( -0.02180442356093442377, 1.325268869469809374, 1.007493389357672964 ) ) ;
#4199 = ORIENTED_EDGE ( 'NONE', *, *, #5121, .F. ) ;
#4200 = B_SPLINE_CURVE_WITH_KNOTS ( 'NONE', 3,
 ( #1633, #3346, #1237, #2467, #1668, #2018 ),
 .UNSPECIFIED., .F., .F.,
 ( 4, 2, 4 ),
 ( 7.155734338404329264E-18, 0.002172747332403100751, 0.004345494664806194562 ),
 .UNSPECIFIED. ) ;
#4201 = CARTESIAN_POINT ( 'NONE',  ( 1.029062507865800224, 1.751860218209315923, -0.9213266166955124126 ) ) ;
#4202 = CARTESIAN_POINT ( 'NONE',  ( -0.2554284061219220803, 1.108368272230708662, -0.1482886214182073670 ) ) ;
#4203 = CARTESIAN_POINT ( 'NONE',  ( 0.7052102552870308516, 1.860690414755245881, -0.4066813226319836438 ) ) ;
#4204 = CARTESIAN_POINT ( 'NONE',  ( 0.1112197649099122138, 2.171019139527382347, -2.540220664862404654E-08 ) ) ;
#4205 = ADVANCED_FACE ( 'NONE', ( #136 ), #4896, .T. ) ;
#4206 = DIRECTION ( 'NONE',  ( 0.0000000000000000000, 0.0000000000000000000, -1.000000000000000000 ) ) ;
#4207 = CARTESIAN_POINT ( 'NONE',  ( -0.2184845797522613209, 1.998941422088291731, -2.540220662279808808E-08 ) ) ;
#4208 =( NAMED_UNIT ( * ) PLANE_ANGLE_UNIT ( ) SI_UNIT ( $, .RADIAN. ) );
#4209 = EDGE_LOOP ( 'NONE', ( #5284, #3901, #214, #897, #3021 ) ) ;
#4210 = CARTESIAN_POINT ( 'NONE',  ( -7.075310326508332447E-07, 1.905212127105338604, -0.1141509280027548090 ) ) ;
#4211 = CARTESIAN_POINT ( 'NONE',  ( 0.5587694513926804163, 1.839352583142788822, -0.05783285205645774529 ) ) ;
#4212 = ORIENTED_EDGE ( 'NONE', *, *, #1534, .F. ) ;
#4213 = CARTESIAN_POINT ( 'NONE',  ( -0.3463872773940279703, 1.848584231490361995, 0.4422381723710680501 ) ) ;
#4214 = CARTESIAN_POINT ( 'NONE',  ( -1.389870663509346131E-17, 0.2632087033490721484, -6.490140971714849609E-17 ) ) ;
#4215 = ORIENTED_EDGE ( 'NONE', *, *, #1534, .T. ) ;
#4216 = ADVANCED_FACE ( 'NONE', ( #4505 ), #997, .T. ) ;
#4217 = EDGE_CURVE ( 'NONE', #4374, #3003, #3829, .T. ) ;
#4218 = DIRECTION ( 'NONE',  ( 4.869933132958959044E-11, -1.000000000000000000, -1.327868774048510007E-24 ) ) ;
#4219 = CARTESIAN_POINT ( 'NONE',  ( -0.1246916416184740001, 2.163452667595270551, -0.1246909594896477430 ) ) ;
#4220 = CARTESIAN_POINT ( 'NONE',  ( -0.1029272757406884536, 1.926138292457463486, -0.1972856698830789124 ) ) ;
#4221 = CARTESIAN_POINT ( 'NONE',  ( 0.05360595864061859506, 1.920433779836447030, -0.2158851045362895626 ) ) ;
#4222 = EDGE_CURVE ( 'NONE', #5359, #4650, #2645, .T. ) ;
#4223 = CARTESIAN_POINT ( 'NONE',  ( 0.8562924655914160299, 1.089170550409900962, -0.5120575354132176349 ) ) ;
#4224 = CARTESIAN_POINT ( 'NONE',  ( -0.1704192709433961228, 2.124651801044000088, 0.1704185380101568559 ) ) ;
#4225 = CARTESIAN_POINT ( 'NONE',  ( 1.016872960372683599, 1.743193393742112018, -0.9335161641886288164 ) ) ;
#4226 = CARTESIAN_POINT ( 'NONE',  ( -0.0001499809305422073868, 1.650496684736978859, 0.5748457515623976999 ) ) ;
#4227 = CARTESIAN_POINT ( 'NONE',  ( 0.2220554070810909775, 1.948578194645492756, 0.2220560892099173456 ) ) ;
#4228 = EDGE_LOOP ( 'NONE', ( #3578, #619, #1258, #5232 ) ) ;
#4229 = CARTESIAN_POINT ( 'NONE',  ( -0.3106474710965991815, 1.926334100157303553, 0.4679362387028874193 ) ) ;
#4230 = DIRECTION ( 'NONE',  ( 0.0000000000000000000, -1.597817520535774606E-16, 1.000000000000000000 ) ) ;
#4231 = CARTESIAN_POINT ( 'NONE',  ( 0.9023238489412525043, 1.926191724384900716, -1.048065275620059911 ) ) ;
#4232 = CARTESIAN_POINT ( 'NONE',  ( -1.379134565798749046, 1.924745851044262768, 0.1125767730379180903 ) ) ;
#4233 = CARTESIAN_POINT ( 'NONE',  ( -0.0001499809334368731222, 1.860690414720895580, 0.006509137389169129123 ) ) ;
#4234 = DIRECTION ( 'NONE',  ( 0.0000000000000000000, 3.837883796408865703E-16, -1.000000000000000000 ) ) ;
#4235 = CARTESIAN_POINT ( 'NONE',  ( 0.1974879845635084119, 2.080766179256611448, -0.1974887174967474568 ) ) ;
#4236 = DIRECTION ( 'NONE',  ( 0.0000000000000000000, 1.918941898204432851E-16, -1.000000000000000000 ) ) ;
#4237 = CARTESIAN_POINT ( 'NONE',  ( -0.07543283819595968109, 1.856257078091447799, -0.2093400708933086662 ) ) ;
#4238 = CARTESIAN_POINT ( 'NONE',  ( -1.379134565798749046, 1.889608691730187973, 0.1053831147906866272 ) ) ;
#4239 = CARTESIAN_POINT ( 'NONE',  ( 0.04130770308763971610, 1.824185956693643584, 1.379133832865509834 ) ) ;
#4240 = CARTESIAN_POINT ( 'NONE',  ( 0.1374201713188107354, 2.155111100308018557, -0.1374209042520499746 ) ) ;
#4241 = CARTESIAN_POINT ( 'NONE',  ( 0.01906023783320990456, 1.767981565922491782, 0.01906091996203595693 ) ) ;
#4242 = VECTOR ( 'NONE', #4135, 39.37007874015748143 ) ;
#4243 = ORIENTED_EDGE ( 'NONE', *, *, #4028, .T. ) ;
#4244 = SURFACE_STYLE_FILL_AREA ( #294 ) ;
#4245 = ADVANCED_FACE ( 'NONE', ( #2518 ), #4083, .T. ) ;
#4246 = CARTESIAN_POINT ( 'NONE',  ( -0.3289824525869786132, 1.719916982635090186, -0.4557643270052833540 ) ) ;
#4247 = CARTESIAN_POINT ( 'NONE',  ( 0.5604937976290206292, 1.821303089801792563, -0.03761167290453341916 ) ) ;
#4248 = FACE_OUTER_BOUND ( 'NONE', #2578, .T. ) ;
#4249 = ORIENTED_EDGE ( 'NONE', *, *, #189, .T. ) ;
#4250 = CARTESIAN_POINT ( 'NONE',  ( -1.136823209276439206, 1.706106920902095592, -0.5618274767840584216 ) ) ;
#4251 = AXIS2_PLACEMENT_3D ( 'NONE', #2754, #625, #3602 ) ;
#4252 = ORIENTED_EDGE ( 'NONE', *, *, #114, .F. ) ;
#4253 = CIRCLE ( 'NONE', #668, 0.2224409448818897572 ) ;
#4254 = B_SPLINE_CURVE_WITH_KNOTS ( 'NONE', 3,
 ( #994, #2290, #3497, #4791, #962, #559, #2214, #540, #1018, #2247, #3960, #3146, #1446, #3927, #3905, #592 ),
 .UNSPECIFIED., .F., .F.,
 ( 4, 2, 2, 2, 2, 2, 2, 4 ),
 ( 2.168404344971008868E-19, 0.002049096695270378847, 0.004098193390540756827, 0.005122741738175945816, 0.006147290085811135674, 0.007171838433446324663, 0.007684112607263919592, 0.008196386781081513653 ),
 .UNSPECIFIED. ) ;
#4255 = DIRECTION ( 'NONE',  ( 0.0000000000000000000, 1.000000000000000000, 2.220446049250310369E-16 ) ) ;
#4256 = EDGE_CURVE ( 'NONE', #1607, #2804, #3396, .T. ) ;
#4257 = CARTESIAN_POINT ( 'NONE',  ( -1.389870663509346131E-17, 0.2084659632555735664, -7.705673981372304168E-17 ) ) ;
#4258 = ORIENTED_EDGE ( 'NONE', *, *, #3887, .T. ) ;
#4259 = FACE_BOUND ( 'NONE', #1471, .T. ) ;
#4260 = CARTESIAN_POINT ( 'NONE',  ( 0.2070759778460925793, 2.054691988635170663, 0.2070766599749188364 ) ) ;
#4261 = CARTESIAN_POINT ( 'NONE',  ( -0.2167733266185999930, 2.171019139527382347, 0.1083862841415771522 ) ) ;
#4262 = EDGE_LOOP ( 'NONE', ( #310, #3503, #3979, #5442, #1014, #1158, #440, #462, #3611 ) ) ;
#4263 = CARTESIAN_POINT ( 'NONE',  ( 0.1815552959468605121, 1.760194493157263285, -0.1289905298857134675 ) ) ;
#4264 = DIMENSIONAL_EXPONENTS ( 1.000000000000000000, 0.0000000000000000000, 0.0000000000000000000, 0.0000000000000000000, 0.0000000000000000000, 0.0000000000000000000, 0.0000000000000000000 ) ;
#4265 = CARTESIAN_POINT ( 'NONE',  ( 0.1141501950695155421, 1.905212127105338604, 1.379133832865509834 ) ) ;
#4266 = ORIENTED_EDGE ( 'NONE', *, *, #283, .T. ) ;
#4267 = CARTESIAN_POINT ( 'NONE',  ( 0.1246902265564084622, 2.163452667595270551, -0.1246909594896477430 ) ) ;
#4268 = CARTESIAN_POINT ( 'NONE',  ( -1.389870663509346131E-17, 0.4189173647663950173, -3.032714150933363580E-17 ) ) ;
#4269 = ADVANCED_BREP_SHAPE_REPRESENTATION ( '', ( #5003, #477 ), #1276 ) ;
#4270 = ORIENTED_EDGE ( 'NONE', *, *, #2377, .T. ) ;
#4271 = DIRECTION ( 'NONE',  ( 0.0000000000000000000, -1.918941898204432851E-16, 1.000000000000000000 ) ) ;
#4272 = CARTESIAN_POINT ( 'NONE',  ( -0.2184845797522613209, 1.998941422088291731, -2.540220662279808808E-08 ) ) ;
#4273 = CARTESIAN_POINT ( 'NONE',  ( -0.1028735804477498850, 1.887488235638601131, -0.5521670792282852291 ) ) ;
#4274 = CARTESIAN_POINT ( 'NONE',  ( -7.075310325831434537E-07, 1.789862635970363547, -0.2224409702840963177 ) ) ;
#4275 = CARTESIAN_POINT ( 'NONE',  ( -7.075310326164805529E-07, 2.163452667595270551, 0.1246909086852347331 ) ) ;
#4276 = CARTESIAN_POINT ( 'NONE',  ( -0.8478789790202918564, 1.265049474474133628, -0.5271496708069329795 ) ) ;
#4277 = CARTESIAN_POINT ( 'NONE',  ( -0.1149802944236422708, 1.911495348343727807, -0.1904197454124417765 ) ) ;
#4278 = CARTESIAN_POINT ( 'NONE',  ( 0.1141501950695155421, 1.905212127105338604, -2.540220660284770932E-08 ) ) ;
#4279 = CARTESIAN_POINT ( 'NONE',  ( -0.1852670621310868460, 2.104083014838995958, -0.1852663800022609775 ) ) ;
#4280 = CARTESIAN_POINT ( 'NONE',  ( 0.01545348923321547205, 1.870822151696355906, 0.01545417136204152789 ) ) ;
#4281 = ORIENTED_EDGE ( 'NONE', *, *, #2226, .T. ) ;
#4282 = CARTESIAN_POINT ( 'NONE',  ( 0.07579528935820613322, 1.752467889465903816, -0.5568340287505590958 ) ) ;
#4283 = EDGE_LOOP ( 'NONE', ( #2613, #4199 ) ) ;
#4284 = CARTESIAN_POINT ( 'NONE',  ( -1.389870663509346131E-17, 0.1194895853028176552, -9.681346450390296008E-17 ) ) ;
#4285 =( GEOMETRIC_REPRESENTATION_CONTEXT ( 3 ) GLOBAL_UNCERTAINTY_ASSIGNED_CONTEXT ( ( #2688 ) ) GLOBAL_UNIT_ASSIGNED_CONTEXT ( ( #3514, #2250, #503 ) ) REPRESENTATION_CONTEXT ( 'NONE', 'WORKASPACE' ) );
#4286 = CARTESIAN_POINT ( 'NONE',  ( 1.379133150736683966, 1.926334100157303553, -0.1112204978431512725 ) ) ;
#4287 = CARTESIAN_POINT ( 'NONE',  ( -0.2220568221431565847, 1.948578194645492534, -2.540220661494781320E-08 ) ) ;
#4288 = ORIENTED_EDGE ( 'NONE', *, *, #71, .F. ) ;
#4289 = DIRECTION ( 'NONE',  ( -0.0000000000000000000, -1.000000000000000000, -2.220446049250310123E-16 ) ) ;
#4290 = EDGE_CURVE ( 'NONE', #731, #2287, #4378, .T. ) ;
#4291 = CARTESIAN_POINT ( 'NONE',  ( -0.7241952565230703742, 1.841849692674009553, 0.006509137389169217594 ) ) ;
#4292 = CARTESIAN_POINT ( 'NONE',  ( -7.075310326447636183E-07, 2.104083014838995958, -0.1852663800022609497 ) ) ;
#4293 = CARTESIAN_POINT ( 'NONE',  ( -0.1684900226935662770, 1.132912519910993288, -0.1023110581164085736 ) ) ;
#4294 = CARTESIAN_POINT ( 'NONE',  ( 0.4939480783882048143, 1.089970204050211278, -0.2743353298651050043 ) ) ;
#4295 = VERTEX_POINT ( 'NONE', #4776 ) ;
#4296 = DIRECTION ( 'NONE',  ( 1.000000000000000000, 4.869931427294231357E-11, 0.0000000000000000000 ) ) ;
#4297 = CARTESIAN_POINT ( 'NONE',  ( 0.1531032467920162565, 2.142638581168790690, -0.1531039797252555512 ) ) ;
#4298 = CARTESIAN_POINT ( 'NONE',  ( -0.08071758483844554410, 1.905212127105338604, -0.08071690270961949520 ) ) ;
#4299 = EDGE_CURVE ( 'NONE', #5354, #3522, #261, .T. ) ;
#4300 = SURFACE_SIDE_STYLE ('',( #5428 ) ) ;
#4301 = AXIS2_PLACEMENT_3D ( 'NONE', #3012, #1747, #4700 ) ;
#4302 = ORIENTED_EDGE ( 'NONE', *, *, #2306, .T. ) ;
#4303 = CARTESIAN_POINT ( 'NONE',  ( -7.075310326714011104E-07, 1.781347149670130747, 0.05379913308609896028 ) ) ;
#4304 = CARTESIAN_POINT ( 'NONE',  ( -0.2215885539858329922, 1.960695240334310308, 0.2215878210525937531 ) ) ;
#4305 = VECTOR ( 'NONE', #24, 39.37007874015748143 ) ;
#4306 = EDGE_LOOP ( 'NONE', ( #3460, #4432, #1357, #929 ) ) ;
#4307 = CARTESIAN_POINT ( 'NONE',  ( -3.002242989136698066E-18, 0.2084659632555735942, -0.08897637795275599448 ) ) ;
#4308 = ORIENTED_EDGE ( 'NONE', *, *, #1914, .T. ) ;
#4309 = CARTESIAN_POINT ( 'NONE',  ( -1.379134565798749046, 1.926191724384900716, 0.1030542074401167713 ) ) ;
#4310 = CARTESIAN_POINT ( 'NONE',  ( -7.075310326648127823E-07, 2.171019139527382347, -2.540220658365646729E-08 ) ) ;
#4311 = CARTESIAN_POINT ( 'NONE',  ( -0.1543767462259876544, 1.265049474474131852, -0.1267559700195207695 ) ) ;
#4312 = FACE_OUTER_BOUND ( 'NONE', #3613, .T. ) ;
#4313 = CARTESIAN_POINT ( 'NONE',  ( -0.1112211799719775296, 1.926334100157303553, -0.1926395345117372371 ) ) ;
#4314 = PRESENTATION_STYLE_ASSIGNMENT (( #3037 ) ) ;
#4315 = CARTESIAN_POINT ( 'NONE',  ( -0.05894338163282483722, 1.743193393742112018, 1.379133832865509834 ) ) ;
#4316 = EDGE_LOOP ( 'NONE', ( #1833, #4215, #1374, #3200, #966, #1722, #3455 ) ) ;
#4317 = CARTESIAN_POINT ( 'NONE',  ( -0.2215885539858330200, 1.960695240334310308, -2.540220661737535669E-08 ) ) ;
#4318 = DIRECTION ( 'NONE',  ( 1.000000000000000000, 0.0000000000000000000, 0.0000000000000000000 ) ) ;
#4319 = CIRCLE ( 'NONE', #2955, 0.09751115400457018023 ) ;
#4320 = AXIS2_PLACEMENT_3D ( 'NONE', #4395, #5158, #574 ) ;
#4321 = CARTESIAN_POINT ( 'NONE',  ( 1.023605157540157240, 1.848849985279380936, 0.9267839162167420541 ) ) ;
#4322 = LINE ( 'NONE', #127, #5434 ) ;
#4323 = ORIENTED_EDGE ( 'NONE', *, *, #2786, .F. ) ;
#4324 = CARTESIAN_POINT ( 'NONE',  ( 1.379133150736683966, 1.892061177074431333, -0.04370534644075165648 ) ) ;
#4325 = LINE ( 'NONE', #5088, #4044 ) ;
#4326 = CARTESIAN_POINT ( 'NONE',  ( 0.2215871389237676348, 1.960695240334310308, -2.540220654993758120E-08 ) ) ;
#4327 = VERTEX_POINT ( 'NONE', #3936 ) ;
#4328 = MECHANICAL_DESIGN_GEOMETRIC_PRESENTATION_REPRESENTATION (  '', ( #169 ), #3480 ) ;
#4329 = VECTOR ( 'NONE', #3296, 39.37007874015748143 ) ;
#4330 = CYLINDRICAL_SURFACE ( 'NONE', #3372, 0.5616633858267716661 ) ;
#4331 = ORIENTED_EDGE ( 'NONE', *, *, #1810, .F. ) ;
#4332 = CARTESIAN_POINT ( 'NONE',  ( -0.1139075549984622238, 1.907787634015760458, -0.5499938140633511274 ) ) ;
#4333 = EDGE_CURVE ( 'NONE', #1143, #5436, #3843, .T. ) ;
#4334 = CARTESIAN_POINT ( 'NONE',  ( -0.05757266047706575268, 1.926334100157303553, 0.2148614280833539003 ) ) ;
#4335 = ORIENTED_EDGE ( 'NONE', *, *, #4496, .T. ) ;
#4336 = CARTESIAN_POINT ( 'NONE',  ( -0.1563800246679659944, 1.251599516238216303, -0.1232861899763068175 ) ) ;
#4337 = CARTESIAN_POINT ( 'NONE',  ( 0.1112197649099121999, 1.926334100157303553, 0.5505413131804708371 ) ) ;
#4338 = CARTESIAN_POINT ( 'NONE',  ( -7.075310326386317350E-07, 1.926334100157303553, -0.2224409702840963732 ) ) ;
#4339 = CARTESIAN_POINT ( 'NONE',  ( -0.2142073067522385077, 2.026044938440203502, -0.2142066246234126392 ) ) ;
#4340 =( NAMED_UNIT ( * ) SI_UNIT ( $, .STERADIAN. ) SOLID_ANGLE_UNIT ( ) );
#4341 = CARTESIAN_POINT ( 'NONE',  ( -0.07226420261351290675, 1.710596686870354821, 0.07226346968027362594 ) ) ;
#4342 = CARTESIAN_POINT ( 'NONE',  ( 0.4585786286190258187, 1.062839266208811306, -0.07854107365036944177 ) ) ;
#4343 = AXIS2_PLACEMENT_3D ( 'NONE', #4774, #2616, #514 ) ;
#4344 = CARTESIAN_POINT ( 'NONE',  ( 0.2142058916901733723, 2.026044938440203946, -2.540220654353364816E-08 ) ) ;
#4345 = ORIENTED_EDGE ( 'NONE', *, *, #967, .F. ) ;
#4346 = CARTESIAN_POINT ( 'NONE',  ( 0.2048395843914050940, 1.868094336185800008, -0.08685500981973387491 ) ) ;
#4347 = CARTESIAN_POINT ( 'NONE',  ( -0.008017845405911874432, 1.151840257662300582, 0.2289500822710456018 ) ) ;
#4348 = CARTESIAN_POINT ( 'NONE',  ( -0.05030139537066594807, 0.2632087033490722039, -0.08353558989476861374 ) ) ;
#4349 = CARTESIAN_POINT ( 'NONE',  ( -0.06811907086488520890, 1.736191466982980547, 0.5579312896583464854 ) ) ;
#4350 = ORIENTED_EDGE ( 'NONE', *, *, #722, .F. ) ;
#4351 = CARTESIAN_POINT ( 'NONE',  ( -0.2225403464177743984, 1.840031841043715310, -0.005721308293700763832 ) ) ;
#4352 = CARTESIAN_POINT ( 'NONE',  ( 0.04051040462727392016, 1.042776876778427786, 0.2707657061772400509 ) ) ;
#4353 = CARTESIAN_POINT ( 'NONE',  ( 0.2070759778460928291, 2.054691988635170663, -0.2070767107793319017 ) ) ;
#4354 = B_SPLINE_CURVE_WITH_KNOTS ( 'NONE', 3,
 ( #3795, #2100, #2118, #5103, #2628, #2667, #2601, #4734, #3899, #3083 ),
 .UNSPECIFIED., .F., .F.,
 ( 4, 3, 3, 4 ),
 ( 0.0000000000000000000, 0.0003671329573417142522, 0.0007342655924583207970, 0.001414540325161315563 ),
 .UNSPECIFIED. ) ;
#4355 = CARTESIAN_POINT ( 'NONE',  ( -7.075310326648127823E-07, 2.148775045039192921, -2.540220658365646729E-08 ) ) ;
#4356 = B_SPLINE_CURVE_WITH_KNOTS ( 'NONE', 3,
 ( #1841, #4793, #522, #2278 ),
 .UNSPECIFIED., .F., .F.,
 ( 4, 4 ),
 ( 1.563658610346375379E-18, 9.006750223487787574E-05 ),
 .UNSPECIFIED. ) ;
#4357 = CARTESIAN_POINT ( 'NONE',  ( -0.5608342970455357790, 1.880755141492140403, 0.03210652115236499460 ) ) ;
#4358 =( LENGTH_UNIT ( ) NAMED_UNIT ( * ) SI_UNIT ( $, .METRE. ) );
#4359 = EDGE_CURVE ( 'NONE', #1727, #3111, #5004, .T. ) ;
#4360 = CARTESIAN_POINT ( 'NONE',  ( 0.2067470968935452569, 1.863196533952796052, -0.08222413601028344399 ) ) ;
#4361 = ORIENTED_EDGE ( 'NONE', *, *, #3429, .F. ) ;
#4362 = CARTESIAN_POINT ( 'NONE',  ( -7.075310326375715674E-07, 1.926334100157303553, -0.2224409702840963454 ) ) ;
#4363 = DIRECTION ( 'NONE',  ( 0.0000000000000000000, 1.000000000000000000, 2.220446049250310123E-16 ) ) ;
#4364 = DIRECTION ( 'NONE',  ( 0.0000000000000000000, 0.0000000000000000000, -1.000000000000000000 ) ) ;
#4365 = CARTESIAN_POINT ( 'NONE',  ( -7.075310326374885582E-07, 1.930860030043399789, -0.2224376751514937356 ) ) ;
#4366 = DIRECTION ( 'NONE',  ( 0.0000000000000000000, 0.0000000000000000000, -1.000000000000000000 ) ) ;
#4367 =( LENGTH_UNIT ( ) NAMED_UNIT ( * ) SI_UNIT ( $, .METRE. ) );
#4368 = EDGE_CURVE ( 'NONE', #2356, #5359, #772, .T. ) ;
#4369 = EDGE_CURVE ( 'NONE', #153, #5065, #2987, .T. ) ;
#4370 = CARTESIAN_POINT ( 'NONE',  ( 1.055911073121448718, 1.905212127105338604, 0.8944780006354506874 ) ) ;
#4371 = PRESENTATION_LAYER_ASSIGNMENT (  '', '', ( #4075 ) ) ;
#4372 = CARTESIAN_POINT ( 'NONE',  ( -0.09009241083151545149, 1.745962934435865588, -0.2040707566846783894 ) ) ;
#4373 = CIRCLE ( 'NONE', #88, 0.5683366141732283383 ) ;
#4374 = VERTEX_POINT ( 'NONE', #4348 ) ;
#4375 = CARTESIAN_POINT ( 'NONE',  ( 0.2439070480318289991, 1.091705001674053044, -0.3141941291487819754 ) ) ;
#4376 = LINE ( 'NONE', #2830, #4441 ) ;
#4377 = CARTESIAN_POINT ( 'NONE',  ( 0.5530999101184260747, 1.925149903294516074, -0.09790928824882523529 ) ) ;
#4378 = LINE ( 'NONE', #2724, #5357 ) ;
#4379 = DIRECTION ( 'NONE',  ( -1.000000000000000000, -4.869933132958959690E-11, 1.224646799147353207E-16 ) ) ;
#4380 = SHAPE_DEFINITION_REPRESENTATION ( #1545, #3124 ) ;
#4381 = CARTESIAN_POINT ( 'NONE',  ( -1.379134565798749046, 1.926437203932589215, 0.1085574357095471926 ) ) ;
#4382 = VERTEX_POINT ( 'NONE', #607 ) ;
#4383 = CARTESIAN_POINT ( 'NONE',  ( 1.410570491505505508, 1.860690414789597513, 0.7118693736110244252 ) ) ;
#4384 = CARTESIAN_POINT ( 'NONE',  ( -0.2205623791026377345, 2.171019139527382347, -0.1102808611880090328 ) ) ;
#4385 = ORIENTED_EDGE ( 'NONE', *, *, #664, .F. ) ;
#4386 = CARTESIAN_POINT ( 'NONE',  ( 0.3322485239610842855, 1.920616772260016036, -0.4528984303102811526 ) ) ;
#4387 = LINE ( 'NONE', #3880, #2992 ) ;
#4388 = CARTESIAN_POINT ( 'NONE',  ( 0.2223200239450914550, 1.939796410036157992, 0.2223207060739176566 ) ) ;
#4389 = DIRECTION ( 'NONE',  ( 0.0000000000000000000, 0.0000000000000000000, -1.000000000000000000 ) ) ;
#4390 = SURFACE_SIDE_STYLE ('',( #583 ) ) ;
#4391 = ORIENTED_EDGE ( 'NONE', *, *, #4217, .T. ) ;
#4392 = VECTOR ( 'NONE', #4883, 39.37007874015748854 ) ;
#4393 = ORIENTED_EDGE ( 'NONE', *, *, #4256, .T. ) ;
#4394 = PRODUCT_DEFINITION_FORMATION_WITH_SPECIFIED_SOURCE ( 'ANY', '', #4730, .NOT_KNOWN. ) ;
#4395 = CARTESIAN_POINT ( 'NONE',  ( 0.05094816159320329080, 0.4309069081374632404, 0.08314270855328111109 ) ) ;
#4396 = DIRECTION ( 'NONE',  ( 0.0000000000000000000, 0.0000000000000000000, -1.000000000000000000 ) ) ;
#4397 = EDGE_LOOP ( 'NONE', ( #656, #1449, #3845, #3328 ) ) ;
#4398 = CARTESIAN_POINT ( 'NONE',  ( 0.02695553991473198865, 1.767981565922491782, -1.379133883669923177 ) ) ;
#4399 = CARTESIAN_POINT ( 'NONE',  ( 0.8678459004677845368, 1.078342358169573023, -0.4920463992054093794 ) ) ;
#4400 = SURFACE_STYLE_USAGE ( .BOTH. , #3113 ) ;
#4401 = EDGE_CURVE ( 'NONE', #859, #1498, #5362, .T. ) ;
#4402 = ORIENTED_EDGE ( 'NONE', *, *, #1944, .F. ) ;
#4403 = CARTESIAN_POINT ( 'NONE',  ( 0.2116593314064411646, 1.735367123164419434, 0.06934357106003888327 ) ) ;
#4404 = CARTESIAN_POINT ( 'NONE',  ( -0.1716506478671228630, 1.089584325283621702, -0.09683669473212698497 ) ) ;
#4405 = CARTESIAN_POINT ( 'NONE',  ( -0.08313501392196098738, 1.919447856905898808, -0.5555002743955111955 ) ) ;
#4406 = CARTESIAN_POINT ( 'NONE',  ( -0.2208332271515054401, 1.809015648123439624, -0.03193076628451775589 ) ) ;
#4407 = CARTESIAN_POINT ( 'NONE',  ( 0.02477436364314668932, 1.079860880498075604, 0.2727929463412971933 ) ) ;
#4408 = CARTESIAN_POINT ( 'NONE',  ( -0.7614683782089236574, -0.7895938988108849310, 0.2379690698119127090 ) ) ;
#4409 = CARTESIAN_POINT ( 'NONE',  ( -7.075310326517546047E-07, 2.171019139527382347, -0.1066275546405183738 ) ) ;
#4410 = CARTESIAN_POINT ( 'NONE',  ( 0.02709216037087636142, 1.814965130096564350, -2.540220660486055408E-08 ) ) ;
#4411 = DIRECTION ( 'NONE',  ( -0.8660254037844458130, -2.794832266851520919E-15, 0.4999999999999873435 ) ) ;
#4412 = CARTESIAN_POINT ( 'NONE',  ( 0.02695553991473176661, 1.767981565922491782, -2.540220660488565074E-08 ) ) ;
#4413 = CARTESIAN_POINT ( 'NONE',  ( 0.2720459193043438528, 1.116519423177950499, 0.02915363628512884428 ) ) ;
#4414 = VERTEX_POINT ( 'NONE', #217 ) ;
#4415 = CARTESIAN_POINT ( 'NONE',  ( -0.4884846932645149908, 1.116638417020444196, -0.2842411261353633978 ) ) ;
#4416 = CARTESIAN_POINT ( 'NONE',  ( -7.075310325610300704E-07, 2.170545325477225340, 0.1121151304013601191 ) ) ;
#4417 = CARTESIAN_POINT ( 'NONE',  ( -7.075310326648127823E-07, 1.787308509606122309, -2.540220658365646729E-08 ) ) ;
#4418 = CARTESIAN_POINT ( 'NONE',  ( 0.1924895281789831547, 1.283469125681860890, -0.1047113350517846764 ) ) ;
#4419 = AXIS2_PLACEMENT_3D ( 'NONE', #4936, #1117, #2385 ) ;
#4420 = APPLICATION_PROTOCOL_DEFINITION ( 'draft international standard', 'automotive_design', 1998, #2291 ) ;
#4421 = ORIENTED_EDGE ( 'NONE', *, *, #811, .F. ) ;
#4422 = CARTESIAN_POINT ( 'NONE',  ( 0.1052736599372953719, 1.712158471848197250, -1.379133883669923177 ) ) ;
#4423 = CARTESIAN_POINT ( 'NONE',  ( -0.1597375037203317139, 1.850334931845769137, -0.1550814633429560552 ) ) ;
#4424 = PRESENTATION_LAYER_ASSIGNMENT (  '', '', ( #5095 ) ) ;
#4425 = PLANE ( 'NONE',  #3860 ) ;
#4426 = CARTESIAN_POINT ( 'NONE',  ( 0.8701525484597321114, 1.111364361228264652, -0.4880511676881754690 ) ) ;
#4427 = EDGE_CURVE ( 'NONE', #4181, #2598, #3954, .T. ) ;
#4428 = CARTESIAN_POINT ( 'NONE',  ( -0.0001499809331528280637, 1.854859608376341562, 0.7305544129797205688 ) ) ;
#4429 = CARTESIAN_POINT ( 'NONE',  ( -0.8632128928222886355, 1.116638417020445306, -0.5005905530229945999 ) ) ;
#4430 = LINE ( 'NONE', #2342, #454 ) ;
#4431 = CARTESIAN_POINT ( 'NONE',  ( -0.7241952565229594629, 1.839571487851324516, 0.006509137389169217594 ) ) ;
#4432 = ORIENTED_EDGE ( 'NONE', *, *, #5102, .F. ) ;
#4433 = CARTESIAN_POINT ( 'NONE',  ( 0.8709545537088347888, 1.122204154520125119, -0.4866620538487947401 ) ) ;
#4434 = FACE_OUTER_BOUND ( 'NONE', #2639, .T. ) ;
#4435 = CARTESIAN_POINT ( 'NONE',  ( -0.4998870176426861711, 1.172544407133876199, -0.2641905009236123480 ) ) ;
#4436 = ORIENTED_EDGE ( 'NONE', *, *, #4195, .F. ) ;
#4437 = DIRECTION ( 'NONE',  ( 1.000000000000000000, 0.0000000000000000000, 0.0000000000000000000 ) ) ;
#4438 = CARTESIAN_POINT ( 'NONE',  ( -0.05360737370268403579, 1.920433779836447252, 0.2158850537318763585 ) ) ;
#4439 = VECTOR ( 'NONE', #3068, 39.37007874015748143 ) ;
#4440 = CARTESIAN_POINT ( 'NONE',  ( 0.09349735165549311056, 1.728393678196920025, -2.540220659266211497E-08 ) ) ;
#4441 = VECTOR ( 'NONE', #750, 39.37007874015748143 ) ;
#4442 = AXIS2_PLACEMENT_3D ( 'NONE', #5254, #1921, #186 ) ;
#4443 = EDGE_LOOP ( 'NONE', ( #4601, #2841, #1177, #526 ) ) ;
#4444 = CARTESIAN_POINT ( 'NONE',  ( -0.1141516101315808718, 1.905212127105338604, -2.540220663080660924E-08 ) ) ;
#4445 = CARTESIAN_POINT ( 'NONE',  ( -7.075310326648127823E-07, 1.648282919054943507, -2.540220658365646729E-08 ) ) ;
#4446 = CYLINDRICAL_SURFACE ( 'NONE', #5147, 0.2224409448818897572 ) ;
#4447 = CARTESIAN_POINT ( 'NONE',  ( 0.01579728619051079183, 1.863969252940381960, 0.2220329772910021038 ) ) ;
#4448 = EDGE_CURVE ( 'NONE', #1128, #2263, #5426, .T. ) ;
#4449 = ORIENTED_EDGE ( 'NONE', *, *, #140, .T. ) ;
#4450 = VERTEX_POINT ( 'NONE', #2815 ) ;
#4451 = DIRECTION ( 'NONE',  ( -0.0000000000000000000, 1.000000000000000000, 2.220446049250310369E-16 ) ) ;
#4452 = VECTOR ( 'NONE', #555, 39.37007874015748143 ) ;
#4453 = EDGE_LOOP ( 'NONE', ( #5108, #882, #2699, #5115, #1641 ) ) ;
#4454 = CARTESIAN_POINT ( 'NONE',  ( 0.1550807304097213957, 1.850334931845762032, -0.1597368215915009326 ) ) ;
#4455 = FACE_OUTER_BOUND ( 'NONE', #1335, .T. ) ;
#4456 = CARTESIAN_POINT ( 'NONE',  ( 0.006821797607340030802, 1.278628206250154165, 0.2289500822710589800 ) ) ;
#4457 = CARTESIAN_POINT ( 'NONE',  ( -0.4970188027901579209, 1.228245571610123710, -0.2694197917000856202 ) ) ;
#4458 = CARTESIAN_POINT ( 'NONE',  ( -0.1607056627936018223, 1.786063840511598499, 0.1541835842518315125 ) ) ;
#4459 = VERTEX_POINT ( 'NONE', #1046 ) ;
#4460 = CARTESIAN_POINT ( 'NONE',  ( -1.448240532113510115, 1.839571487816063611, 0.7305544129797203468 ) ) ;
#4461 = CARTESIAN_POINT ( 'NONE',  ( -0.05213323298343536943, 1.245054504512774551, 0.5724770068344749996 ) ) ;
#4462 = CARTESIAN_POINT ( 'NONE',  ( -0.1927894900400780598, 1.116638417020445306, -0.1047113350517668434 ) ) ;
#4463 = CARTESIAN_POINT ( 'NONE',  ( -0.5023524649811541565, 1.092589152902282645, -0.2595721230297374227 ) ) ;
#4464 = CARTESIAN_POINT ( 'NONE',  ( -0.3802591402416364286, 1.070558670753934516, -0.1877669758364428343 ) ) ;
#4465 = CARTESIAN_POINT ( 'NONE',  ( 0.02185482712854936935, 1.870822151696355906, 1.379133832865509834 ) ) ;
#4466 = DIRECTION ( 'NONE',  ( 0.0000000000000000000, 0.0000000000000000000, 1.000000000000000000 ) ) ;
#4467 = CARTESIAN_POINT ( 'NONE',  ( 0.2205609640405718219, 2.171019139527382791, -0.1102808611880089495 ) ) ;
#4468 = EDGE_CURVE ( 'NONE', #4414, #4900, #1640, .T. ) ;
#4469 = EDGE_LOOP ( 'NONE', ( #5264, #3181, #2360, #2082 ) ) ;
#4470 = EDGE_CURVE ( 'NONE', #859, #944, #2061, .T. ) ;
#4471 = AXIS2_PLACEMENT_3D ( 'NONE', #921, #3853, #3868 ) ;
#4472 = CARTESIAN_POINT ( 'NONE',  ( -0.05576021715101461829, 1.339079361902335119, 0.2218866561497195578 ) ) ;
#4473 = CARTESIAN_POINT ( 'NONE',  ( -0.2062604154711060456, 1.868094336185799564, -0.08342823641930828538 ) ) ;
#4474 = VERTEX_POINT ( 'NONE', #4924 ) ;
#4475 = CARTESIAN_POINT ( 'NONE',  ( -0.06877525747486869234, 1.325757210818423903, 0.5706939067307723601 ) ) ;
#4476 = CARTESIAN_POINT ( 'NONE',  ( -0.03608777307963772357, 2.171019139527382347, 0.1003400136174039392 ) ) ;
#4477 = CARTESIAN_POINT ( 'NONE',  ( -7.075310326648127823E-07, 1.824185956693643584, 0.04130838521646600092 ) ) ;
#4478 = CARTESIAN_POINT ( 'NONE',  ( 0.3939996197734687566, 1.841424366017939462, 0.4003808711266392262 ) ) ;
#4479 = CARTESIAN_POINT ( 'NONE',  ( -0.5500892642526470366, 1.923709587002751409, 0.1134617172509993499 ) ) ;
#4480 = CARTESIAN_POINT ( 'NONE',  ( 0.3106460560345337130, 1.703893155275413740, 0.4679362387028873638 ) ) ;
#4481 = CARTESIAN_POINT ( 'NONE',  ( -0.4326724433465423680, 1.077909019366944277, -0.06341094754836382186 ) ) ;
#4482 = CARTESIAN_POINT ( 'NONE',  ( -0.0001499809334997637871, 1.861978220022223907, -0.7095052611706568202 ) ) ;
#4483 = CARTESIAN_POINT ( 'NONE',  ( 0.2220554070810912273, 1.948578194645492534, -2.540220655236512138E-08 ) ) ;
#4484 = CARTESIAN_POINT ( 'NONE',  ( 0.2167719115565342469, 2.171019139527382347, -0.1083863349459901759 ) ) ;
#4485 = CARTESIAN_POINT ( 'NONE',  ( -0.1081362503592011998, 1.926334100157303553, -0.1943879837154859624 ) ) ;
#4486 = ORIENTED_EDGE ( 'NONE', *, *, #3999, .T. ) ;
#4487 = CARTESIAN_POINT ( 'NONE',  ( -0.2220568221431563072, 1.948578194645492756, -0.2220561400143302999 ) ) ;
#4488 = PRODUCT_DEFINITION ( 'UNKNOWN', '', #409, #3138 ) ;
#4489 = DIRECTION ( 'NONE',  ( -0.0000000000000000000, -1.000000000000000000, -0.0000000000000000000 ) ) ;
#4490 = CARTESIAN_POINT ( 'NONE',  ( -0.1006336290796118055, 1.735367123164420988, -0.1986996015314202724 ) ) ;
#4491 = CARTESIAN_POINT ( 'NONE',  ( 0.1028785944853060075, 1.887499978120659394, 0.1972366278252782879 ) ) ;
#4492 = EDGE_CURVE ( 'NONE', #95, #802, #2488, .T. ) ;
#4493 = CARTESIAN_POINT ( 'NONE',  ( 0.1066253223987333743, 2.171019139527382347, -0.01355127869633769404 ) ) ;
#4494 = UNCERTAINTY_MEASURE_WITH_UNIT (LENGTH_MEASURE( 1.000000000000000082E-05 ), #980, 'distance_accuracy_value', 'NONE');
#4495 = CARTESIAN_POINT ( 'NONE',  ( -0.4588785904801214177, 1.062839266208811306, -0.07854107365035899180 ) ) ;
#4496 = EDGE_CURVE ( 'NONE', #4068, #2598, #1533, .T. ) ;
#4497 = B_SPLINE_CURVE_WITH_KNOTS ( 'NONE', 3,
 ( #2350, #5305, #4914, #1131, #1172, #4476, #1504, #1155, #2762, #4079, #5336, #1569, #269, #237, #4516, #4891, #3210, #648, #2366, #1972, #4933, #3622, #2403, #4992, #2457, #4119, #1587, #2011, #320, #1186, #2865, #3290, #741, #5195, #3942, #4781, #3930, #2234, #2276, #3552, #1416, #1448, #2659, #543, #3107, #2253, #2676, #998, #1431, #166, #3128, #4409 ),
 .UNSPECIFIED., .F., .F.,
 ( 4, 1, 1, 1, 2, 2, 2, 2, 2, 2, 2, 1, 1, 2, 2, 2, 1, 1, 1, 2, 2, 2, 2, 2, 2, 2, 1, 1, 2, 2, 4 ),
 ( 0.0000000000000000000, 0.03124999999999986122, 0.04687499999999977796, 0.05468749999999972244, 0.05859374999999970857, 0.06249999999999968775, 0.07812499999999961142, 0.09374999999999952816, 0.1249999999999993755, 0.1406249999999993061, 0.1562499999999992228, 0.1718749999999991673, 0.1796874999999990841, 0.1835937499999990563, 0.1874999999999990008, 0.2499999999999992784, 0.2812499999999993894, 0.2968749999999995004, 0.3046874999999996114, 0.3085937499999996114, 0.3124999999999996669, 0.3281249999999997780, 0.3437499999999998335, 0.3749999999999999445, 0.3906250000000000000, 0.4062500000000000000, 0.4218750000000000555, 0.4296875000000001110, 0.4335937500000000555, 0.4375000000000000555, 0.5000000000000000000 ),
 .UNSPECIFIED. ) ;
#4498 = CYLINDRICAL_SURFACE ( 'NONE', #1956, 0.5616633858267716661 ) ;
#4499 = CARTESIAN_POINT ( 'NONE',  ( 0.9007539766920578117, 1.712158471848197250, 1.049635097064841593 ) ) ;
#4500 = CIRCLE ( 'NONE', #3104, 0.2137171453055093928 ) ;
#4501 = CARTESIAN_POINT ( 'NONE',  ( 0.09170327858546384325, 1.917075766121173253, -0.2027445582651537515 ) ) ;
#4502 = B_SPLINE_CURVE_WITH_KNOTS ( 'NONE', 3,
 ( #2813, #4905, #4088, #5333 ),
 .UNSPECIFIED., .F., .F.,
 ( 4, 4 ),
 ( 2.135630605041629102E-18, 9.006750223469232809E-05 ),
 .UNSPECIFIED. ) ;
#4503 = CARTESIAN_POINT ( 'NONE',  ( -0.1149351593314146130, 1.116638417020445306, -0.2395589914284367572 ) ) ;
#4504 = CARTESIAN_POINT ( 'NONE',  ( -1.389870663509346131E-17, 0.4309069081374632959, -2.766492808827325183E-17 ) ) ;
#4505 = FACE_OUTER_BOUND ( 'NONE', #4003, .T. ) ;
#4506 = DIRECTION ( 'NONE',  ( 0.0000000000000000000, 0.0000000000000000000, 1.000000000000000000 ) ) ;
#4507 = CIRCLE ( 'NONE', #5063, 0.09550548199421689255 ) ;
#4508 = SHAPE_DEFINITION_REPRESENTATION ( #2421, #3162 ) ;
#4509 = CARTESIAN_POINT ( 'NONE',  ( -7.075306182978616788E-07, 1.846439661106183294, 0.2224409194796831968 ) ) ;
#4510 = ORIENTED_EDGE ( 'NONE', *, *, #4468, .T. ) ;
#4511 = B_SPLINE_SURFACE_WITH_KNOTS ( 'NONE', 5, 1, ( 
 ( #5306, #3657 ),
 ( #2866, #4140 ),
 ( #2404, #3259 ),
 ( #2417, #2436 ),
 ( #1610, #5353 ),
 ( #5391, #1173 ),
 ( #1187, #721 ),
 ( #3685, #301 ),
 ( #3672, #700 ),
 ( #3707, #3292 ),
 ( #1993, #743 ),
 ( #1156, #5375 ),
 ( #2028, #4120 ),
 ( #2012, #4994 ),
 ( #322, #1588 ) ),
 .UNSPECIFIED., .F., .F., .F.,
 ( 6, 1, 1, 1, 1, 1, 1, 1, 1, 1, 6 ),
 ( 2, 2 ),
 ( -1.000000000000000000, -0.9000000000000000222, -0.8000000000000000444, -0.6999999999999999556, -0.5999999999999999778, -0.5000000000000000000, -0.4000000000000000222, -0.2999999999999999889, -0.2000000000000000111, -0.1000000000000000056, 0.0000000000000000000 ),
 ( 0.0000000000000000000, 6.200000000000000178 ),
 .UNSPECIFIED. ) ;
#4512 = CARTESIAN_POINT ( 'NONE',  ( -7.075310330356057960E-07, 1.789862635970363325, 0.2224409194796831968 ) ) ;
#4513 = ORIENTED_EDGE ( 'NONE', *, *, #5422, .T. ) ;
#4514 = CARTESIAN_POINT ( 'NONE',  ( 0.2111980565651413733, 1.883278821073176790, 0.06995494982569895603 ) ) ;
#4515 = VECTOR ( 'NONE', #3807, 39.37007874015748143 ) ;
#4516 = CARTESIAN_POINT ( 'NONE',  ( -0.07799778045236749335, 2.171019139527381903, 0.07279758372663887311 ) ) ;
#4517 = DIRECTION ( 'NONE',  ( -0.0000000000000000000, 1.000000000000000000, 2.220446049250309876E-16 ) ) ;
#4518 = ORIENTED_EDGE ( 'NONE', *, *, #3453, .T. ) ;
#4519 = CARTESIAN_POINT ( 'NONE',  ( 0.1926388015784980257, 1.703893155275413962, 0.1112204470387383043 ) ) ;
#4520 = ORIENTED_EDGE ( 'NONE', *, *, #3129, .F. ) ;
#4521 = CARTESIAN_POINT ( 'NONE',  ( 0.1029258606786180169, 1.926138292457462153, 0.1972856190786684005 ) ) ;
#4522 = ORIENTED_EDGE ( 'NONE', *, *, #3237, .F. ) ;
#4523 = CARTESIAN_POINT ( 'NONE',  ( -7.075310326648127823E-07, 2.171019139527382347, -2.540220658365646729E-08 ) ) ;
#4524 = CARTESIAN_POINT ( 'NONE',  ( 0.2080035447329185161, 1.745962934435864256, 0.08059531819690894661 ) ) ;
#4525 = CARTESIAN_POINT ( 'NONE',  ( 0.3076428652577502532, 1.920387216501463490, -0.4699162349138131800 ) ) ;
#4526 = DIRECTION ( 'NONE',  ( 0.0000000000000000000, 1.000000000000000000, 2.220446049250310369E-16 ) ) ;
#4527 = CARTESIAN_POINT ( 'NONE',  ( 0.2147165676187895167, 1.900159607913654902, 0.05813819081791707366 ) ) ;
#4528 = EDGE_CURVE ( 'NONE', #2032, #1087, #5042, .T. ) ;
#4529 = CARTESIAN_POINT ( 'NONE',  ( -0.0001499809305421377810, 0.9498077083590260594, -0.5618274767840590878 ) ) ;
#4530 = CARTESIAN_POINT ( 'NONE',  ( -0.1276530947078477751, 1.115613832477188705, -0.2469016948415569679 ) ) ;
#4531 = CARTESIAN_POINT ( 'NONE',  ( 0.03090362134925785792, 1.892061177074431333, -0.03090435428249713526 ) ) ;
#4532 = ORIENTED_EDGE ( 'NONE', *, *, #3260, .T. ) ;
#4533 = DIRECTION ( 'NONE',  ( 0.0000000000000000000, 0.0000000000000000000, -1.000000000000000000 ) ) ;
#4534 = B_SPLINE_CURVE_WITH_KNOTS ( 'NONE', 3,
 ( #1869, #1418, #4372, #575, #1827, #2279, #4423, #3570, #4811, #2295, #3523, #2710, #3077, #185, #5215, #1039 ),
 .UNSPECIFIED., .F., .F.,
 ( 4, 2, 2, 2, 2, 2, 2, 4 ),
 ( 2.168404344971008868E-19, 0.002049096695270393592, 0.004098193390540787184, 0.005122741738175983980, 0.006147290085811179909, 0.007171838433446375838, 0.007684112607263976838, 0.008196386781081579573 ),
 .UNSPECIFIED. ) ;
#4535 = CARTESIAN_POINT ( 'NONE',  ( -1.054799428457386057, 1.924745851044262768, -0.8955911111659918822 ) ) ;
#4536 = CARTESIAN_POINT ( 'NONE',  ( 0.3237569509563648640, 1.878073678326437568, -0.4589848827207004822 ) ) ;
#4537 = ADVANCED_FACE ( 'NONE', ( #1631 ), #2514, .F. ) ;
#4538 = PLANE ( 'NONE',  #1761 ) ;
#4539 = CARTESIAN_POINT ( 'NONE',  ( 0.7158644176263266878, 1.861978220057094013, 0.006509137389168995549 ) ) ;
#4540 = CARTESIAN_POINT ( 'NONE',  ( -0.1831592837716593536, 1.116638417020443086, -0.07690315261965878502 ) ) ;
#4541 = ORIENTED_EDGE ( 'NONE', *, *, #3164, .T. ) ;
#4542 = CARTESIAN_POINT ( 'NONE',  ( 0.04758083685832955462, 1.830056646148335631, 0.2176153169886628769 ) ) ;
#4543 = CARTESIAN_POINT ( 'NONE',  ( 0.1770404563691724831, 1.116638417020443086, -0.08698172337977949642 ) ) ;
#4544 = CARTESIAN_POINT ( 'NONE',  ( -0.5505420461137099375, 1.926334100157303553, 0.1112204470387382627 ) ) ;
#4545 = CARTESIAN_POINT ( 'NONE',  ( -0.1814092215684699749, 1.166265787369976437, -0.07993434927198830864 ) ) ;
#4546 = FILL_AREA_STYLE_COLOUR ( '', #2862 ) ;
#4547 = ORIENTED_EDGE ( 'NONE', *, *, #853, .F. ) ;
#4548 = CARTESIAN_POINT ( 'NONE',  ( 0.4679355565740611622, 1.926334100157303553, 0.3106467381633598035 ) ) ;
#4549 = CARTESIAN_POINT ( 'NONE',  ( 1.051955912714552133, 1.926437203932589215, 0.8984331610423473835 ) ) ;
#4550 = CARTESIAN_POINT ( 'NONE',  ( -0.08109548225332650906, 1.921271663787443851, 0.08109474932008724213 ) ) ;
#4551 =( NAMED_UNIT ( * ) PLANE_ANGLE_UNIT ( ) SI_UNIT ( $, .RADIAN. ) );
#4552 = PRODUCT_DEFINITION_SHAPE ( 'NONE', 'NONE',  #5487 ) ;
#4553 = CARTESIAN_POINT ( 'NONE',  ( 0.008135241982621242707, 1.116638417020445306, 0.6070996885702713008 ) ) ;
#4554 = CARTESIAN_POINT ( 'NONE',  ( -0.0001499809374751856397, 1.839571487886585199, 0.6523726797621831608 ) ) ;
#4555 = CARTESIAN_POINT ( 'NONE',  ( 0.7238952946579212400, 1.844127897567215513, 0.006509137389168993815 ) ) ;
#4556 = CIRCLE ( 'NONE', #4716, 0.7240452755905510962 ) ;
#4557 = CARTESIAN_POINT ( 'NONE',  ( 0.1675343953669807262, 1.210894448349593810, -0.1034467040154248146 ) ) ;
#4558 = ORIENTED_EDGE ( 'NONE', *, *, #489, .T. ) ;
#4559 = CARTESIAN_POINT ( 'NONE',  ( 0.07990885793200690201, 1.719347392813183939, 0.2079013161058265724 ) ) ;
#4560 = FACE_OUTER_BOUND ( 'NONE', #1915, .T. ) ;
#4561 = CARTESIAN_POINT ( 'NONE',  ( 0.06178489915140815414, 1.894260703812642888, -0.2136963034229173997 ) ) ;
#4562 = VERTEX_POINT ( 'NONE', #1620 ) ;
#4563 = EDGE_CURVE ( 'NONE', #4562, #2444, #3247, .T. ) ;
#4564 = CARTESIAN_POINT ( 'NONE',  ( 0.1635918326254961197, 1.116638417020443086, -0.1102754229957039617 ) ) ;
#4565 = CARTESIAN_POINT ( 'NONE',  ( -0.8766615165659633613, 1.116638417020445306, -0.4772968534070707869 ) ) ;
#4566 = CARTESIAN_POINT ( 'NONE',  ( 0.2224402373508571062, 1.926334100157303553, -2.540220753577710639E-08 ) ) ;
#4567 = CIRCLE ( 'NONE', #4134, 0.2224409448818897572 ) ;
#4568 = ITEM_DEFINED_TRANSFORMATION ( 'NONE', 'NONE', #2858,  #477 ) ;
#4569 = ADVANCED_FACE ( 'NONE', ( #2915 ), #786, .T. ) ;
#4570 = ORIENTED_EDGE ( 'NONE', *, *, #5168, .F. ) ;
#4571 = CARTESIAN_POINT ( 'NONE',  ( 1.379133150736683966, 1.743193393742112018, 0.05894264869958579234 ) ) ;
#4572 = CARTESIAN_POINT ( 'NONE',  ( -1.389870663509346131E-17, 0.2084659632555734832, 0.2435939647183233692 ) ) ;
#4573 = VECTOR ( 'NONE', #1282, 39.37007874015748143 ) ;
#4574 = EDGE_CURVE ( 'NONE', #1170, #886, #4376, .T. ) ;
#4575 = ORIENTED_EDGE ( 'NONE', *, *, #2976, .T. ) ;
#4576 = CARTESIAN_POINT ( 'NONE',  ( -0.07864545780079636172, 1.926334100157303553, 0.07864472486755709479 ) ) ;
#4577 = CARTESIAN_POINT ( 'NONE',  ( -0.0001499809305422073868, 1.227858889461390213, 0.006509137389169270503 ) ) ;
#4578 = ORIENTED_EDGE ( 'NONE', *, *, #1910, .F. ) ;
#4579 = B_SPLINE_CURVE_WITH_KNOTS ( 'NONE', 3,
 ( #3798, #2552, #3358, #3761, #5473, #2477 ),
 .UNSPECIFIED., .F., .F.,
 ( 4, 2, 4 ),
 ( 0.0000000000000000000, 0.002173572450712088662, 0.004347144901424177324 ),
 .UNSPECIFIED. ) ;
#4580 = CARTESIAN_POINT ( 'NONE',  ( -7.075310326648127823E-07, 1.926334100157303553, -2.540220658365646729E-08 ) ) ;
#4581 = ORIENTED_EDGE ( 'NONE', *, *, #4948, .F. ) ;
#4582 = FACE_OUTER_BOUND ( 'NONE', #5299, .T. ) ;
#4583 = CARTESIAN_POINT ( 'NONE',  ( -0.0001499809375117821251, 1.860690414720895358, -0.6988510988312988115 ) ) ;
#4584 = DIRECTION ( 'NONE',  ( 0.0000000000000000000, 0.0000000000000000000, -1.000000000000000000 ) ) ;
#4585 = DIRECTION ( 'NONE',  ( 0.0000000000000000000, 1.000000000000000000, 2.220446049250310369E-16 ) ) ;
#4586 = CARTESIAN_POINT ( 'NONE',  ( -0.07676242443154866757, 1.926437203932589215, 0.07676169149830940064 ) ) ;
#4587 = CARTESIAN_POINT ( 'NONE',  ( -0.5498185023735737698, 1.920387216501464156, 0.1147440564255231416 ) ) ;
#4588 = ORIENTED_EDGE ( 'NONE', *, *, #381, .T. ) ;
#4589 = CARTESIAN_POINT ( 'NONE',  ( -0.1852670621310870402, 2.104083014838995958, -2.540220660370557502E-08 ) ) ;
#4590 = SURFACE_STYLE_USAGE ( .BOTH. , #2440 ) ;
#4591 = CARTESIAN_POINT ( 'NONE',  ( -0.4422389053043059848, 1.848584231490360885, -0.3463865952652024904 ) ) ;
#4592 = CARTESIAN_POINT ( 'NONE',  ( -0.2220568221431563072, 1.948578194645492756, -0.2220561400143302999 ) ) ;
#4593 = AXIS2_PLACEMENT_3D ( 'NONE', #3284, #2448, #2878 ) ;
#4594 = CARTESIAN_POINT ( 'NONE',  ( -0.3106238180841535690, 1.900286602869685426, 0.4679571377733424131 ) ) ;
#4595 = CARTESIAN_POINT ( 'NONE',  ( 0.1943872507822452245, 1.926334100157303553, -0.1081355682303777738 ) ) ;
#4596 =( NAMED_UNIT ( * ) PLANE_ANGLE_UNIT ( ) SI_UNIT ( $, .RADIAN. ) );
#4597 = ADVANCED_FACE ( 'NONE', ( #3893 ), #392, .T. ) ;
#4598 = CARTESIAN_POINT ( 'NONE',  ( -0.2719657899177973515, 1.105148578371815349, -0.1572995635136912873 ) ) ;
#4599 = AXIS2_PLACEMENT_3D ( 'NONE', #157, #3577, #3989 ) ;
#4600 = CARTESIAN_POINT ( 'NONE',  ( 0.8588441276230011079, 1.166265787369978657, -0.5076379271307663865 ) ) ;
#4601 = ORIENTED_EDGE ( 'NONE', *, *, #1429, .F. ) ;
#4602 = B_SPLINE_CURVE_WITH_KNOTS ( 'NONE', 3,
 ( #5249, #4407, #4352, #3090 ),
 .UNSPECIFIED., .F., .F.,
 ( 4, 4 ),
 ( 3.643084668897072076E-18, 0.003073553726385122326 ),
 .UNSPECIFIED. ) ;
#4603 = CARTESIAN_POINT ( 'NONE',  ( 0.07864404273873103202, 1.703893155275413740, -0.07864477567197031282 ) ) ;
#4604 = EDGE_CURVE ( 'NONE', #1033, #95, #4171, .T. ) ;
#4605 = CARTESIAN_POINT ( 'NONE',  ( 0.09125757185687909112, 2.171019139527382791, 0.05527009765812812558 ) ) ;
#4606 = CARTESIAN_POINT ( 'NONE',  ( -0.8749114543627750651, 1.166265787369978657, -0.4803280500593992697 ) ) ;
#4607 = CARTESIAN_POINT ( 'NONE',  ( -0.8965508606063379293, 1.926334100157303553, 1.053839628212626556 ) ) ;
#4608 = ORIENTED_EDGE ( 'NONE', *, *, #3492, .F. ) ;
#4609 = CARTESIAN_POINT ( 'NONE',  ( 0.5576412134762385175, 1.848584231490361551, -0.06777736148533455851 ) ) ;
#4610 = DIMENSIONAL_EXPONENTS ( 1.000000000000000000, 0.0000000000000000000, 0.0000000000000000000, 0.0000000000000000000, 0.0000000000000000000, 0.0000000000000000000, 0.0000000000000000000 ) ;
#4611 = CARTESIAN_POINT ( 'NONE',  ( -0.0001499809299838085464, 1.706106920957450646, -0.5618274767840587547 ) ) ;
#4612 = CARTESIAN_POINT ( 'NONE',  ( 0.04339354108916726460, 1.118138874794329940, 0.2067059877828699155 ) ) ;
#4613 = B_SPLINE_CURVE_WITH_KNOTS ( 'NONE', 3,
 ( #3423, #3475, #4282, #3403, #2573, #1324 ),
 .UNSPECIFIED., .F., .F.,
 ( 4, 2, 4 ),
 ( 0.0000000000000000000, 0.002302336876315349157, 0.004604673752630698315 ),
 .UNSPECIFIED. ) ;
#4614 = CARTESIAN_POINT ( 'NONE',  ( -0.0001499809305422073868, 1.116638417020445528, 0.006509137389169245350 ) ) ;
#4615 = CARTESIAN_POINT ( 'NONE',  ( 0.01915684308419858886, 1.814965130096564350, 0.01915752521302464123 ) ) ;
#4616 = PLANE ( 'NONE',  #1399 ) ;
#4617 = CARTESIAN_POINT ( 'NONE',  ( 0.4130404790836411655, 1.860690414741017262, 0.7118693736120239590 ) ) ;
#4618 = CARTESIAN_POINT ( 'NONE',  ( -0.1842495648947215514, 1.077929959253527636, -0.07501473031998155683 ) ) ;
#4619 = CARTESIAN_POINT ( 'NONE',  ( -0.8632128928222886355, 1.116638417020445306, -0.5005905530229945999 ) ) ;
#4620 = CARTESIAN_POINT ( 'NONE',  ( -0.05760971055745337660, 1.919415172244245849, 0.05760897762421410967 ) ) ;
#4621 = CARTESIAN_POINT ( 'NONE',  ( -0.5512660951484932292, 1.894383477984873831, 0.1076466379768799136 ) ) ;
#4622 = CARTESIAN_POINT ( 'NONE',  ( -0.2206255237649346612, 1.976823799906982204, -2.540220662013861970E-08 ) ) ;
#4623 = DIRECTION ( 'NONE',  ( -1.538867599656844900E-16, -0.0000000000000000000, 1.000000000000000000 ) ) ;
#4624 = ORIENTED_EDGE ( 'NONE', *, *, #208, .T. ) ;
#4625 = ADVANCED_FACE ( 'NONE', ( #860 ), #1720, .T. ) ;
#4626 = CARTESIAN_POINT ( 'NONE',  ( -7.075310326519070707E-07, 1.889608691730187973, -0.1053831655950998314 ) ) ;
#4627 = CARTESIAN_POINT ( 'NONE',  ( -0.2223982856373505068, 1.935347466138262806, -0.2223976035085245273 ) ) ;
#4628 =( LENGTH_UNIT ( ) NAMED_UNIT ( * ) SI_UNIT ( $, .METRE. ) );
#4629 = CARTESIAN_POINT ( 'NONE',  ( -0.03466536122181816670, 1.334052773627958155, 1.007493389357672964 ) ) ;
#4630 = AXIS2_PLACEMENT_3D ( 'NONE', #1563, #2877, #4923 ) ;
#4631 = CIRCLE ( 'NONE', #3682, 0.2224409448818897572 ) ;
#4632 = CARTESIAN_POINT ( 'NONE',  ( -0.01545490429528080349, 1.870822151696355906, -0.01545422216645476847 ) ) ;
#4633 = CIRCLE ( 'NONE', #2893, 0.7240452755905510962 ) ;
#4634 = CARTESIAN_POINT ( 'NONE',  ( -0.07193822866577308239, 1.312070570948800530, 0.2170491282655244714 ) ) ;
#4635 = EDGE_CURVE ( 'NONE', #2064, #3343, #4095, .T. ) ;
#4636 = B_SPLINE_SURFACE_WITH_KNOTS ( 'NONE', 5, 1, ( 
 ( #3665, #281 ),
 ( #3694, #749 ),
 ( #308, #1123 ),
 ( #2410, #259 ),
 ( #1198, #3232 ),
 ( #3719, #2814 ),
 ( #2427, #4110 ),
 ( #4146, #733 ),
 ( #4129, #1144 ),
 ( #2036, #1599 ),
 ( #5347, #1619 ),
 ( #5385, #2854 ),
 ( #4550, #2471 ),
 ( #4983, #4535 ),
 ( #4576, #1965 ) ),
 .UNSPECIFIED., .F., .F., .F.,
 ( 6, 1, 1, 1, 1, 1, 1, 1, 1, 1, 6 ),
 ( 2, 2 ),
 ( -1.000000000000000000, -0.9000000000000000222, -0.8000000000000000444, -0.6999999999999999556, -0.5999999999999999778, -0.5000000000000000000, -0.4000000000000000222, -0.2999999999999999889, -0.2000000000000000111, -0.1000000000000000056, 0.0000000000000000000 ),
 ( 0.0000000000000000000, 6.200000000000000178 ),
 .UNSPECIFIED. ) ;
#4637 = CARTESIAN_POINT ( 'NONE',  ( 0.1246902265564086842, 2.163452667595270551, 0.1246909086852345250 ) ) ;
#4638 = CARTESIAN_POINT ( 'NONE',  ( 0.1703244878056281442, 0.2632087033490722594, -0.1290913903065834534 ) ) ;
#4639 = CIRCLE ( 'NONE', #3180, 0.5905807086614173196 ) ;
#4640 = CARTESIAN_POINT ( 'NONE',  ( 0.001279063125159724153, 1.844955220324026701, -0.001279796058398998673 ) ) ;
#4641 = ADVANCED_FACE ( 'NONE', ( #1398 ), #282, .T. ) ;
#4642 = LINE ( 'NONE', #4553, #5444 ) ;
#4643 = CARTESIAN_POINT ( 'NONE',  ( 0.09303088284190462465, 2.171019139527382347, 0.05222695716129664018 ) ) ;
#4644 = ORIENTED_EDGE ( 'NONE', *, *, #549, .T. ) ;
#4645 = CARTESIAN_POINT ( 'NONE',  ( -7.075310326957842244E-07, 2.080766179256611004, 0.1974886666923344469 ) ) ;
#4646 = CARTESIAN_POINT ( 'NONE',  ( 0.8955903782327526708, 1.924745851044262768, -1.054798746328559966 ) ) ;
#4647 = FACE_OUTER_BOUND ( 'NONE', #4228, .T. ) ;
#4648 = EDGE_CURVE ( 'NONE', #5175, #1607, #3352, .T. ) ;
#4649 = CARTESIAN_POINT ( 'NONE',  ( 0.5579306075295205058, 1.736191466982980769, 0.06811833793164603912 ) ) ;
#4650 = VERTEX_POINT ( 'NONE', #1145 ) ;
#4651 = EDGE_CURVE ( 'NONE', #1671, #1498, #1847, .T. ) ;
#4652 = CARTESIAN_POINT ( 'NONE',  ( -0.3697347219470112356, 1.821303089801792341, 0.4229248910147591634 ) ) ;
#4653 = CARTESIAN_POINT ( 'NONE',  ( 0.04339354108916726460, 1.118138874794329940, 1.007493389357672964 ) ) ;
#4654 = ORIENTED_EDGE ( 'NONE', *, *, #1557, .T. ) ;
#4655 = CARTESIAN_POINT ( 'NONE',  ( -0.1913854487176369634, 1.923789154167841797, 0.1133937688329545168 ) ) ;
#4656 = ADVANCED_FACE ( 'NONE', ( #1066 ), #3958, .T. ) ;
#4657 = CARTESIAN_POINT ( 'NONE',  ( -0.1889746109389354445, 1.116638417020444862, -0.1113188994796779629 ) ) ;
#4658 = CARTESIAN_POINT ( 'NONE',  ( -0.1374215863808760374, 2.155111100308018557, 0.1374208534476369925 ) ) ;
#4659 = DIRECTION ( 'NONE',  ( -0.0000000000000000000, -1.000000000000000000, -2.220446049250310123E-16 ) ) ;
#4660 = CARTESIAN_POINT ( 'NONE',  ( 0.2148607459545278375, 1.703893155275413740, -0.05757197834823968990 ) ) ;
#4661 = CARTESIAN_POINT ( 'NONE',  ( 0.1974879845635084119, 2.080766179256611448, -0.1974887174967474568 ) ) ;
#4662 = CARTESIAN_POINT ( 'NONE',  ( 0.07864404273873103202, 1.703893155275413740, 0.07864472486755709479 ) ) ;
#4663 = CARTESIAN_POINT ( 'NONE',  ( -0.0001499809259086716984, 1.706106920957450868, 0.7305544129797202357 ) ) ;
#4664 =( BOUNDED_SURFACE ( )  B_SPLINE_SURFACE ( 3, 3, ( 
 ( #4912, #4460, #5301, #3287 ),
 ( #2918, #2836, #4989, #4153 ),
 ( #5024, #2863, #3306, #3759 ),
 ( #756, #2026, #2507, #1183 ) ),
 .UNSPECIFIED., .F., .F., .F. ) 
 B_SPLINE_SURFACE_WITH_KNOTS ( ( 4, 4 ),
 ( 4, 4 ),
 ( 0.0000000000000000000, 1.000000000000000000 ),
 ( 0.0000000000000000000, 1.000000000000000000 ),
 .UNSPECIFIED. ) 
 GEOMETRIC_REPRESENTATION_ITEM ( )  RATIONAL_B_SPLINE_SURFACE ( (
 ( 1.000000000000000000, 0.3333333333333334259, 0.3333333333333334259, 1.000000000000000000),
 ( 0.8047378541243649375, 0.2682459513747884050, 0.2682459513747884050, 0.8047378541243649375),
 ( 0.8047378541243649375, 0.2682459513747884050, 0.2682459513747884050, 0.8047378541243649375),
 ( 1.000000000000000000, 0.3333333333333334259, 0.3333333333333334259, 1.000000000000000000) ) ) 
 REPRESENTATION_ITEM ( '' )  SURFACE ( )  );
#4665 = CARTESIAN_POINT ( 'NONE',  ( 0.2223968705752852049, 1.935347466138262806, -0.2223976035085245273 ) ) ;
#4666 = DIMENSIONAL_EXPONENTS ( 1.000000000000000000, 0.0000000000000000000, 0.0000000000000000000, 0.0000000000000000000, 0.0000000000000000000, 0.0000000000000000000, 0.0000000000000000000 ) ;
#4667 = CIRCLE ( 'NONE', #581, 0.09751115400457018023 ) ;
#4668 = CARTESIAN_POINT ( 'NONE',  ( -0.01195450415626077116, 1.799597707302757144, -0.5616634112289781156 ) ) ;
#4669 = EDGE_CURVE ( 'NONE', #3003, #4940, #4500, .T. ) ;
#4670 = CARTESIAN_POINT ( 'NONE',  ( -7.075310326049696928E-07, 2.169627812087729701, -2.540220651761025775E-08 ) ) ;
#4671 = CARTESIAN_POINT ( 'NONE',  ( 0.2070759778460928291, 2.054691988635170663, -0.2070767107793319017 ) ) ;
#4672 = CARTESIAN_POINT ( 'NONE',  ( -0.8628010282769411621, 1.122204154520125119, -0.5013039233413709717 ) ) ;
#4673 = CARTESIAN_POINT ( 'NONE',  ( 0.1146846227188259848, 1.921271663787443851, 1.379133832865509834 ) ) ;
#4674 = CARTESIAN_POINT ( 'NONE',  ( -0.1246916416184740001, 2.163452667595270551, -0.1246909594896477430 ) ) ;
#4675 = CARTESIAN_POINT ( 'NONE',  ( 0.07226278755144757704, 1.710596686870354821, 0.07226346968027362594 ) ) ;
#4676 = ADVANCED_FACE ( 'NONE', ( #707 ), #3171, .T. ) ;
#4677 = CARTESIAN_POINT ( 'NONE',  ( 0.2290850139069211255, 1.113496119116562655, -0.1175655923823504950 ) ) ;
#4678 = ORIENTED_EDGE ( 'NONE', *, *, #1286, .T. ) ;
#4679 = CARTESIAN_POINT ( 'NONE',  ( -0.2142073067522387297, 2.026044938440203946, -2.540220662377928642E-08 ) ) ;
#4680 = CARTESIAN_POINT ( 'NONE',  ( -0.0001499809305422073868, 1.706106920957450868, 0.5748457515623978109 ) ) ;
#4681 = B_SPLINE_SURFACE_WITH_KNOTS ( 'NONE', 5, 1, ( 
 ( #141, #2189 ),
 ( #2267, #4381 ),
 ( #916, #4309 ),
 ( #534, #1816 ),
 ( #1387, #2240 ),
 ( #1356, #5203 ),
 ( #3483, #4720 ),
 ( #1834, #4750 ),
 ( #939, #3881 ),
 ( #2227, #5169 ),
 ( #3098, #3530 ),
 ( #105, #3199 ),
 ( #1030, #176 ),
 ( #4847, #1067 ),
 ( #213, #5219 ) ),
 .UNSPECIFIED., .F., .F., .F.,
 ( 6, 1, 1, 1, 1, 1, 1, 1, 1, 1, 6 ),
 ( 2, 2 ),
 ( 0.0000000000000000000, 0.1000000000000000056, 0.2000000000000000111, 0.2999999999999999889, 0.4000000000000000222, 0.5000000000000000000, 0.5999999999999999778, 0.6999999999999999556, 0.8000000000000000444, 0.9000000000000000222, 1.000000000000000000 ),
 ( 0.0000000000000000000, 6.200000000000000178 ),
 .UNSPECIFIED. ) ;
#4682 = CARTESIAN_POINT ( 'NONE',  ( -7.075310326848618404E-07, 2.104083014838995958, 0.1852663291978477456 ) ) ;
#4683 = CARTESIAN_POINT ( 'NONE',  ( -0.0001499809305422073868, 1.227858889461390213, 0.006509137389169270503 ) ) ;
#4684 = CARTESIAN_POINT ( 'NONE',  ( -0.1138522326633463616, 1.907606653523466145, -0.1911039426702114408 ) ) ;
#4685 = DIMENSIONAL_EXPONENTS ( 1.000000000000000000, 0.0000000000000000000, 0.0000000000000000000, 0.0000000000000000000, 0.0000000000000000000, 0.0000000000000000000, 0.0000000000000000000 ) ;
#4686 = CARTESIAN_POINT ( 'NONE',  ( -0.5562119231516713391, 1.747078126644262985, -0.07976910774265706661 ) ) ;
#4687 = CARTESIAN_POINT ( 'NONE',  ( 0.1974879845635084119, 2.080766179256611448, 0.1974886666923344192 ) ) ;
#4688 = CARTESIAN_POINT ( 'NONE',  ( 0.05974056101360426807, 1.723836302417243171, 0.05974124314243032391 ) ) ;
#4689 = ORIENTED_EDGE ( 'NONE', *, *, #414, .F. ) ;
#4690 = AXIS2_PLACEMENT_3D ( 'NONE', #2494, #844, #417 ) ;
#4691 = DIRECTION ( 'NONE',  ( 1.000000000000000000, 4.869931427294231357E-11, 0.0000000000000000000 ) ) ;
#4692 = VERTEX_POINT ( 'NONE', #4548 ) ;
#4693 = B_SPLINE_SURFACE_WITH_KNOTS ( 'NONE', 5, 1, ( 
 ( #196, #2288 ),
 ( #4827, #2700 ),
 ( #609, #3584 ),
 ( #4721, #5247 ),
 ( #3996, #5151 ),
 ( #2617, #179 ),
 ( #2455, #4557 ),
 ( #2493, #2081 ),
 ( #4600, #5389 ),
 ( #1206, #1584 ),
 ( #5472, #2009 ),
 ( #4967, #3744 ),
 ( #2434, #777 ) ),
 .UNSPECIFIED., .F., .F., .F.,
 ( 6, 1, 1, 1, 1, 1, 1, 1, 6 ),
 ( 2, 2 ),
 ( 0.0000000000000000000, 0.1000000000000000056, 0.2000000000000000111, 0.2999999999999999889, 0.4000000000000000222, 0.5000000000000000000, 0.5999999999999999778, 0.6999999999999999556, 0.7961980842294830163 ),
 ( 0.0000000000000000000, 3.600000000000000089 ),
 .UNSPECIFIED. ) ;
#4694 = CARTESIAN_POINT ( 'NONE',  ( -0.2220568221431566402, 1.948578194645492978, -2.540220661494655588E-08 ) ) ;
#4695 = DIRECTION ( 'NONE',  ( 0.8660254037844363761, 1.597817520535774853E-16, -0.5000000000000039968 ) ) ;
#4696 = EDGE_LOOP ( 'NONE', ( #1613, #2462, #2203, #3773, #2990, #1770, #875, #2551, #277, #4266, #1369, #2453, #3524 ) ) ;
#4697 = CARTESIAN_POINT ( 'NONE',  ( 0.2219657158799666075, 1.951176915564387659, -2.540220655182970060E-08 ) ) ;
#4698 = AXIS2_PLACEMENT_3D ( 'NONE', #2426, #5383, #1561 ) ;
#4699 = PRESENTATION_STYLE_ASSIGNMENT (( #753 ) ) ;
#4700 = DIRECTION ( 'NONE',  ( 0.0000000000000000000, 0.0000000000000000000, -1.000000000000000000 ) ) ;
#4701 = EDGE_CURVE ( 'NONE', #364, #1143, #4200, .T. ) ;
#4702 = CARTESIAN_POINT ( 'NONE',  ( 0.4892386389011789127, 1.256013188286730031, -0.2825181367627360718 ) ) ;
#4703 = EDGE_LOOP ( 'NONE', ( #3680, #464, #323, #3195, #4926, #3909 ) ) ;
#4704 = CARTESIAN_POINT ( 'NONE',  ( -0.1974893996255737139, 2.080766179256611448, -0.1974887174967476511 ) ) ;
#4705 = DIRECTION ( 'NONE',  ( 0.8660254037844455910, 2.698458740408364400E-15, -0.4999999999999878431 ) ) ;
#4706 = CARTESIAN_POINT ( 'NONE',  ( 0.1750021130809745751, 1.768689894399597007, -0.1377413805201768149 ) ) ;
#4707 = CIRCLE ( 'NONE', #2352, 0.02268237145657622453 ) ;
#4708 = CARTESIAN_POINT ( 'NONE',  ( 0.2132543509455909203, 2.171019139527382347, -0.1066275546405183877 ) ) ;
#4709 = ORIENTED_EDGE ( 'NONE', *, *, #4157, .F. ) ;
#4710 = LINE ( 'NONE', #4008, #2198 ) ;
#4711 = CARTESIAN_POINT ( 'NONE',  ( -0.2206255237649346612, 1.976823799906982204, -2.540220662013861970E-08 ) ) ;
#4712 = CARTESIAN_POINT ( 'NONE',  ( -0.01915825814626391857, 1.814965130096564350, -0.01915757601743786273 ) ) ;
#4713 = ORIENTED_EDGE ( 'NONE', *, *, #533, .F. ) ;
#4714 = CARTESIAN_POINT ( 'NONE',  ( -0.1866487820786572882, 1.144869246453990019, -0.1147988848163519204 ) ) ;
#4715 = CARTESIAN_POINT ( 'NONE',  ( -0.5582956554007891814, 1.907277071021308057, 0.06247148294752310344 ) ) ;
#4716 = AXIS2_PLACEMENT_3D ( 'NONE', #1711, #864, #3014 ) ;
#4717 = CARTESIAN_POINT ( 'NONE',  ( 0.2206241087028693038, 1.976823799906981982, 0.2206247908316953665 ) ) ;
#4718 = DIRECTION ( 'NONE',  ( 0.0000000000000000000, 1.000000000000000000, 2.220446049250310123E-16 ) ) ;
#4719 = B_SPLINE_SURFACE_WITH_KNOTS ( 'NONE', 5, 1, ( 
 ( #3156, #160 ),
 ( #1877, #1928 ),
 ( #584, #568 ),
 ( #605, #4404 ),
 ( #4865, #5274 ),
 ( #3560, #624 ),
 ( #4429, #3601 ) ),
 .UNSPECIFIED., .F., .F., .F.,
 ( 6, 1, 6 ),
 ( 2, 2 ),
 ( -1.000000000000000000, -0.9000000000000000222, -0.8018172745509960508 ),
 ( 0.0000000000000000000, 3.600000000000000089 ),
 .UNSPECIFIED. ) ;
#4720 = CARTESIAN_POINT ( 'NONE',  ( -1.379134565798749046, 1.892061177074431333, 0.04370529563633867437 ) ) ;
#4721 = CARTESIAN_POINT ( 'NONE',  ( 0.8648500513286195845, 1.263946401572995093, -0.4972353621262548540 ) ) ;
#4722 = CARTESIAN_POINT ( 'NONE',  ( -0.0001499809305422073868, 1.061028180799970633, 0.006509137389169232339 ) ) ;
#4723 = CARTESIAN_POINT ( 'NONE',  ( 0.1146846227188262068, 1.921271663787443851, -2.540220660281498274E-08 ) ) ;
#4724 = CARTESIAN_POINT ( 'NONE',  ( -0.2070773929081579368, 2.054691988635170663, -0.2070767107793319017 ) ) ;
#4725 =( LENGTH_UNIT ( ) NAMED_UNIT ( * ) SI_UNIT ( $, .METRE. ) );
#4726 =( BOUNDED_SURFACE ( )  B_SPLINE_SURFACE ( 5, 2, ( 
 ( #1625, #4174, #5050, #1644, #4204, #5025, #2883, #3308, #5454 ),
 ( #1608, #2027, #374, #2508, #5407, #1696, #73, #2584, #3866 ),
 ( #5104, #3015, #4275, #4637, #448, #5137, #55, #4219, #2603 ),
 ( #2156, #4658, #917, #27, #2119, #2, #43, #902, #2550 ),
 ( #2101, #887, #2140, #1336, #3029, #3851, #1290, #843, #1733 ),
 ( #2566, #5064, #2997, #3827, #1677, #5082, #482, #466, #2531 ),
 ( #3431, #3445, #4682, #2962, #1319, #3465, #4292, #416, #3394 ),
 ( #5123, #2977, #3796, #431, #3417, #4235, #1749, #4704, #865 ),
 ( #3811, #2171, #1304, #4260, #1712, #4671, #1857, #238, #5411 ),
 ( #4679, #1381, #3061, #2597, #4344, #442, #3461, #2167, #1728 ),
 ( #4272, #89, #913, #1746, #5132, #1776, #4746, #3426, #3479 ),
 ( #2223, #954, #1797, #4717, #3861, #66, #1351, #102, #1314 ),
 ( #2149, #4304, #38, #3844, #4326, #3025, #935, #3894, #3879 ),
 ( #5117, #2563, #2576, #1760, #4697, #52, #2989, #508, #881 ),
 ( #3011, #463, #4733, #2185, #3820, #3441, #896, #1328, #4287 ) ),
 .UNSPECIFIED., .F., .T., .F. ) 
 B_SPLINE_SURFACE_WITH_KNOTS ( ( 6, 1, 1, 1, 1, 1, 1, 1, 1, 1, 6 ),
 ( 3, 2, 2, 2, 3 ),
 ( -1.000000000000000000, -0.9000000000000000222, -0.8000000000000000444, -0.6999999999999999556, -0.5999999999999999778, -0.5000000000000000000, -0.4000000000000000222, -0.2999999999999999889, -0.2000000000000000111, -0.1000000000000000056, -0.06271658775695229671 ),
 ( 0.0000000000000000000, 1.570796326794900111, 3.141592653589790007, 4.712388980384689674, 6.283185307179589785 ),
 .UNSPECIFIED. ) 
 GEOMETRIC_REPRESENTATION_ITEM ( )  RATIONAL_B_SPLINE_SURFACE ( (
 ( 1.000000000000000000, 0.7071067811865480168, 1.000000000000000000, 0.7071067811865480168, 1.000000000000000000, 0.7071067811865480168, 1.000000000000000000, 0.7071067811865480168, 1.000000000000000000),
 ( 1.000000000000000000, 0.7071067811865480168, 1.000000000000000000, 0.7071067811865480168, 1.000000000000000000, 0.7071067811865480168, 1.000000000000000000, 0.7071067811865480168, 1.000000000000000000),
 ( 1.000000000000000000, 0.7071067811865480168, 1.000000000000000000, 0.7071067811865480168, 1.000000000000000000, 0.7071067811865480168, 1.000000000000000000, 0.7071067811865480168, 1.000000000000000000),
 ( 1.000000000000000000, 0.7071067811865480168, 1.000000000000000000, 0.7071067811865480168, 1.000000000000000000, 0.7071067811865480168, 1.000000000000000000, 0.7071067811865480168, 1.000000000000000000),
 ( 1.000000000000000000, 0.7071067811865480168, 1.000000000000000000, 0.7071067811865480168, 1.000000000000000000, 0.7071067811865480168, 1.000000000000000000, 0.7071067811865480168, 1.000000000000000000),
 ( 1.000000000000000000, 0.7071067811865480168, 1.000000000000000000, 0.7071067811865480168, 1.000000000000000000, 0.7071067811865480168, 1.000000000000000000, 0.7071067811865480168, 1.000000000000000000),
 ( 1.000000000000000000, 0.7071067811865480168, 1.000000000000000000, 0.7071067811865480168, 1.000000000000000000, 0.7071067811865480168, 1.000000000000000000, 0.7071067811865480168, 1.000000000000000000),
 ( 1.000000000000000000, 0.7071067811865480168, 1.000000000000000000, 0.7071067811865480168, 1.000000000000000000, 0.7071067811865480168, 1.000000000000000000, 0.7071067811865480168, 1.000000000000000000),
 ( 1.000000000000000000, 0.7071067811865480168, 1.000000000000000000, 0.7071067811865480168, 1.000000000000000000, 0.7071067811865480168, 1.000000000000000000, 0.7071067811865480168, 1.000000000000000000),
 ( 1.000000000000000000, 0.7071067811865480168, 1.000000000000000000, 0.7071067811865480168, 1.000000000000000000, 0.7071067811865480168, 1.000000000000000000, 0.7071067811865480168, 1.000000000000000000),
 ( 1.000000000000000000, 0.7071067811865480168, 1.000000000000000000, 0.7071067811865480168, 1.000000000000000000, 0.7071067811865480168, 1.000000000000000000, 0.7071067811865480168, 1.000000000000000000),
 ( 1.000000000000000000, 0.7071067811865480168, 1.000000000000000000, 0.7071067811865480168, 1.000000000000000000, 0.7071067811865480168, 1.000000000000000000, 0.7071067811865480168, 1.000000000000000000),
 ( 1.000000000000000000, 0.7071067811865480168, 1.000000000000000000, 0.7071067811865480168, 1.000000000000000000, 0.7071067811865480168, 1.000000000000000000, 0.7071067811865480168, 1.000000000000000000),
 ( 1.000000000000000000, 0.7071067811865480168, 1.000000000000000000, 0.7071067811865480168, 1.000000000000000000, 0.7071067811865480168, 1.000000000000000000, 0.7071067811865480168, 1.000000000000000000),
 ( 1.000000000000000000, 0.7071067811865480168, 1.000000000000000000, 0.7071067811865480168, 1.000000000000000000, 0.7071067811865480168, 1.000000000000000000, 0.7071067811865480168, 1.000000000000000000) ) ) 
 REPRESENTATION_ITEM ( '' )  SURFACE ( )  );
#4727 = VERTEX_POINT ( 'NONE', #5462 ) ;
#4728 = CARTESIAN_POINT ( 'NONE',  ( 1.053838946083800465, 1.926334100157303553, 0.8965501276730988289 ) ) ;
#4729 = EDGE_LOOP ( 'NONE', ( #3158, #2519, #212, #3559, #1291 ) ) ;
#4730 = PRODUCT ( 'EDF2', 'EDF2', '', ( #221 ) ) ;
#4731 = CARTESIAN_POINT ( 'NONE',  ( -7.075310326681306103E-07, 1.814965130096564350, 0.02709284249970242073 ) ) ;
#4732 = ORIENTED_EDGE ( 'NONE', *, *, #4052, .F. ) ;
#4733 = CARTESIAN_POINT ( 'NONE',  ( -7.075310326961039793E-07, 1.948578194645492534, 0.2220560892099173178 ) ) ;
#4734 = CARTESIAN_POINT ( 'NONE',  ( 0.4809974046555018368, 1.078862977671651624, -0.2959870178649445238 ) ) ;
#4735 = CARTESIAN_POINT ( 'NONE',  ( -0.0001499809324083955261, 1.839571487886584977, 0.006509137389169129123 ) ) ;
#4736 = CARTESIAN_POINT ( 'NONE',  ( -7.075310326648127823E-07, 1.787308509606122309, -2.540220658365646729E-08 ) ) ;
#4737 = CARTESIAN_POINT ( 'NONE',  ( 0.05783211912321806203, 1.839352583142788822, 0.5587701335215068399 ) ) ;
#4738 = CARTESIAN_POINT ( 'NONE',  ( -0.2223982856373505068, 1.935347466138262806, 0.2223975527041112676 ) ) ;
#4739 = CARTESIAN_POINT ( 'NONE',  ( -0.1412379716742456492, 1.870309783462447362, 0.1720991659611826596 ) ) ;
#4740 = CARTESIAN_POINT ( 'NONE',  ( -7.075310326283305439E-07, 1.976823799906982204, -0.2206248416361085984 ) ) ;
#4741 = DIRECTION ( 'NONE',  ( 0.0000000000000000000, 1.000000000000000000, 1.047444401652940007E-14 ) ) ;
#4742 = EDGE_CURVE ( 'NONE', #2047, #2258, #3768, .T. ) ;
#4743 = EDGE_CURVE ( 'NONE', #1033, #5436, #256, .T. ) ;
#4744 = CARTESIAN_POINT ( 'NONE',  ( 0.9817613059869321201, 1.797124093125409772, 0.9686277677699672850 ) ) ;
#4745 = CARTESIAN_POINT ( 'NONE',  ( -0.5519009698387473684, 1.926594536647363132, 0.1044937745998020945 ) ) ;
#4746 = CARTESIAN_POINT ( 'NONE',  ( -7.075310326256711780E-07, 1.998941422088291731, -0.2184838976234352581 ) ) ;
#4747 = CARTESIAN_POINT ( 'NONE',  ( 0.1907471129714667368, 1.909814100410651028, -0.1144417430127444013 ) ) ;
#4748 = ADVANCED_FACE ( 'NONE', ( #77 ), #3152, .T. ) ;
#4749 = B_SPLINE_SURFACE_WITH_KNOTS ( 'NONE', 5, 1, ( 
 ( #2511, #4564 ),
 ( #2085, #5459 ),
 ( #5054, #761 ),
 ( #3728, #5013 ),
 ( #4223, #2926 ),
 ( #1681, #3342 ),
 ( #400, #2104 ),
 ( #469, #848 ) ),
 .UNSPECIFIED., .F., .F., .F.,
 ( 6, 1, 1, 6 ),
 ( 2, 2 ),
 ( 0.7961980842294830163, 0.8000000000000000444, 0.9000000000000000222, 1.000000000000000000 ),
 ( 0.0000000000000000000, 3.600000000000000089 ),
 .UNSPECIFIED. ) ;
#4750 = CARTESIAN_POINT ( 'NONE',  ( -1.379134565798749046, 1.870822151696355906, 0.02185550925737551886 ) ) ;
#4751 = CARTESIAN_POINT ( 'NONE',  ( 0.1112197649099122138, 1.926334100157303553, 0.6895669037316516370 ) ) ;
#4752 = CARTESIAN_POINT ( 'NONE',  ( -0.3238947275191316200, 1.725558025616496849, -0.4591418923864594159 ) ) ;
#4753 = LINE ( 'NONE', #3493, #931 ) ;
#4754 = CARTESIAN_POINT ( 'NONE',  ( 0.1076459558480544060, 1.894383477984874053, 0.5512653622152539068 ) ) ;
#4755 = CONTEXT_DEPENDENT_SHAPE_REPRESENTATION ( #4017, #1200 ) ;
#4756 = CARTESIAN_POINT ( 'NONE',  ( -1.389870663509345823E-17, 0.2084659632555735664, -7.705673981372306633E-17 ) ) ;
#4757 = CARTESIAN_POINT ( 'NONE',  ( 0.2184831646901959634, 1.998941422088291731, -2.540220654451484649E-08 ) ) ;
#4758 =( LENGTH_UNIT ( ) NAMED_UNIT ( * ) SI_UNIT ( $, .METRE. ) );
#4759 = B_SPLINE_CURVE_WITH_KNOTS ( 'NONE', 3,
 ( #1473, #4841, #4877, #2312, #2734, #2354, #5309, #1057, #4006, #1493 ),
 .UNSPECIFIED., .F., .F.,
 ( 4, 2, 2, 2, 4 ),
 ( 0.001927986096986392030, 0.002867424414994776752, 0.003806862733003161907, 0.005685739369019920941, 0.009443492641053451153 ),
 .UNSPECIFIED. ) ;
#4760 = FACE_OUTER_BOUND ( 'NONE', #3064, .T. ) ;
#4761 = CARTESIAN_POINT ( 'NONE',  ( -0.2219671309420319649, 1.951176915564387659, 0.2219663980087926980 ) ) ;
#4762 = LINE ( 'NONE', #1570, #5310 ) ;
#4763 = ORIENTED_EDGE ( 'NONE', *, *, #2842, .F. ) ;
#4764 = CARTESIAN_POINT ( 'NONE',  ( -0.4183594107804879392, 1.810721966159430707, 0.3751575406489686682 ) ) ;
#4765 = ORIENTED_EDGE ( 'NONE', *, *, #1944, .T. ) ;
#4766 = B_SPLINE_CURVE_WITH_KNOTS ( 'NONE', 3,
 ( #5188, #1579, #4686, #3018, #4145, #1274, #2164, #3859, #4357, #3842, #4715, #2642, #119, #2182, #4745, #1326 ),
 .UNSPECIFIED., .F., .F.,
 ( 4, 2, 2, 2, 2, 2, 2, 4 ),
 ( 4.336808689942017736E-19, 0.002046144476153332649, 0.004092288952306665298, 0.005115361190383338127, 0.006138433428460014427, 0.007161505666536687256, 0.007673041785575025406, 0.008184577904613361821 ),
 .UNSPECIFIED. ) ;
#4767 = DIRECTION ( 'NONE',  ( 0.0000000000000000000, 0.0000000000000000000, 1.000000000000000000 ) ) ;
#4768 = LINE ( 'NONE', #4023, #3713 ) ;
#4769 = DIRECTION ( 'NONE',  ( 0.0000000000000000000, 1.000000000000000000, 2.220446049250310369E-16 ) ) ;
#4770 = AXIS2_PLACEMENT_3D ( 'NONE', #2663, #2257, #4396 ) ;
#4771 = ORIENTED_EDGE ( 'NONE', *, *, #1810, .T. ) ;
#4772 = CARTESIAN_POINT ( 'NONE',  ( 0.2226065540414061961, 1.794889389857936113, -0.006236235756089952495 ) ) ;
#4773 = EDGE_CURVE ( 'NONE', #5359, #2356, #3754, .T. ) ;
#4774 = CARTESIAN_POINT ( 'NONE',  ( -1.389870663509345823E-17, 0.2632087033490721484, -6.490140971714850841E-17 ) ) ;
#4775 = EDGE_LOOP ( 'NONE', ( #4608, #660, #1196, #911 ) ) ;
#4776 = CARTESIAN_POINT ( 'NONE',  ( -0.0001499809326302009289, 1.844127897531955051, 0.7305544129797204578 ) ) ;
#4777 = CARTESIAN_POINT ( 'NONE',  ( -0.2224416524129223804, 1.926334100157303331, -0.2224409702840963177 ) ) ;
#4778 = CARTESIAN_POINT ( 'NONE',  ( 0.2222062818467827605, 1.944206735630335858, 0.2222069639756088233 ) ) ;
#4779 = CARTESIAN_POINT ( 'NONE',  ( -7.075310326648127823E-07, 1.787308509606122309, -2.540220658365646729E-08 ) ) ;
#4780 = FILL_AREA_STYLE_COLOUR ( '', #1862 ) ;
#4781 = CARTESIAN_POINT ( 'NONE',  ( -0.09303229790398810650, 2.171019139527381903, -0.05222700796567297798 ) ) ;
#4782 = CARTESIAN_POINT ( 'NONE',  ( -0.04167947208967853756, 1.743193393742112018, 0.04167873915643925675 ) ) ;
#4783 = CARTESIAN_POINT ( 'NONE',  ( 0.1926388015784979701, 1.926334100157303553, -0.1112204978431514668 ) ) ;
#4784 = CARTESIAN_POINT ( 'NONE',  ( 0.2262965081623456165, 1.097447630359797754, -0.3040266792145613350 ) ) ;
#4785 = CARTESIAN_POINT ( 'NONE',  ( 0.5612801876534783130, 1.871168163348057689, -0.02265861462177012550 ) ) ;
#4786 = ORIENTED_EDGE ( 'NONE', *, *, #3686, .T. ) ;
#4787 = CARTESIAN_POINT ( 'NONE',  ( -0.0001499809305422073868, 1.116638417020443086, 0.006509137389169245350 ) ) ;
#4788 = CARTESIAN_POINT ( 'NONE',  ( -0.3940010348355336145, 1.841424366017939462, -0.4003809219310531797 ) ) ;
#4789 = CARTESIAN_POINT ( 'NONE',  ( 0.4497052738582945075, 1.747078126644263429, -0.3368954886876123767 ) ) ;
#4790 = ORIENTED_EDGE ( 'NONE', *, *, #5321, .T. ) ;
#4791 = CARTESIAN_POINT ( 'NONE',  ( 0.1196774754811078811, 1.788020222360586553, 0.1882511655121076322 ) ) ;
#4792 = CARTESIAN_POINT ( 'NONE',  ( 0.0000000000000000000, 0.0000000000000000000, 0.0000000000000000000 ) ) ;
#4793 = CARTESIAN_POINT ( 'NONE',  ( -0.1938143492571302029, 1.926372906733586854, 0.1091678694277150863 ) ) ;
#4794 = CARTESIAN_POINT ( 'NONE',  ( -0.3808641925771820147, 1.871168163348057689, 0.4129075438224912298 ) ) ;
#4795 = DIRECTION ( 'NONE',  ( 0.0000000000000000000, 1.000000000000000000, 0.0000000000000000000 ) ) ;
#4796 = CARTESIAN_POINT ( 'NONE',  ( 0.1381541023031623849, 1.114512169000843711, -0.2531376374647423821 ) ) ;
#4797 = CARTESIAN_POINT ( 'NONE',  ( -0.0001499809305422073868, 1.116638417020445528, 0.006509137389169245350 ) ) ;
#4798 = EDGE_CURVE ( 'NONE', #386, #1001, #4613, .T. ) ;
#4799 = CARTESIAN_POINT ( 'NONE',  ( 0.1913840336555714949, 1.923789154167841575, -0.1133938196373676793 ) ) ;
#4800 = ORIENTED_EDGE ( 'NONE', *, *, #1149, .T. ) ;
#4801 = PRODUCT_DEFINITION_CONTEXT ( 'detailed design', #3962, 'design' ) ;
#4802 = CARTESIAN_POINT ( 'NONE',  ( 0.01857426139264297185, 1.093786451797519543, 0.2067059877828699155 ) ) ;
#4803 = CARTESIAN_POINT ( 'NONE',  ( -0.0001499809305422073868, 1.283469125681860223, 0.006509137389169282646 ) ) ;
#4804 = CARTESIAN_POINT ( 'NONE',  ( 0.4239859217333294961, 1.839571487907240011, 0.7305544129830477962 ) ) ;
#4805 = CARTESIAN_POINT ( 'NONE',  ( 0.8768453213800522228, 1.191757078582162510, -0.4764589449466598570 ) ) ;
#4806 = CARTESIAN_POINT ( 'NONE',  ( -0.2223214390071569790, 1.939796410036158436, -2.540220661308549215E-08 ) ) ;
#4807 = CARTESIAN_POINT ( 'NONE',  ( -0.08605688232216290867, 1.920083449312244950, 0.2052209677221126238 ) ) ;
#4808 = CARTESIAN_POINT ( 'NONE',  ( -1.389870663509346131E-17, 0.2084659632555735664, -7.705673981372306633E-17 ) ) ;
#4809 = VERTEX_POINT ( 'NONE', #765 ) ;
#4810 = CARTESIAN_POINT ( 'NONE',  ( 0.02709216037087658346, 1.814965130096564350, -1.379133883669923177 ) ) ;
#4811 = CARTESIAN_POINT ( 'NONE',  ( -0.1780392056861780092, 1.879993453525609537, -0.1337375804520491429 ) ) ;
#4812 = CARTESIAN_POINT ( 'NONE',  ( -0.1146860377808915366, 1.921271663787443851, -2.540220663090478234E-08 ) ) ;
#4813 = FACE_OUTER_BOUND ( 'NONE', #3451, .T. ) ;
#4814 = ORIENTED_EDGE ( 'NONE', *, *, #1495, .T. ) ;
#4815 = CARTESIAN_POINT ( 'NONE',  ( 0.2607250439085265215, 1.085183156797603798, -0.3239040035954229846 ) ) ;
#4816 = SURFACE_STYLE_FILL_AREA ( #2205 ) ;
#4817 = DIRECTION ( 'NONE',  ( -0.0000000000000000000, -1.000000000000000000, -0.0000000000000000000 ) ) ;
#4818 = ORIENTED_EDGE ( 'NONE', *, *, #1286, .F. ) ;
#4819 = EDGE_CURVE ( 'NONE', #4295, #3932, #4633, .T. ) ;
#4820 = MANIFOLD_SOLID_BREP ( 'Escala1', #1675 ) ;
#4821 = CIRCLE ( 'NONE', #4690, 0.5683366141732283383 ) ;
#4822 = LENGTH_MEASURE_WITH_UNIT ( LENGTH_MEASURE( 0.02539999999999999897 ), #4725 );
#4823 = DIRECTION ( 'NONE',  ( 0.0000000000000000000, 1.000000000000000000, 2.220446049250310123E-16 ) ) ;
#4824 = ORIENTED_EDGE ( 'NONE', *, *, #4098, .F. ) ;
#4825 = CARTESIAN_POINT ( 'NONE',  ( -7.075310327187932391E-07, 2.169627812087729701, -0.1137727091427309239 ) ) ;
#4826 = CARTESIAN_POINT ( 'NONE',  ( 0.3458041885207959742, 1.784288654177406341, 0.5970898460448477163 ) ) ;
#4827 = CARTESIAN_POINT ( 'NONE',  ( 0.8664065495464119415, 1.280324924689947297, -0.4945394281311474849 ) ) ;
#4828 = CIRCLE ( 'NONE', #2206, 0.1557086614173232575 ) ;
#4829 = CARTESIAN_POINT ( 'NONE',  ( -0.2204596689638581852, 1.879993453525606872, 0.03132547188050775755 ) ) ;
#4830 = CARTESIAN_POINT ( 'NONE',  ( -0.5008784202953063813, 1.144599762124202336, -0.2623412842159806857 ) ) ;
#4831 = APPLICATION_CONTEXT ( 'automotive_design' ) ;
#4832 = CARTESIAN_POINT ( 'NONE',  ( -1.389870663509346131E-17, 0.2084659632555735109, 0.08897637795275581407 ) ) ;
#4833 = VERTEX_POINT ( 'NONE', #2969 ) ;
#4834 = CIRCLE ( 'NONE', #838, 0.01668307086614216270 ) ;
#4835 = ORIENTED_EDGE ( 'NONE', *, *, #2593, .F. ) ;
#4836 = CARTESIAN_POINT ( 'NONE',  ( -0.1085581686427862236, 1.926437203932589215, -1.379133883669923177 ) ) ;
#4837 = CIRCLE ( 'NONE', #2307, 0.2137171453055093095 ) ;
#4838 = CARTESIAN_POINT ( 'NONE',  ( -0.3587525908654076168, 1.898757680464179476, 0.4322756177508878528 ) ) ;
#4839 = ORIENTED_EDGE ( 'NONE', *, *, #5212, .F. ) ;
#4840 = PRESENTATION_STYLE_ASSIGNMENT (( #4590 ) ) ;
#4841 = CARTESIAN_POINT ( 'NONE',  ( 0.005386818679758914770, 1.281466257262563246, 0.5748457515623975889 ) ) ;
#4842 = CARTESIAN_POINT ( 'NONE',  ( 0.3996157094491495920, 1.091705001674053044, -0.04449881639543627754 ) ) ;
#4843 = EDGE_CURVE ( 'NONE', #5367, #4032, #2641, .T. ) ;
#4844 = ORIENTED_EDGE ( 'NONE', *, *, #3579, .T. ) ;
#4845 = CARTESIAN_POINT ( 'NONE',  ( -0.5662429094733311130, 1.703893155275413740, 0.4089526760005641748 ) ) ;
#4846 = B_SPLINE_SURFACE_WITH_KNOTS ( 'NONE', 5, 1, ( 
 ( #154, #3488 ),
 ( #4341, #2623 ),
 ( #563, #116 ),
 ( #4782, #544 ),
 ( #167, #100 ),
 ( #3540, #4744 ),
 ( #2254, #3055 ),
 ( #2661, #4321 ),
 ( #5230, #999 ),
 ( #1774, #1811 ),
 ( #3130, #4370 ),
 ( #505, #3944 ),
 ( #1433, #3076 ),
 ( #3931, #3519 ),
 ( #1790, #4728 ) ),
 .UNSPECIFIED., .F., .F., .F.,
 ( 6, 1, 1, 1, 1, 1, 1, 1, 1, 1, 6 ),
 ( 2, 2 ),
 ( -1.000000000000000000, -0.9000000000000000222, -0.8000000000000000444, -0.6999999999999999556, -0.5999999999999999778, -0.5000000000000000000, -0.4000000000000000222, -0.2999999999999999889, -0.2000000000000000111, -0.1000000000000000056, 0.0000000000000000000 ),
 ( 0.0000000000000000000, 6.200000000000000178 ),
 .UNSPECIFIED. ) ;
#4847 = CARTESIAN_POINT ( 'NONE',  ( -7.075310326648127823E-07, 1.712158471848197250, -0.1052743928705343751 ) ) ;
#4848 = CARTESIAN_POINT ( 'NONE',  ( 0.08605546726009916103, 1.920083449312244728, -0.2052210185265251341 ) ) ;
#4849 = CARTESIAN_POINT ( 'NONE',  ( -0.1112211799719775296, 1.926334100157303553, -0.1926395345117372371 ) ) ;
#4850 = CARTESIAN_POINT ( 'NONE',  ( 0.5904307277355085315, 1.706106920971782070, 0.3524633068492656340 ) ) ;
#4851 = CARTESIAN_POINT ( 'NONE',  ( 0.2219657158799666352, 1.951176915564387659, -0.2219664488132059021 ) ) ;
#4852 = EDGE_CURVE ( 'NONE', #4901, #2838, #2183, .T. ) ;
#4853 = AXIS2_PLACEMENT_3D ( 'NONE', #977, #5223, #1819 ) ;
#4854 = APPLICATION_PROTOCOL_DEFINITION ( 'draft international standard', 'automotive_design', 1998, #1899 ) ;
#4855 = CARTESIAN_POINT ( 'NONE',  ( -0.08342891854813452857, 1.868094336185801341, 0.2062596825378665288 ) ) ;
#4856 = CARTESIAN_POINT ( 'NONE',  ( 1.593295028329734879E-17, 0.4189173647663950728, -0.2435939647183234802 ) ) ;
#4857 = B_SPLINE_SURFACE_WITH_KNOTS ( 'NONE', 5, 1, ( 
 ( #3459, #4286 ),
 ( #1775, #1349 ),
 ( #932, #65 ),
 ( #2221, #971 ),
 ( #3915, #3892 ),
 ( #5150, #3525 ),
 ( #507, #4324 ),
 ( #2611, #1368 ),
 ( #478, #2624 ),
 ( #4731, #5131 ),
 ( #4303, #1745 ),
 ( #493, #2238 ),
 ( #2665, #86 ),
 ( #912, #1380 ),
 ( #5183, #3041 ) ),
 .UNSPECIFIED., .F., .F., .F.,
 ( 6, 1, 1, 1, 1, 1, 1, 1, 1, 1, 6 ),
 ( 2, 2 ),
 ( 0.0000000000000000000, 0.1000000000000000056, 0.2000000000000000111, 0.2999999999999999889, 0.4000000000000000222, 0.5000000000000000000, 0.5999999999999999778, 0.6999999999999999556, 0.8000000000000000444, 0.9000000000000000222, 1.000000000000000000 ),
 ( 0.0000000000000000000, 6.200000000000000178 ),
 .UNSPECIFIED. ) ;
#4858 = CARTESIAN_POINT ( 'NONE',  ( 0.4528976973770429404, 1.920616772260015370, 0.3322492060899103761 ) ) ;
#4859 = CARTESIAN_POINT ( 'NONE',  ( -0.009288003803139087758, 1.797124093125409772, -2.540220661154347860E-08 ) ) ;
#4860 = CARTESIAN_POINT ( 'NONE',  ( 0.02663417951254123603, 0.2084659632555735109, 0.2120510284795381062 ) ) ;
#4861 = ORIENTED_EDGE ( 'NONE', *, *, #4072, .F. ) ;
#4862 = CARTESIAN_POINT ( 'NONE',  ( 0.007806783400510409858, 1.855274910722188642, 0.2224409194796694855 ) ) ;
#4863 = CARTESIAN_POINT ( 'NONE',  ( -1.448240532114255075, 1.854859608305820862, 0.7305544129797205688 ) ) ;
#4864 = ORIENTED_EDGE ( 'NONE', *, *, #3544, .F. ) ;
#4865 = CARTESIAN_POINT ( 'NONE',  ( -0.8643841870662848370, 1.100595331416947431, -0.4985618118817782829 ) ) ;
#4866 = CARTESIAN_POINT ( 'NONE',  ( 0.1169298819808422402, 1.898198045511198417, -0.1895011538749804270 ) ) ;
#4867 = CARTESIAN_POINT ( 'NONE',  ( 0.1703244878056281164, 0.4309069081374634069, -0.1290913903065832868 ) ) ;
#4868 = CARTESIAN_POINT ( 'NONE',  ( -0.4917216971624022159, 1.070680025443780714, -0.2787349020904713592 ) ) ;
#4869 = AXIS2_PLACEMENT_3D ( 'NONE', #5258, #1854, #3510 ) ;
#4870 =( NAMED_UNIT ( * ) SI_UNIT ( $, .STERADIAN. ) SOLID_ANGLE_UNIT ( ) );
#4871 = CARTESIAN_POINT ( 'NONE',  ( -0.2148621610165931672, 1.703893155275413740, 0.05757192754382645106 ) ) ;
#4872 = CARTESIAN_POINT ( 'NONE',  ( -0.0001499809305422190148, 1.706106920943564420, 0.5748457515623969227 ) ) ;
#4873 = ORIENTED_EDGE ( 'NONE', *, *, #2902, .F. ) ;
#4874 = CARTESIAN_POINT ( 'NONE',  ( -0.07041501706511470171, 1.321328165933094656, 0.5704860173914162447 ) ) ;
#4875 = CARTESIAN_POINT ( 'NONE',  ( 0.3751568585201421890, 1.810721966159431817, 0.4183586778472492274 ) ) ;
#4876 = AXIS2_PLACEMENT_3D ( 'NONE', #5337, #1082, #615 ) ;
#4877 = CARTESIAN_POINT ( 'NONE',  ( 0.009788937743678642264, 1.270072266898311986, 0.5747719605368156737 ) ) ;
#4878 = CARTESIAN_POINT ( 'NONE',  ( 0.4697752348416664447, 1.910031424489863738, 0.3078595839100364828 ) ) ;
#4879 = CARTESIAN_POINT ( 'NONE',  ( -0.0001499809326302029618, 1.844127897531954829, 0.7138713421135784998 ) ) ;
#4880 = EDGE_CURVE ( 'NONE', #2064, #2057, #1130, .T. ) ;
#4881 = CARTESIAN_POINT ( 'NONE',  ( -0.0001499809326304669922, 1.844127897531954829, -0.7175361382013824008 ) ) ;
#4882 = CARTESIAN_POINT ( 'NONE',  ( 0.04452439204534189288, 1.032529751913350502, 1.007493389357672964 ) ) ;
#4883 = DIRECTION ( 'NONE',  ( 0.5927749789987978302, 1.788276481696937955E-16, -0.8053681296605761375 ) ) ;
#4884 = CARTESIAN_POINT ( 'NONE',  ( 0.1534928591668390796, 2.142233843638553292, -2.540220727276587540E-08 ) ) ;
#4885 = ORIENTED_EDGE ( 'NONE', *, *, #4669, .F. ) ;
#4886 = ORIENTED_EDGE ( 'NONE', *, *, #5201, .F. ) ;
#4887 = CARTESIAN_POINT ( 'NONE',  ( -0.1541843171850707239, 1.786063840511599166, -0.1607049806647757872 ) ) ;
#4888 = CIRCLE ( 'NONE', #1204, 0.2224409448818897572 ) ;
#4889 = CARTESIAN_POINT ( 'NONE',  ( -0.01603745149347166402, 1.168767784221349970, 0.5746813870681549696 ) ) ;
#4890 = VECTOR ( 'NONE', #4111, 39.37007874015748854 ) ;
#4891 = CARTESIAN_POINT ( 'NONE',  ( -0.08045193528351507473, 2.171019139527381903, 0.07007707838102197884 ) ) ;
#4892 = CARTESIAN_POINT ( 'NONE',  ( 0.2148607459545278375, 1.703893155275413740, -0.05757197834823968990 ) ) ;
#4893 = CARTESIAN_POINT ( 'NONE',  ( 0.09667568427355029137, 2.171019139527382791, -0.04504345965238320398 ) ) ;
#4894 =( BOUNDED_SURFACE ( )  B_SPLINE_SURFACE ( 3, 3, ( 
 ( #5125, #4708, #5141, #2605 ),
 ( #78, #3033, #484, #1361 ),
 ( #1025, #4949, #1188, #3670 ),
 ( #3978, #930, #2610, #2162 ) ),
 .UNSPECIFIED., .F., .F., .F. ) 
 B_SPLINE_SURFACE_WITH_KNOTS ( ( 4, 4 ),
 ( 4, 4 ),
 ( 0.0000000000000000000, 1.000000000000000000 ),
 ( 0.0000000000000000000, 1.000000000000000000 ),
 .UNSPECIFIED. ) 
 GEOMETRIC_REPRESENTATION_ITEM ( )  RATIONAL_B_SPLINE_SURFACE ( (
 ( 1.000000000000000000, 0.3333333333333334259, 0.3333333333333334259, 1.000000000000000000),
 ( 0.8047378541243653816, 0.2682459513747885160, 0.2682459513747885160, 0.8047378541243653816),
 ( 0.8047378541243653816, 0.2682459513747885160, 0.2682459513747885160, 0.8047378541243653816),
 ( 1.000000000000000000, 0.3333333333333334259, 0.3333333333333334259, 1.000000000000000000) ) ) 
 REPRESENTATION_ITEM ( '' )  SURFACE ( )  );
#4895 = CARTESIAN_POINT ( 'NONE',  ( 0.4160644350654603141, 1.812484271563131299, 0.3774443162643029703 ) ) ;
#4896 = CYLINDRICAL_SURFACE ( 'NONE', #5363, 0.2224409448818897572 ) ;
#4897 = PRODUCT_DEFINITION_SHAPE ( 'NONE', 'NONE',  #4488 ) ;
#4898 = CARTESIAN_POINT ( 'NONE',  ( -0.2769637819292150582, 1.077909019366944277, -0.3331062603017046486 ) ) ;
#4899 = CIRCLE ( 'NONE', #5412, 0.2224409448818897572 ) ;
#4900 = VERTEX_POINT ( 'NONE', #3857 ) ;
#4901 = VERTEX_POINT ( 'NONE', #2558 ) ;
#4902 = DIRECTION ( 'NONE',  ( 0.0000000000000000000, 0.0000000000000000000, 1.000000000000000000 ) ) ;
#4903 = FACE_OUTER_BOUND ( 'NONE', #2589, .T. ) ;
#4904 = CARTESIAN_POINT ( 'NONE',  ( 0.2220554070810909775, 1.948578194645492756, -0.2220561400143302999 ) ) ;
#4905 = CARTESIAN_POINT ( 'NONE',  ( 0.2142395915420495234, 1.926372906733586188, 0.05985355622667468817 ) ) ;
#4906 = VECTOR ( 'NONE', #620, 39.37007874015748143 ) ;
#4907 = CARTESIAN_POINT ( 'NONE',  ( 0.2215871389237676348, 1.960695240334310752, -2.540220752448722261E-08 ) ) ;
#4908 = VERTEX_POINT ( 'NONE', #2539 ) ;
#4909 = CARTESIAN_POINT ( 'NONE',  ( -0.5016947471510709855, 1.116638417020444196, -0.2608096881482107054 ) ) ;
#4910 = CARTESIAN_POINT ( 'NONE',  ( 1.246288661900705863, 1.850761759466507117, -0.6167101840300039939 ) ) ;
#4911 = ORIENTED_EDGE ( 'NONE', *, *, #1386, .T. ) ;
#4912 = CARTESIAN_POINT ( 'NONE',  ( -0.0001499809324083068655, 1.839571487886584755, 0.7305544129797202357 ) ) ;
#4913 = CARTESIAN_POINT ( 'NONE',  ( 0.05900116739996664333, 1.840316686037733129, 0.2147833557199184951 ) ) ;
#4914 = CARTESIAN_POINT ( 'NONE',  ( -0.01676749766159280411, 2.171019139527381459, 0.1056916913384380041 ) ) ;
#4915 = CARTESIAN_POINT ( 'NONE',  ( 0.3581526481268868523, 1.070558670753936070, -0.2255369941725788863 ) ) ;
#4916 = EDGE_CURVE ( 'NONE', #3339, #4382, #456, .T. ) ;
#4917 = CARTESIAN_POINT ( 'NONE',  ( 0.04586007684167692222, 2.171019139527381903, -0.09632970441255057914 ) ) ;
#4918 = DIRECTION ( 'NONE',  ( 0.8660254037844455910, 2.794832266851520131E-15, -0.4999999999999878431 ) ) ;
#4919 = CARTESIAN_POINT ( 'NONE',  ( 0.03222428658096973542, 1.880722551463958725, 0.2202493347445819427 ) ) ;
#4920 = CARTESIAN_POINT ( 'NONE',  ( 0.07864404273873103202, 1.926334100157303553, -0.07864477567197031282 ) ) ;
#4921 = CARTESIAN_POINT ( 'NONE',  ( 0.06098896035222190620, 1.926334100157303553, -0.2139164445276169058 ) ) ;
#4922 = B_SPLINE_CURVE_WITH_KNOTS ( 'NONE', 3,
 ( #2851, #2826, #4438, #3206, #4018, #1900, #2309, #2380, #3239, #1500, #1491, #4855, #4058, #644, #613, #2730, #5278, #200, #4458, #1052, #2347, #5335, #5298, #1916, #683, #4871 ),
 .UNSPECIFIED., .F., .F.,
 ( 4, 2, 2, 2, 2, 2, 2, 2, 2, 2, 2, 2, 4 ),
 ( 2.168404344971008868E-19, 0.0002690146151042893175, 0.0005380292302085784182, 0.0008070438453128675731, 0.001076058460417156620, 0.001614087690625752494, 0.002152116920834348801, 0.003228175381251539681, 0.004304233841668729695, 0.005380292302085920575, 0.006456350762503111455, 0.007532409222920302336, 0.008608467683337492349 ),
 .UNSPECIFIED. ) ;
#4923 = DIRECTION ( 'NONE',  ( -0.5033971688368538144, 0.0000000000000000000, -0.8640551431517783376 ) ) ;
#4924 = CARTESIAN_POINT ( 'NONE',  ( -0.0001499809305421801462, 1.339079361902335119, -0.2159318074927204789 ) ) ;
#4925 = EDGE_CURVE ( 'NONE', #3803, #5351, #101, .T. ) ;
#4926 = ORIENTED_EDGE ( 'NONE', *, *, #140, .F. ) ;
#4927 = CARTESIAN_POINT ( 'NONE',  ( 0.1091671872988889819, 1.926372906733586188, 0.1938136163238909082 ) ) ;
#4928 = EDGE_CURVE ( 'NONE', #4137, #3775, #319, .T. ) ;
#4929 = CARTESIAN_POINT ( 'NONE',  ( -7.075310325253284787E-07, 2.171019139527382347, 0.1083862841415767359 ) ) ;
#4930 = DIRECTION ( 'NONE',  ( 0.0000000000000000000, 1.000000000000000000, 2.220446049250310123E-16 ) ) ;
#4931 = ORIENTED_EDGE ( 'NONE', *, *, #1809, .F. ) ;
#4932 = CARTESIAN_POINT ( 'NONE',  ( 0.2062590004090404383, 1.868094336185800453, 0.08342818561489571960 ) ) ;
#4933 = CARTESIAN_POINT ( 'NONE',  ( -0.09667709933561466351, 2.171019139527382347, 0.04504340884797336519 ) ) ;
#4934 = CARTESIAN_POINT ( 'NONE',  ( 0.3625278924176957851, 1.789644698317992999, 0.4293099291747181079 ) ) ;
#4935 = CARTESIAN_POINT ( 'NONE',  ( 0.03608548491702139038, 2.171019139527382791, -0.1003404099655835768 ) ) ;
#4936 = CARTESIAN_POINT ( 'NONE',  ( -1.389870663509346131E-17, 0.4189173647663950173, -3.032714150933363580E-17 ) ) ;
#4937 = CARTESIAN_POINT ( 'NONE',  ( -0.4167336671869427689, 1.085183156797603798, -0.05420869084206540039 ) ) ;
#4938 = DIRECTION ( 'NONE',  ( 0.0000000000000000000, -1.000000000000000000, 0.0000000000000000000 ) ) ;
#4939 = DIRECTION ( 'NONE',  ( 0.0000000000000000000, -1.000000000000000000, -2.220446049250310123E-16 ) ) ;
#4940 = VERTEX_POINT ( 'NONE', #2638 ) ;
#4941 = CARTESIAN_POINT ( 'NONE',  ( -0.09325239261796240686, 1.717290162073727755, 0.2021934544980760196 ) ) ;
#4942 = CARTESIAN_POINT ( 'NONE',  ( 0.3463858623319632235, 1.848584231490360663, -0.4422382231754796722 ) ) ;
#4943 = DIRECTION ( 'NONE',  ( 0.0000000000000000000, -0.0000000000000000000, 1.000000000000000000 ) ) ;
#4944 = CARTESIAN_POINT ( 'NONE',  ( 0.8889719045505359851, 1.283469125681862666, -0.4554550867731761432 ) ) ;
#4945 = CARTESIAN_POINT ( 'NONE',  ( -7.075310330356057960E-07, 1.789862635970363325, 0.2224409194796831968 ) ) ;
#4946 = SHAPE_REPRESENTATION ( 'EDF3', ( #477 ), #2181 ) ;
#4947 = DIRECTION ( 'NONE',  ( -0.7071067811865473507, 0.0000000000000000000, -0.7071067811865476838 ) ) ;
#4948 = EDGE_CURVE ( 'NONE', #90, #4382, #3504, .T. ) ;
#4949 = CARTESIAN_POINT ( 'NONE',  ( 0.1910102564574013284, 2.166412236717524031, -0.09550550739642360565 ) ) ;
#4950 = CARTESIAN_POINT ( 'NONE',  ( -1.389870663509346131E-17, 0.4189173647663949618, 0.2435939647183233969 ) ) ;
#4951 = CARTESIAN_POINT ( 'NONE',  ( 0.5199766936651886162, 1.283469125681861778, -0.2937861382013867151 ) ) ;
#4952 = CARTESIAN_POINT ( 'NONE',  ( -0.2083740300452633643, 1.102392261606544910, -0.2935059485878551144 ) ) ;
#4953 = ADVANCED_FACE ( 'NONE', ( #4560 ), #4846, .T. ) ;
#4954 = CIRCLE ( 'NONE', #2834, 0.09751115400457018023 ) ;
#4955 = CARTESIAN_POINT ( 'NONE',  ( 0.5498170873115088009, 1.920387216501465044, -0.1147441072299362069 ) ) ;
#4956 = ORIENTED_EDGE ( 'NONE', *, *, #5037, .T. ) ;
#4957 = LINE ( 'NONE', #3191, #1061 ) ;
#4958 = VERTEX_POINT ( 'NONE', #1395 ) ;
#4959 = B_SPLINE_CURVE_WITH_KNOTS ( 'NONE', 3,
 ( #258, #2343, #1496, #1895, #3230, #1549, #4454, #3249, #1909, #4866, #1930, #4501, #4848, #4033, #661, #4921 ),
 .UNSPECIFIED., .F., .F.,
 ( 4, 2, 2, 2, 2, 2, 2, 4 ),
 ( 2.168404344971008868E-19, 0.002049096695270281702, 0.004098193390540562538, 0.005122741738175710761, 0.006147290085810858118, 0.007171838433446007209, 0.007684112607263579586, 0.008196386781081152831 ),
 .UNSPECIFIED. ) ;
#4960 = CARTESIAN_POINT ( 'NONE',  ( -0.4685895737997190502, 1.283469125681861778, -0.3153151234154643601 ) ) ;
#4961 = VECTOR ( 'NONE', #671, 39.37007874015748854 ) ;
#4962 = CARTESIAN_POINT ( 'NONE',  ( -0.009375418711112913292, 1.782227950111140657, 0.2224409194796831413 ) ) ;
#4963 = CARTESIAN_POINT ( 'NONE',  ( 0.4426832654213094242, 1.736191466982981657, -0.3463500850811548348 ) ) ;
#4964 = CARTESIAN_POINT ( 'NONE',  ( 0.6895662216028255465, 1.703893155275413740, 0.1112204470387383598 ) ) ;
#4965 = EDGE_LOOP ( 'NONE', ( #25, #1558, #2780, #4103, #2103, #1979 ) ) ;
#4966 = CARTESIAN_POINT ( 'NONE',  ( 0.4192815428862168292, 1.861978220042650456, 0.7225235359514182720 ) ) ;
#4967 = CARTESIAN_POINT ( 'NONE',  ( 0.8572504112181057456, 1.121679035277891812, -0.5103983249169011804 ) ) ;
#4968 = CARTESIAN_POINT ( 'NONE',  ( 0.05757124541500042991, 1.703893155275413740, 0.2148614280833539281 ) ) ;
#4969 = CIRCLE ( 'NONE', #4000, 0.5905807086614173196 ) ;
#4970 = B_SPLINE_SURFACE_WITH_KNOTS ( 'NONE', 5, 1, ( 
 ( #4619, #1697 ),
 ( #3466, #2567 ),
 ( #4672, #3432 ),
 ( #44, #4293 ),
 ( #3867, #2998 ),
 ( #866, #449 ),
 ( #888, #903 ),
 ( #5171, #5105 ),
 ( #74, #3446 ),
 ( #2141, #4336 ),
 ( #4276, #4311 ),
 ( #1713, #941 ),
 ( #3069, #107 ),
 ( #3828, #1305 ) ),
 .UNSPECIFIED., .F., .F., .F.,
 ( 6, 1, 1, 1, 1, 1, 1, 1, 1, 6 ),
 ( 2, 2 ),
 ( -0.8018172745509960508, -0.8000000000000000444, -0.6999999999999999556, -0.5999999999999999778, -0.5000000000000000000, -0.4000000000000000222, -0.2999999999999999889, -0.2000000000000000111, -0.1000000000000000056, 0.0000000000000000000 ),
 ( 0.0000000000000000000, 3.600000000000000089 ),
 .UNSPECIFIED. ) ;
#4971 = PRESENTATION_STYLE_ASSIGNMENT (( #964 ) ) ;
#4972 = CARTESIAN_POINT ( 'NONE',  ( 0.09882847804078372100, 2.171019139527382347, -0.04003650806916634469 ) ) ;
#4973 = ORIENTED_EDGE ( 'NONE', *, *, #3453, .F. ) ;
#4974 = CIRCLE ( 'NONE', #4059, 0.09751115400457016635 ) ;
#4975 = CARTESIAN_POINT ( 'NONE',  ( -0.1177786924235987159, 2.167410704699057611, -2.540220652680612388E-08 ) ) ;
#4976 = PLANE ( 'NONE',  #2109 ) ;
#4977 = EDGE_LOOP ( 'NONE', ( #3097, #2088, #2374, #2658, #3058 ) ) ;
#4978 = CIRCLE ( 'NONE', #3890, 0.2224409448818897572 ) ;
#4979 = CARTESIAN_POINT ( 'NONE',  ( 1.379133150736683966, 1.870764955127810936, -0.09003964396795545444 ) ) ;
#4980 = ORIENTED_EDGE ( 'NONE', *, *, #1706, .T. ) ;
#4981 = CARTESIAN_POINT ( 'NONE',  ( 0.9371524460248265020, 1.781347149670130747, 1.013236627732073014 ) ) ;
#4982 = STYLED_ITEM ( 'NONE', ( #4840 ), #5396 ) ;
#4983 = CARTESIAN_POINT ( 'NONE',  ( -0.07960452511231602690, 1.924745851044262768, 0.07960379217907674609 ) ) ;
#4984 = CARTESIAN_POINT ( 'NONE',  ( -0.4089534089338034972, 1.926334100157303553, 0.5662421765400917906 ) ) ;
#4985 = ORIENTED_EDGE ( 'NONE', *, *, #1509, .T. ) ;
#4986 = CARTESIAN_POINT ( 'NONE',  ( -0.0001499809305422073868, 1.339079361902332899, 0.5970898460505865701 ) ) ;
#4987 = ADVANCED_FACE ( 'NONE', ( #3045 ), #2219, .T. ) ;
#4988 = CARTESIAN_POINT ( 'NONE',  ( -7.075310326882048677E-07, 2.166412236717524031, -0.09550550739642360565 ) ) ;
#4989 = CARTESIAN_POINT ( 'NONE',  ( -1.291877065691840576, 1.839571487823678186, -0.6393544049905465210 ) ) ;
#4990 = DIRECTION ( 'NONE',  ( 0.0000000000000000000, 0.0000000000000000000, -1.000000000000000000 ) ) ;
#4991 = CARTESIAN_POINT ( 'NONE',  ( -1.389870663509345823E-17, 0.2632087033490722039, -0.09751115400457024962 ) ) ;
#4992 = CARTESIAN_POINT ( 'NONE',  ( -0.09882989310284907847, 2.171019139527382347, 0.04003645726475333483 ) ) ;
#4993 = CARTESIAN_POINT ( 'NONE',  ( -0.8965508606063379293, 1.703893155275413740, -1.053839679017039677 ) ) ;
#4994 = CARTESIAN_POINT ( 'NONE',  ( -0.8955917932948178617, 1.924745851044262768, 1.054798695524146845 ) ) ;
#4995 = EDGE_CURVE ( 'NONE', #1967, #210, #4356, .T. ) ;
#4996 = CARTESIAN_POINT ( 'NONE',  ( -0.5587708664547454962, 1.839352583142787934, 0.05783280125204409011 ) ) ;
#4997 = CARTESIAN_POINT ( 'NONE',  ( 0.2224369422182544409, 1.930860030043400233, -2.540220753461949690E-08 ) ) ;
#4998 = CARTESIAN_POINT ( 'NONE',  ( 0.05546025528993022563, 1.005417944579500622, 0.2067059877828699155 ) ) ;
#4999 = CARTESIAN_POINT ( 'NONE',  ( -0.03804245732024331972, 1.781347149670130747, 0.03804172438700403891 ) ) ;
#5000 = VERTEX_POINT ( 'NONE', #131 ) ;
#5001 = DIRECTION ( 'NONE',  ( 0.0000000000000000000, -2.401145779328437928E-15, -1.000000000000000000 ) ) ;
#5002 = DIRECTION ( 'NONE',  ( -4.869933132958959690E-11, 1.000000000000000000, 1.327868774048510007E-24 ) ) ;
#5003 = MANIFOLD_SOLID_BREP ( 'Escala3', #203 ) ;
#5004 = B_SPLINE_CURVE_WITH_KNOTS ( 'NONE', 3,
 ( #1426, #3533, #2696, #1836, #1442, #516, #2242, #124, #3494, #959 ),
 .UNSPECIFIED., .F., .F.,
 ( 4, 2, 2, 2, 4 ),
 ( 0.0000000000000000000, 0.0004819965242465980076, 0.0009639930484931960152, 0.001445989572739793914, 0.001927986096986392030 ),
 .UNSPECIFIED. ) ;
#5005 = ORIENTED_EDGE ( 'NONE', *, *, #4742, .T. ) ;
#5006 = DIRECTION ( 'NONE',  ( -0.8679823079817641229, 1.102662671884902390E-16, -0.4965951198216209117 ) ) ;
#5007 = AXIS2_PLACEMENT_3D ( 'NONE', #3028, #1404, #1371 ) ;
#5008 = CARTESIAN_POINT ( 'NONE',  ( -0.0001499809305422073868, 1.650496684736978859, 0.5748457515623976999 ) ) ;
#5009 = CARTESIAN_POINT ( 'NONE',  ( -0.0001499809375115170919, 1.860690414720895358, 0.7118693736096372016 ) ) ;
#5010 = VERTEX_POINT ( 'NONE', #2690 ) ;
#5011 = CARTESIAN_POINT ( 'NONE',  ( 0.1108988061486575610, 1.839622412753077363, -0.1931043265922640917 ) ) ;
#5012 = EDGE_CURVE ( 'NONE', #4809, #155, #4766, .T. ) ;
#5013 = CARTESIAN_POINT ( 'NONE',  ( 0.1630951559874207202, 1.100196715742745690, -0.1111356921677831566 ) ) ;
#5014 = CARTESIAN_POINT ( 'NONE',  ( -0.1137733912715557238, 2.169627812087729701, -2.540220657281538193E-08 ) ) ;
#5015 = CARTESIAN_POINT ( 'NONE',  ( -1.389870663509346131E-17, 0.1194895853028176552, -9.681346450390296008E-17 ) ) ;
#5016 = ORIENTED_EDGE ( 'NONE', *, *, #2202, .T. ) ;
#5017 = ADVANCED_FACE ( 'NONE', ( #2445 ), #4857, .T. ) ;
#5018 = CARTESIAN_POINT ( 'NONE',  ( -0.4360048599330818009, 1.839352583142787934, -0.3542162099994421443 ) ) ;
#5019 = CARTESIAN_POINT ( 'NONE',  ( -0.2224383572803197984, 1.930860030043399789, -2.540220661098053587E-08 ) ) ;
#5020 = CARTESIAN_POINT ( 'NONE',  ( -0.3774450491975420152, 1.812484271563131744, 0.4160651171942866267 ) ) ;
#5021 = DIRECTION ( 'NONE',  ( 0.0000000000000000000, 0.0000000000000000000, -1.000000000000000000 ) ) ;
#5022 = CARTESIAN_POINT ( 'NONE',  ( 0.05386760452072976435, 1.751860218209315923, 0.05386828664955580631 ) ) ;
#5023 = DIRECTION ( 'NONE',  ( 0.0000000000000000000, -0.0000000000000000000, -1.000000000000000000 ) ) ;
#5024 = CARTESIAN_POINT ( 'NONE',  ( -0.0001499809297160861516, 1.784288654168285859, 0.5970898460505863481 ) ) ;
#5025 = CARTESIAN_POINT ( 'NONE',  ( 0.1112197649099121721, 2.171019139527382347, -0.1112204978431514529 ) ) ;
#5026 = ORIENTED_EDGE ( 'NONE', *, *, #2378, .F. ) ;
#5027 = DIRECTION ( 'NONE',  ( 4.869933132958959690E-11, -1.000000000000000000, -1.327868774048510007E-24 ) ) ;
#5028 = CARTESIAN_POINT ( 'NONE',  ( 0.01915684308419858886, 1.814965130096564350, -0.01915757601743786273 ) ) ;
#5029 = ADVANCED_FACE ( 'NONE', ( #780 ), #1332, .T. ) ;
#5030 = VERTEX_POINT ( 'NONE', #3878 ) ;
#5031 = DIRECTION ( 'NONE',  ( 0.0000000000000000000, -3.501968597274813188E-16, 1.000000000000000000 ) ) ;
#5032 = VECTOR ( 'NONE', #4115, 39.37007874015748854 ) ;
#5033 = CARTESIAN_POINT ( 'NONE',  ( -7.075310326537860015E-07, 1.870764955127810936, -0.09003964396795567648 ) ) ;
#5034 = EDGE_CURVE ( 'NONE', #3464, #2263, #3576, .T. ) ;
#5035 = CARTESIAN_POINT ( 'NONE',  ( -0.2223214390071567570, 1.939796410036157992, -0.2223207568783309163 ) ) ;
#5036 = LINE ( 'NONE', #1678, #1724 ) ;
#5037 = EDGE_CURVE ( 'NONE', #5234, #1852, #69, .T. ) ;
#5038 = AXIS2_PLACEMENT_3D ( 'NONE', #2080, #1201, #820 ) ;
#5039 = VERTEX_POINT ( 'NONE', #547 ) ;
#5040 = CARTESIAN_POINT ( 'NONE',  ( 0.005715983651713816595, 1.282378721719873438, 0.2067059877828699155 ) ) ;
#5041 = ORIENTED_EDGE ( 'NONE', *, *, #562, .F. ) ;
#5042 = B_SPLINE_CURVE_WITH_KNOTS ( 'NONE', 3,
 ( #3233, #1124, #626, #4071, #4014, #1497, #4456, #1551 ),
 .UNSPECIFIED., .F., .F.,
 ( 4, 2, 2, 4 ),
 ( 3.529906531158615134E-18, 0.002299759180126255669, 0.003449638770189376348, 0.004599518360252497461 ),
 .UNSPECIFIED. ) ;
#5043 = DIRECTION ( 'NONE',  ( 0.0000000000000000000, 1.000000000000000000, 2.220446049250310123E-16 ) ) ;
#5044 = FACE_OUTER_BOUND ( 'NONE', #2675, .T. ) ;
#5045 = DIRECTION ( 'NONE',  ( -0.0000000000000000000, -1.000000000000000000, -2.220446049250310123E-16 ) ) ;
#5046 = ADVANCED_FACE ( 'NONE', ( #2580 ), #1245, .F. ) ;
#5047 = LENGTH_MEASURE_WITH_UNIT ( LENGTH_MEASURE( 0.02539999999999999897 ), #1176 );
#5048 = CARTESIAN_POINT ( 'NONE',  ( 0.04319770931573280182, 1.116638417020445528, 0.2698950524503926918 ) ) ;
#5049 = CIRCLE ( 'NONE', #5268, 0.2137171453055093095 ) ;
#5050 = CARTESIAN_POINT ( 'NONE',  ( -7.075310325998450376E-07, 2.171019139527382347, 0.1112204470387382627 ) ) ;
#5051 = CARTESIAN_POINT ( 'NONE',  ( -0.1112211799719774741, 1.926334100157303553, -0.5505413639848835139 ) ) ;
#5052 = VERTEX_POINT ( 'NONE', #133 ) ;
#5053 = CARTESIAN_POINT ( 'NONE',  ( -1.041853047030955048, 1.924468639114974566, -0.9085374925924226686 ) ) ;
#5054 = CARTESIAN_POINT ( 'NONE',  ( 0.8569193494094723418, 1.110997952494248153, -0.5109717407898981545 ) ) ;
#5055 = ORIENTED_EDGE ( 'NONE', *, *, #513, .F. ) ;
#5056 = CARTESIAN_POINT ( 'NONE',  ( -0.1531046618540815585, 2.142638581168790690, 0.1531039289208423193 ) ) ;
#5057 = CARTESIAN_POINT ( 'NONE',  ( 0.07286963934175152979, 1.926191724384900716, 0.07287032147057757869 ) ) ;
#5058 = CARTESIAN_POINT ( 'NONE',  ( 0.2224402373508570230, 1.926334100157303331, 0.2224409194796830858 ) ) ;
#5059 = FILL_AREA_STYLE ('',( #4167 ) ) ;
#5060 = CARTESIAN_POINT ( 'NONE',  ( 0.04867693680776837006, 1.075114243673764403, 0.2067059877828699155 ) ) ;
#5061 = FILL_AREA_STYLE ('',( #413 ) ) ;
#5062 = CARTESIAN_POINT ( 'NONE',  ( -0.0001499809309257926402, 1.134776086225861791, 0.2289500822710590355 ) ) ;
#5063 = AXIS2_PLACEMENT_3D ( 'NONE', #4355, #5253, #3502 ) ;
#5064 = CARTESIAN_POINT ( 'NONE',  ( -0.1704192709433961228, 2.124651801044000088, 0.1704185380101568559 ) ) ;
#5065 = VERTEX_POINT ( 'NONE', #4860 ) ;
#5066 = CARTESIAN_POINT ( 'NONE',  ( -0.007808198462576519325, 1.855274910722189086, -0.2224409702840826342 ) ) ;
#5067 = CARTESIAN_POINT ( 'NONE',  ( 0.4945517325163155120, 1.098865883801575238, -0.2732733031279743208 ) ) ;
#5068 = EDGE_CURVE ( 'NONE', #1170, #665, #4957, .T. ) ;
#5069 = CARTESIAN_POINT ( 'NONE',  ( -7.075310326517546047E-07, 2.171019139527382347, 0.1066275038361052113 ) ) ;
#5070 = CARTESIAN_POINT ( 'NONE',  ( 0.1374201713188107354, 2.155111100308018113, -2.540220661656980188E-08 ) ) ;
#5071 = CARTESIAN_POINT ( 'NONE',  ( -0.06611381920960623937, 1.728393678196920025, -0.06611313708078017659 ) ) ;
#5072 = VERTEX_POINT ( 'NONE', #3150 ) ;
#5073 = ADVANCED_FACE ( 'NONE', ( #4434 ), #565, .T. ) ;
#5074 = CARTESIAN_POINT ( 'NONE',  ( -0.2016992105200965391, 1.116638417020444196, -0.08760718431862508926 ) ) ;
#5075 =( BOUNDED_SURFACE ( )  B_SPLINE_SURFACE ( 3, 3, ( 
 ( #1876, #4010, #229, #4881 ),
 ( #4428, #4863, #5330, #1945 ),
 ( #2359, #1106, #1527, #4482 ),
 ( #3155, #657, #676, #3173 ) ),
 .UNSPECIFIED., .F., .F., .F. ) 
 B_SPLINE_SURFACE_WITH_KNOTS ( ( 4, 4 ),
 ( 4, 4 ),
 ( 0.0000000000000000000, 1.000000000000000000 ),
 ( 0.0000000000000000000, 1.000000000000000000 ),
 .UNSPECIFIED. ) 
 GEOMETRIC_REPRESENTATION_ITEM ( )  RATIONAL_B_SPLINE_SURFACE ( (
 ( 1.000000000000000000, 0.3333333333333334259, 0.3333333333333334259, 1.000000000000000000),
 ( 0.7755499720473251202, 0.2585166573491084474, 0.2585166573491084474, 0.7755499720473251202),
 ( 0.7755499720473251202, 0.2585166573491084474, 0.2585166573491084474, 0.7755499720473251202),
 ( 1.000000000000000000, 0.3333333333333334259, 0.3333333333333334259, 1.000000000000000000) ) ) 
 REPRESENTATION_ITEM ( '' )  SURFACE ( )  );
#5076 = CARTESIAN_POINT ( 'NONE',  ( -0.2222076969088481180, 1.944206735630335858, -0.2222070147800220552 ) ) ;
#5077 = CARTESIAN_POINT ( 'NONE',  ( -0.0001499809375119548927, 1.860690414720895580, -0.6988510988312996997 ) ) ;
#5078 = CARTESIAN_POINT ( 'NONE',  ( -0.02180442356093442377, 1.325268869469809374, 0.2067059877828699155 ) ) ;
#5079 = CARTESIAN_POINT ( 'NONE',  ( -0.0001499809305422073868, 1.706106920957450868, 0.006509137389169376321 ) ) ;
#5080 = CARTESIAN_POINT ( 'NONE',  ( -0.04719324528365484439, 0.2084659632555735109, 0.08533008118418604349 ) ) ;
#5081 = CARTESIAN_POINT ( 'NONE',  ( -7.075314470923887867E-07, 1.846439661106183516, -0.2224409702840965120 ) ) ;
#5082 = CARTESIAN_POINT ( 'NONE',  ( 0.1704178558813308209, 2.124651801044000088, -0.1704185888145700878 ) ) ;
#5083 = DIRECTION ( 'NONE',  ( 5.329036576915927127E-15, 0.0000000000000000000, 1.000000000000000000 ) ) ;
#5084 = CARTESIAN_POINT ( 'NONE',  ( -0.01220579927067333946, 1.799802359928277085, -0.2224409702840963177 ) ) ;
#5085 = VERTEX_POINT ( 'NONE', #636 ) ;
#5086 = CARTESIAN_POINT ( 'NONE',  ( -7.075310326648127823E-07, 1.905212127105338604, 0.1141508771983416048 ) ) ;
#5087 = ADVANCED_FACE ( 'NONE', ( #471 ), #1217, .T. ) ;
#5088 = CARTESIAN_POINT ( 'NONE',  ( -0.5299104001688114129, 1.116638417020444196, -0.2771000030133647929 ) ) ;
#5089 = CARTESIAN_POINT ( 'NONE',  ( 0.1374201713188107354, 2.155111100308018557, 0.1374208534476367705 ) ) ;
#5090 = DIRECTION ( 'NONE',  ( 0.0000000000000000000, 1.000000000000000000, 2.220446049250310123E-16 ) ) ;
#5091 =( GEOMETRIC_REPRESENTATION_CONTEXT ( 3 ) GLOBAL_UNCERTAINTY_ASSIGNED_CONTEXT ( ( #5240 ) ) GLOBAL_UNIT_ASSIGNED_CONTEXT ( ( #893, #1742, #909 ) ) REPRESENTATION_CONTEXT ( 'NONE', 'WORKASPACE' ) );
#5092 = DIRECTION ( 'NONE',  ( 1.224324909010640380E-16, 0.0000000000000000000, 1.000000000000000000 ) ) ;
#5093 = CARTESIAN_POINT ( 'NONE',  ( 0.5549467097929453585, 1.867940490486982075, -0.08671498767727792156 ) ) ;
#5094 = DIRECTION ( 'NONE',  ( -0.8053681296605762485, 1.316224860212316716E-16, -0.5927749789987979412 ) ) ;
#5095 = STYLED_ITEM ( 'NONE', ( #211 ), #1311 ) ;
#5096 = FACE_OUTER_BOUND ( 'NONE', #4696, .T. ) ;
#5097 = CARTESIAN_POINT ( 'NONE',  ( -1.379134565798749046, 1.915167437866163835, 0.1160359896930753670 ) ) ;
#5098 = ORIENTED_EDGE ( 'NONE', *, *, #12, .F. ) ;
#5099 = CARTESIAN_POINT ( 'NONE',  ( -0.1124922927895550123, 1.924845635137601318, -0.5502845735166861374 ) ) ;
#5100 = VECTOR ( 'NONE', #3365, 39.37007874015748143 ) ;
#5101 = EDGE_LOOP ( 'NONE', ( #4575, #348 ) ) ;
#5102 = EDGE_CURVE ( 'NONE', #3667, #4958, #5119, .T. ) ;
#5103 = CARTESIAN_POINT ( 'NONE',  ( 0.4816713528206738038, 1.102210014530415449, -0.2949120120879172302 ) ) ;
#5104 = CARTESIAN_POINT ( 'NONE',  ( -0.1246916416184737919, 2.163452667595270551, -2.540220653532427432E-08 ) ) ;
#5105 = CARTESIAN_POINT ( 'NONE',  ( -0.1611511021773938124, 1.213369697823360349, -0.1150224413231285547 ) ) ;
#5106 = CARTESIAN_POINT ( 'NONE',  ( -0.0001499809305421123836, 1.292416745410849499, 0.5748457515623975889 ) ) ;
#5107 = CARTESIAN_POINT ( 'NONE',  ( -0.08448761974023132060, 1.723836302417243171, -2.540220661501076164E-08 ) ) ;
#5108 = ORIENTED_EDGE ( 'NONE', *, *, #4470, .F. ) ;
#5109 = CARTESIAN_POINT ( 'NONE',  ( -7.075310326164805529E-07, 2.163452667595270551, 0.1246909086852347331 ) ) ;
#5110 = EDGE_LOOP ( 'NONE', ( #5245, #317 ) ) ;
#5111 = CIRCLE ( 'NONE', #3718, 0.2224409448818897572 ) ;
#5112 = CARTESIAN_POINT ( 'NONE',  ( 0.02265788168853208329, 1.871168163348058355, 0.5612808697823042925 ) ) ;
#5113 = ORIENTED_EDGE ( 'NONE', *, *, #5210, .F. ) ;
#5114 = SURFACE_SIDE_STYLE ('',( #5116 ) ) ;
#5115 = ORIENTED_EDGE ( 'NONE', *, *, #41, .T. ) ;
#5116 = SURFACE_STYLE_FILL_AREA ( #5148 ) ;
#5117 = CARTESIAN_POINT ( 'NONE',  ( -0.2219671309420319649, 1.951176915564387659, -2.540220661548323728E-08 ) ) ;
#5118 = ORIENTED_EDGE ( 'NONE', *, *, #3618, .F. ) ;
#5119 = LINE ( 'NONE', #171, #3471 ) ;
#5120 = CARTESIAN_POINT ( 'NONE',  ( -0.1929386757627089277, 1.900159607913652904, 0.1107180889587908723 ) ) ;
#5121 = EDGE_CURVE ( 'NONE', #2047, #1547, #2335, .T. ) ;
#5122 = ORIENTED_EDGE ( 'NONE', *, *, #5034, .T. ) ;
#5123 = CARTESIAN_POINT ( 'NONE',  ( -0.1974893996255737694, 2.080766179256611004, -2.540220661462797885E-08 ) ) ;
#5124 = CARTESIAN_POINT ( 'NONE',  ( -0.05900258246203203549, 1.840316686037733351, -0.2147834065243318102 ) ) ;
#5125 = CARTESIAN_POINT ( 'NONE',  ( -7.075310326648127823E-07, 2.171019139527382347, -0.1066275546405183738 ) ) ;
#5126 = CARTESIAN_POINT ( 'NONE',  ( -0.1704192709433961228, 2.124651801044000088, -0.1704185888145700878 ) ) ;
#5127 = CARTESIAN_POINT ( 'NONE',  ( 0.9686270856411413055, 1.797124093125409772, -0.9817620389201713316 ) ) ;
#5128 = CARTESIAN_POINT ( 'NONE',  ( -0.3463507672099807033, 1.736191466982981879, -0.4426839983545488022 ) ) ;
#5129 = CARTESIAN_POINT ( 'NONE',  ( 0.3834618719127206865, 1.061028180799971521, -0.2149692691142284506 ) ) ;
#5130 = PRODUCT_DEFINITION ( 'UNKNOWN', '', #4394, #3919 ) ;
#5131 = CARTESIAN_POINT ( 'NONE',  ( 1.379133150736683966, 1.814965130096564350, 0.02709284249970264277 ) ) ;
#5132 = CARTESIAN_POINT ( 'NONE',  ( 0.2184831646901959634, 1.998941422088291731, -2.540220654451484649E-08 ) ) ;
#5133 = ORIENTED_EDGE ( 'NONE', *, *, #3313, .F. ) ;
#5134 = CARTESIAN_POINT ( 'NONE',  ( -0.1907485280335320665, 1.909814100410649917, 0.1144416922083311972 ) ) ;
#5135 = EDGE_CURVE ( 'NONE', #3343, #423, #2599, .T. ) ;
#5136 = CARTESIAN_POINT ( 'NONE',  ( 0.01887749488830885169, 1.774630256561654296, -0.2218412779873052132 ) ) ;
#5137 = CARTESIAN_POINT ( 'NONE',  ( 0.1246902265564084622, 2.163452667595270551, -0.1246909594896477430 ) ) ;
#5138 = CARTESIAN_POINT ( 'NONE',  ( -0.2167733266186001040, 2.171019139527382347, -0.1083863349459902592 ) ) ;
#5139 = DIRECTION ( 'NONE',  ( 0.0000000000000000000, -1.000000000000000000, -2.220446049250310123E-16 ) ) ;
#5140 = CIRCLE ( 'NONE', #1063, 0.2224409448818897572 ) ;
#5141 = CARTESIAN_POINT ( 'NONE',  ( 0.2132543509455909203, 2.171019139527382347, 0.1066275038361051697 ) ) ;
#5142 = CARTESIAN_POINT ( 'NONE',  ( -7.075310326985316816E-07, 1.960695240334310308, 0.2215878210525937531 ) ) ;
#5143 = CARTESIAN_POINT ( 'NONE',  ( 0.8931443426782994521, 1.915167437866163835, -1.057244781883013518 ) ) ;
#5144 = UNCERTAINTY_MEASURE_WITH_UNIT (LENGTH_MEASURE( 1.000000000000000082E-05 ), #817, 'distance_accuracy_value', 'NONE');
#5145 = EDGE_CURVE ( 'NONE', #580, #1978, #4710, .T. ) ;
#5146 = CARTESIAN_POINT ( 'NONE',  ( -0.3106474710965988484, 1.703893155275413740, -0.4679362895073003181 ) ) ;
#5147 = AXIS2_PLACEMENT_3D ( 'NONE', #4417, #2323, #1603 ) ;
#5148 = FILL_AREA_STYLE ('',( #910 ) ) ;
#5149 = ORIENTED_EDGE ( 'NONE', *, *, #4369, .F. ) ;
#5150 = CARTESIAN_POINT ( 'NONE',  ( -7.075310326570262202E-07, 1.908269080859285927, -0.06358132621877478352 ) ) ;
#5151 = CARTESIAN_POINT ( 'NONE',  ( 0.1701723263304501244, 1.249923318217418089, -0.09887767355983670403 ) ) ;
#5152 = DIRECTION ( 'NONE',  ( -0.0000000000000000000, -1.000000000000000000, -0.0000000000000000000 ) ) ;
#5153 = CARTESIAN_POINT ( 'NONE',  ( -1.389870663509346131E-17, 0.2084659632555735664, -7.705673981372306633E-17 ) ) ;
#5154 = CARTESIAN_POINT ( 'NONE',  ( -0.2142073067522386465, 2.026044938440203502, 0.2142065738189994073 ) ) ;
#5155 =( NAMED_UNIT ( * ) PLANE_ANGLE_UNIT ( ) SI_UNIT ( $, .RADIAN. ) );
#5156 = ORIENTED_EDGE ( 'NONE', *, *, #3013, .T. ) ;
#5157 = MECHANICAL_DESIGN_GEOMETRIC_PRESENTATION_REPRESENTATION (  '', ( #3940 ), #5091 ) ;
#5158 = DIRECTION ( 'NONE',  ( 0.9160422553710361182, 8.905804320336382161E-17, -0.4010817701850153405 ) ) ;
#5159 = ORIENTED_EDGE ( 'NONE', *, *, #1133, .T. ) ;
#5160 = CIRCLE ( 'NONE', #4698, 0.09751115400457018023 ) ;
#5161 = PRODUCT ( 'Ensamblaje4', 'Ensamblaje4', '', ( #2326 ) ) ;
#5162 = CARTESIAN_POINT ( 'NONE',  ( 0.4089519938717381398, 1.926334100157303553, -0.5662422273445050225 ) ) ;
#5163 = COLOUR_RGB ( '',0.2509803921568627416, 0.2509803921568627416, 0.2509803921568627416 ) ;
#5164 = VERTEX_POINT ( 'NONE', #3610 ) ;
#5165 = AXIS2_PLACEMENT_3D ( 'NONE', #4070, #3649, #3250 ) ;
#5166 = LINE ( 'NONE', #2825, #327 ) ;
#5167 = CYLINDRICAL_SURFACE ( 'NONE', #3636, 0.2224409448818897572 ) ;
#5168 = EDGE_CURVE ( 'NONE', #3339, #5182, #2722, .T. ) ;
#5169 = CARTESIAN_POINT ( 'NONE',  ( -1.379134565798749046, 1.814965130096564350, -0.02709289330411563876 ) ) ;
#5170 = ORIENTED_EDGE ( 'NONE', *, *, #2627, .T. ) ;
#5171 = CARTESIAN_POINT ( 'NONE',  ( -0.8546533349716993744, 1.213369697823362570, -0.5154161421105400986 ) ) ;
#5172 = CARTESIAN_POINT ( 'NONE',  ( 0.02730832270141417273, 1.812484271563131077, 0.5610959118560024939 ) ) ;
#5173 = FACE_OUTER_BOUND ( 'NONE', #567, .T. ) ;
#5174 = CARTESIAN_POINT ( 'NONE',  ( -0.2148621610165931672, 1.703893155275413740, 0.05757192754382645106 ) ) ;
#5175 = VERTEX_POINT ( 'NONE', #4519 ) ;
#5176 = CARTESIAN_POINT ( 'NONE',  ( -0.2184845797522613209, 1.998941422088291731, -2.540220662279808808E-08 ) ) ;
#5177 = DIRECTION ( 'NONE',  ( 0.0000000000000000000, 0.0000000000000000000, 1.000000000000000000 ) ) ;
#5178 = FACE_OUTER_BOUND ( 'NONE', #5110, .T. ) ;
#5179 = ORIENTED_EDGE ( 'NONE', *, *, #1424, .F. ) ;
#5180 = ADVANCED_FACE ( 'NONE', ( #600 ), #529, .F. ) ;
#5181 = CARTESIAN_POINT ( 'NONE',  ( 0.09790855531558689817, 1.925149903294518072, 0.5531005922472524983 ) ) ;
#5182 = VERTEX_POINT ( 'NONE', #4529 ) ;
#5183 = CARTESIAN_POINT ( 'NONE',  ( -7.075310326784333897E-07, 1.703893155275413740, 0.1112204470387382627 ) ) ;
#5184 = CARTESIAN_POINT ( 'NONE',  ( -0.0001499809326302896167, 1.844127897531955051, -0.7008530673352402207 ) ) ;
#5185 = CARTESIAN_POINT ( 'NONE',  ( -0.1926402166405633831, 1.703893155275413962, -0.1112204978431515084 ) ) ;
#5186 = CARTESIAN_POINT ( 'NONE',  ( -0.0001499809309257926402, 1.134776086225861791, 0.2289500822710590355 ) ) ;
#5187 = CARTESIAN_POINT ( 'NONE',  ( -0.06796302724244326909, 1.911035447820072397, -0.5576300140928814875 ) ) ;
#5188 = CARTESIAN_POINT ( 'NONE',  ( -0.5505420461137098265, 1.703893155275413740, -0.1112204978431515084 ) ) ;
#5189 = CARTESIAN_POINT ( 'NONE',  ( -0.003951720402890454217, 1.786382252198472909, 0.5620363153460826711 ) ) ;
#5190 = CARTESIAN_POINT ( 'NONE',  ( -0.2224416524129223804, 1.926334100157303331, 0.2224409194796830858 ) ) ;
#5191 = CARTESIAN_POINT ( 'NONE',  ( -0.06099037541428542486, 1.926334100157303553, 0.2139163937232043400 ) ) ;
#5192 =( NAMED_UNIT ( * ) SI_UNIT ( $, .STERADIAN. ) SOLID_ANGLE_UNIT ( ) );
#5193 = B_SPLINE_CURVE_WITH_KNOTS ( 'NONE', 3,
 ( #447, #4702, #885, #3393, #2529, #2170 ),
 .UNSPECIFIED., .F., .F.,
 ( 4, 2, 4 ),
 ( 6.992893892674702526E-18, 0.002134028896033157013, 0.004268057792066307088 ),
 .UNSPECIFIED. ) ;
#5194 = ORIENTED_EDGE ( 'NONE', *, *, #811, .T. ) ;
#5195 = CARTESIAN_POINT ( 'NONE',  ( -0.09781718472982008084, 2.171019139527382791, -0.04259585842097440150 ) ) ;
#5196 = CARTESIAN_POINT ( 'NONE',  ( -0.4293106621079574858, 1.789644698317992333, 0.3625285745465213205 ) ) ;
#5197 = AXIS2_PLACEMENT_3D ( 'NONE', #3269, #3301, #5001 ) ;
#5198 = PRODUCT ( 'EDF3', 'EDF3', '', ( #2744 ) ) ;
#5199 = DIRECTION ( 'NONE',  ( -0.7071067811865473507, -0.0000000000000000000, 0.7071067811865476838 ) ) ;
#5200 = CARTESIAN_POINT ( 'NONE',  ( 0.2220554070810917546, 1.948578194645492312, -2.540220752898220809E-08 ) ) ;
#5201 = EDGE_CURVE ( 'NONE', #3205, #4137, #1799, .T. ) ;
#5202 = CARTESIAN_POINT ( 'NONE',  ( -0.2148479054753247020, 1.743532877951957438, -0.05866700232500825923 ) ) ;
#5203 = CARTESIAN_POINT ( 'NONE',  ( -1.379134565798749046, 1.908269080859285927, 0.06358127541436156549 ) ) ;
#5204 = CARTESIAN_POINT ( 'NONE',  ( 0.09749464065432114634, 0.2632087033490721484, -0.001794491289416990428 ) ) ;
#5205 = CARTESIAN_POINT ( 'NONE',  ( -0.2205623791026375957, 2.171019139527382347, 0.1102808103835959674 ) ) ;
#5206 = CARTESIAN_POINT ( 'NONE',  ( -0.05576021715101461829, 1.339079361902335119, 0.2218866561497195578 ) ) ;
#5207 = CARTESIAN_POINT ( 'NONE',  ( -7.075310326952033715E-07, 1.944206735630335636, 0.2222069639756088510 ) ) ;
#5208 = DIRECTION ( 'NONE',  ( 0.0000000000000000000, 0.0000000000000000000, 1.000000000000000000 ) ) ;
#5209 = FILL_AREA_STYLE ('',( #4780 ) ) ;
#5210 = EDGE_CURVE ( 'NONE', #802, #1430, #803, .T. ) ;
#5211 = ORIENTED_EDGE ( 'NONE', *, *, #915, .F. ) ;
#5212 = EDGE_CURVE ( 'NONE', #4692, #2602, #1828, .T. ) ;
#5213 = CARTESIAN_POINT ( 'NONE',  ( 0.08531114113594347181, 1.920616772260014926, 0.5551831925289592018 ) ) ;
#5214 = AXIS2_PLACEMENT_3D ( 'NONE', #363, #5476, #4206 ) ;
#5215 = CARTESIAN_POINT ( 'NONE',  ( -0.2120262105380419648, 1.926107550777171662, -0.06762193148176141866 ) ) ;
#5216 = CARTESIAN_POINT ( 'NONE',  ( 0.3452585964493531390, 1.106538484830727365, -0.01311572257263449344 ) ) ;
#5217 = CARTESIAN_POINT ( 'NONE',  ( 0.5582942403387233243, 1.907277071021308723, -0.06247153375193578717 ) ) ;
#5218 = CARTESIAN_POINT ( 'NONE',  ( -0.5016947471510709855, 1.116638417020444196, -0.2608096881482107054 ) ) ;
#5219 = CARTESIAN_POINT ( 'NONE',  ( -1.379134565798749046, 1.703893155275413740, -0.1112204978431514807 ) ) ;
#5220 = DIRECTION ( 'NONE',  ( 0.0000000000000000000, 1.000000000000000000, 2.220446049250310123E-16 ) ) ;
#5221 = CARTESIAN_POINT ( 'NONE',  ( -0.4528991124391071321, 1.920616772260015370, -0.3322492568943239966 ) ) ;
#5222 = LINE ( 'NONE', #1153, #2983 ) ;
#5223 = DIRECTION ( 'NONE',  ( 0.0000000000000000000, -1.000000000000000000, -2.220446049250310123E-16 ) ) ;
#5224 = ORIENTED_EDGE ( 'NONE', *, *, #967, .T. ) ;
#5225 = CARTESIAN_POINT ( 'NONE',  ( -0.2222076969088481457, 1.944206735630335636, -2.540220661404715579E-08 ) ) ;
#5226 = DIRECTION ( 'NONE',  ( 0.0000000000000000000, 1.000000000000000000, 0.0000000000000000000 ) ) ;
#5227 = ORIENTED_EDGE ( 'NONE', *, *, #4563, .T. ) ;
#5228 = LINE ( 'NONE', #4572, #3696 ) ;
#5229 = STYLED_ITEM ( 'NONE', ( #2714 ), #4269 ) ;
#5230 = CARTESIAN_POINT ( 'NONE',  ( 0.06366691733225875172, 1.870764955127810936, -0.06366765026549801865 ) ) ;
#5231 = COLOUR_RGB ( '',0.0000000000000000000, 0.0000000000000000000, 0.0000000000000000000 ) ;
#5232 = ORIENTED_EDGE ( 'NONE', *, *, #2510, .F. ) ;
#5233 = CARTESIAN_POINT ( 'NONE',  ( -0.06846414617163848471, 1.848849985279380936, -2.540220662241395864E-08 ) ) ;
#5234 = VERTEX_POINT ( 'NONE', #3280 ) ;
#5235 = CARTESIAN_POINT ( 'NONE',  ( 0.1758691621251753656, 1.100595331416945433, -0.08901046452099535544 ) ) ;
#5236 = FACE_OUTER_BOUND ( 'NONE', #1226, .T. ) ;
#5237 = CARTESIAN_POINT ( 'NONE',  ( 0.5617116426887961422, 1.841424366017938574, 0.004511718364158288225 ) ) ;
#5238 = EDGE_CURVE ( 'NONE', #3574, #5354, #3914, .T. ) ;
#5239 = EDGE_LOOP ( 'NONE', ( #2910, #5005, #5016, #195, #4654, #907, #778, #4166, #1889, #4844, #2424, #4393, #3467, #531, #2766, #2988, #4258, #3136 ) ) ;
#5240 = UNCERTAINTY_MEASURE_WITH_UNIT (LENGTH_MEASURE( 1.000000000000000082E-05 ), #893, 'distance_accuracy_value', 'NONE');
#5241 = EDGE_LOOP ( 'NONE', ( #4361, #4249, #2794, #383 ) ) ;
#5242 = CARTESIAN_POINT ( 'NONE',  ( 0.09749464065432114634, 0.2084659632555735664, -0.001794491289417002354 ) ) ;
#5243 = CIRCLE ( 'NONE', #4150, 0.5683366141732283383 ) ;
#5244 = CARTESIAN_POINT ( 'NONE',  ( -0.01909264907288566945, 1.175359421683187522, 1.007493389357672964 ) ) ;
#5245 = ORIENTED_EDGE ( 'NONE', *, *, #863, .F. ) ;
#5246 = CARTESIAN_POINT ( 'NONE',  ( 0.7238952946581427295, 1.839571487921845439, 0.006509137389169129123 ) ) ;
#5247 = CARTESIAN_POINT ( 'NONE',  ( 0.1713478185343031146, 1.263946401572992650, -0.09684166133886235039 ) ) ;
#5248 = CARTESIAN_POINT ( 'NONE',  ( -0.2223214390071567570, 1.939796410036157992, -0.2223207568783309163 ) ) ;
#5249 = CARTESIAN_POINT ( 'NONE',  ( 0.008135241982621362403, 1.116638417020445306, 0.2733096575978153364 ) ) ;
#5250 = APPLICATION_CONTEXT ( 'automotive_design' ) ;
#5251 = ORIENTED_EDGE ( 'NONE', *, *, #1, .F. ) ;
#5252 = CARTESIAN_POINT ( 'NONE',  ( 0.1112197649099122138, 1.703893155275413740, -2.540220658940656369E-08 ) ) ;
#5253 = DIRECTION ( 'NONE',  ( -0.0000000000000000000, 1.000000000000000000, -0.0000000000000000000 ) ) ;
#5254 = CARTESIAN_POINT ( 'NONE',  ( -7.075310326648127823E-07, 1.926334100157303553, -2.540220658365646729E-08 ) ) ;
#5255 = CARTESIAN_POINT ( 'NONE',  ( 0.1203782995737121553, 1.116215251157204547, -0.2428747729738319205 ) ) ;
#5256 = DIRECTION ( 'NONE',  ( -0.0000000000000000000, 1.000000000000000000, 2.220446049250309876E-16 ) ) ;
#5257 = CARTESIAN_POINT ( 'NONE',  ( -7.075310327560182196E-07, 1.789862635970363325, -0.5616634112289780045 ) ) ;
#5258 = CARTESIAN_POINT ( 'NONE',  ( -7.075310326648127823E-07, 1.926334100157303553, -2.540220658365646729E-08 ) ) ;
#5259 = CARTESIAN_POINT ( 'NONE',  ( 0.5904307277232483386, 1.784288654189319701, 0.3524633068443140949 ) ) ;
#5260 = EDGE_LOOP ( 'NONE', ( #5026, #3976, #2680, #1911 ) ) ;
#5261 = CARTESIAN_POINT ( 'NONE',  ( 0.1782610937035891407, 1.132912519910993288, -0.08486751749895415919 ) ) ;
#5262 = CARTESIAN_POINT ( 'NONE',  ( -0.2166806532886203507, 1.898198045511202636, 0.05131509481141334483 ) ) ;
#5263 = PRESENTATION_LAYER_ASSIGNMENT (  '', '', ( #4982 ) ) ;
#5264 = ORIENTED_EDGE ( 'NONE', *, *, #2756, .F. ) ;
#5265 =( CONVERSION_BASED_UNIT ( 'INCH', #16 ) LENGTH_UNIT ( ) NAMED_UNIT ( #3311 ) );
#5266 = CARTESIAN_POINT ( 'NONE',  ( -7.075310327327264017E-07, 2.169627812087729701, 0.1137726583383168871 ) ) ;
#5267 = CARTESIAN_POINT ( 'NONE',  ( 0.4129068616936650837, 1.871168163348058799, 0.3808634596439424147 ) ) ;
#5268 = AXIS2_PLACEMENT_3D ( 'NONE', #3169, #673, #3212 ) ;
#5269 = CARTESIAN_POINT ( 'NONE',  ( -0.1125775059711569270, 1.924745851044262768, -1.379133883669923177 ) ) ;
#5270 = CARTESIAN_POINT ( 'NONE',  ( -0.8447836774352400768, 1.283469125681862666, -0.5325108904169894020 ) ) ;
#5271 = CARTESIAN_POINT ( 'NONE',  ( -0.2148621610165931672, 1.926334100157303553, -0.05757197834823970378 ) ) ;
#5272 = EDGE_CURVE ( 'NONE', #3039, #5307, #91, .T. ) ;
#5273 = ORIENTED_EDGE ( 'NONE', *, *, #3620, .F. ) ;
#5274 = CARTESIAN_POINT ( 'NONE',  ( -0.1708819542719800799, 1.100595331416945433, -0.09816811109436739125 ) ) ;
#5275 = CARTESIAN_POINT ( 'NONE',  ( 0.1821317593739335272, 1.116638417020444196, -0.1209794546946700855 ) ) ;
#5276 = CARTESIAN_POINT ( 'NONE',  ( 0.02663417951254132623, 0.2632087033490721484, 0.2120510284795382172 ) ) ;
#5277 = APPLICATION_PROTOCOL_DEFINITION ( 'draft international standard', 'automotive_design', 1998, #5250 ) ;
#5278 = CARTESIAN_POINT ( 'NONE',  ( -0.1368768873849918188, 1.812581967479706124, 0.1756638428602925461 ) ) ;
#5279 = VERTEX_POINT ( 'NONE', #690 ) ;
#5280 = CARTESIAN_POINT ( 'NONE',  ( -0.1112211799719773214, 1.926334100157303553, -1.379133883669923177 ) ) ;
#5281 = AXIS2_PLACEMENT_3D ( 'NONE', #1657, #5483, #5023 ) ;
#5282 = CARTESIAN_POINT ( 'NONE',  ( 0.4641399850587581977, 1.926594536647363132, 0.3163641180408414133 ) ) ;
#5283 = CARTESIAN_POINT ( 'NONE',  ( -0.1053838477239256721, 1.889608691730187973, -1.379133883669923177 ) ) ;
#5284 = ORIENTED_EDGE ( 'NONE', *, *, #1985, .T. ) ;
#5285 = CARTESIAN_POINT ( 'NONE',  ( -0.3136865157013116190, 1.894383477984875164, 0.4659211540629884518 ) ) ;
#5286 = CARTESIAN_POINT ( 'NONE',  ( -0.05030139537066594807, 0.2084659632555735942, -0.08353558989476862762 ) ) ;
#5287 = EDGE_LOOP ( 'NONE', ( #3178, #4093 ) ) ;
#5288 = CIRCLE ( 'NONE', #1886, 0.2137171453055093373 ) ;
#5289 = DIRECTION ( 'NONE',  ( -0.7071067811865476838, 0.0000000000000000000, 0.7071067811865473507 ) ) ;
#5290 = DIRECTION ( 'NONE',  ( 0.0000000000000000000, 0.0000000000000000000, 1.000000000000000000 ) ) ;
#5291 = ORIENTED_EDGE ( 'NONE', *, *, #987, .T. ) ;
#5292 = CARTESIAN_POINT ( 'NONE',  ( -7.075310327187932391E-07, 2.169627812087729701, -0.1137727091427309101 ) ) ;
#5293 = CARTESIAN_POINT ( 'NONE',  ( -7.075310326049696928E-07, 2.169627812087729701, -2.540220651761025775E-08 ) ) ;
#5294 = FACE_OUTER_BOUND ( 'NONE', #4469, .T. ) ;
#5295 = CARTESIAN_POINT ( 'NONE',  ( -7.075310326335214794E-07, 1.948578194645492534, -0.2220561400143302999 ) ) ;
#5296 = CYLINDRICAL_SURFACE ( 'NONE', #4022, 0.09550548199421689255 ) ;
#5297 =( REPRESENTATION_RELATIONSHIP ('NONE','NONE', #1333, #1302 ) REPRESENTATION_RELATIONSHIP_WITH_TRANSFORMATION ( #4568 )SHAPE_REPRESENTATION_RELATIONSHIP( ) );
#5298 = CARTESIAN_POINT ( 'NONE',  ( -0.1987002836602462796, 1.735367123164420100, 0.1006328961463725247 ) ) ;
#5299 = EDGE_LOOP ( 'NONE', ( #4194, #172, #1152, #142, #642, #2637, #4335, #2985, #972, #328, #3734, #1897 ) ) ;
#5300 = SURFACE_STYLE_FILL_AREA ( #693 ) ;
#5301 = CARTESIAN_POINT ( 'NONE',  ( -1.448240532113510559, 1.839571487816063167, -0.7175361382013816236 ) ) ;
#5302 = ORIENTED_EDGE ( 'NONE', *, *, #2954, .T. ) ;
#5303 = CARTESIAN_POINT ( 'NONE',  ( 0.05379845095727290444, 1.781347149670130747, -2.540220659995468814E-08 ) ) ;
#5304 = VECTOR ( 'NONE', #1521, 39.37007874015748854 ) ;
#5305 = CARTESIAN_POINT ( 'NONE',  ( -0.006778228362332983786, 2.171019139527381903, 0.1066275038361051697 ) ) ;
#5306 = CARTESIAN_POINT ( 'NONE',  ( -0.07864545780079636172, 1.703893155275413740, -0.07864477567197031282 ) ) ;
#5307 = VERTEX_POINT ( 'NONE', #702 ) ;
#5308 = CIRCLE ( 'NONE', #4128, 0.1137726837405231284 ) ;
#5309 = CARTESIAN_POINT ( 'NONE',  ( 0.03415349705762463911, 1.175222331568394285, 0.5738230530140748797 ) ) ;
#5310 = VECTOR ( 'NONE', #4947, 39.37007874015748143 ) ;
#5311 = DIRECTION ( 'NONE',  ( 1.224637236793516803E-16, 0.0000000000000000000, 1.000000000000000000 ) ) ;
#5312 = ORIENTED_EDGE ( 'NONE', *, *, #1961, .F. ) ;
#5313 = CARTESIAN_POINT ( 'NONE',  ( 0.09766450168113477437, 1.924976723749139529, 0.1999329755889235616 ) ) ;
#5314 = EDGE_LOOP ( 'NONE', ( #1692, #4678, #3050, #3655, #2953 ) ) ;
#5315 = DIRECTION ( 'NONE',  ( 0.7071067811865476838, 0.0000000000000000000, -0.7071067811865473507 ) ) ;
#5316 = CARTESIAN_POINT ( 'NONE',  ( -0.03723216824390061797, 1.212893996873280145, 1.007493389357672964 ) ) ;
#5317 = FILL_AREA_STYLE_COLOUR ( '', #2853 ) ;
#5318 = CARTESIAN_POINT ( 'NONE',  ( 0.2219657158799666075, 1.951176915564387881, -2.540220752804432755E-08 ) ) ;
#5319 = EDGE_CURVE ( 'NONE', #4908, #3343, #1739, .T. ) ;
#5320 = CARTESIAN_POINT ( 'NONE',  ( 0.2219657158799666075, 1.951176915564387659, -2.540220655182970060E-08 ) ) ;
#5321 = EDGE_CURVE ( 'NONE', #90, #1138, #2528, .T. ) ;
#5322 = AXIS2_PLACEMENT_3D ( 'NONE', #3376, #2046, #1267 ) ;
#5323 = CARTESIAN_POINT ( 'NONE',  ( -0.02676881570048618084, 1.327879133049719718, 0.2274002135415340575 ) ) ;
#5324 = CARTESIAN_POINT ( 'NONE',  ( -0.1377420626490026556, 1.768689894399598117, -0.1750028460142137865 ) ) ;
#5325 = CARTESIAN_POINT ( 'NONE',  ( -0.0001499809305422447375, 1.134776086225030012, 0.5748457515623975889 ) ) ;
#5326 = CARTESIAN_POINT ( 'NONE',  ( -3.002242989136698066E-18, 0.1194895853028176691, -0.08897637795275600836 ) ) ;
#5327 = CARTESIAN_POINT ( 'NONE',  ( 0.006774919116021376440, 2.171019139527381459, -0.1066283042947912818 ) ) ;
#5328 = CARTESIAN_POINT ( 'NONE',  ( -0.5024718382234752978, 1.087777900700565903, -0.2593465729043418211 ) ) ;
#5329 = ORIENTED_EDGE ( 'NONE', *, *, #3949, .T. ) ;
#5330 = CARTESIAN_POINT ( 'NONE',  ( -1.448240532114255519, 1.854859608305820418, -0.7175361382013818456 ) ) ;
#5331 = ORIENTED_EDGE ( 'NONE', *, *, #3848, .F. ) ;
#5332 = CARTESIAN_POINT ( 'NONE',  ( -0.07360247350329041094, 1.304788197531435268, 1.007493389357672964 ) ) ;
#5333 = CARTESIAN_POINT ( 'NONE',  ( 0.2148607459545278375, 1.926334100157303553, 0.05757192754382648575 ) ) ;
#5334 = CARTESIAN_POINT ( 'NONE',  ( -1.389870663509346131E-17, 0.2084659632555735664, -7.705673981372306633E-17 ) ) ;
#5335 = CARTESIAN_POINT ( 'NONE',  ( -0.1934044353301978270, 1.743532877951959215, 0.1104360679693033587 ) ) ;
#5336 = CARTESIAN_POINT ( 'NONE',  ( -0.05222769009450595884, 2.171019139527382791, 0.09303156497074301090 ) ) ;
#5337 = CARTESIAN_POINT ( 'NONE',  ( -7.075310326648127823E-07, 1.926334100157303553, -2.540220658365646729E-08 ) ) ;
#5338 = EDGE_CURVE ( 'NONE', #2372, #859, #5308, .T. ) ;
#5339 = CARTESIAN_POINT ( 'NONE',  ( 0.1056923211045895511, 2.171019139527382347, 0.01676344990594273374 ) ) ;
#5340 = CARTESIAN_POINT ( 'NONE',  ( 0.4701672118334772055, 1.913453448141116064, 0.3072587245797120392 ) ) ;
#5341 = ORIENTED_EDGE ( 'NONE', *, *, #688, .T. ) ;
#5342 = CARTESIAN_POINT ( 'NONE',  ( -0.2145563839252931648, 1.926373710395649974, -0.05871304256539014443 ) ) ;
#5343 = EDGE_CURVE ( 'NONE', #944, #2804, #2220, .T. ) ;
#5344 = DIRECTION ( 'NONE',  ( 0.0000000000000000000, 1.000000000000000000, 2.220446049250310369E-16 ) ) ;
#5345 = CARTESIAN_POINT ( 'NONE',  ( -7.075310327327264017E-07, 2.169627812087729701, 0.1137726583383175116 ) ) ;
#5346 = B_SPLINE_CURVE_WITH_KNOTS ( 'NONE', 3,
 ( #5451, #1264, #23, #372, #2491, #4634, #3354, #2975, #2210, #2099, #3414, #801, #429, #861, #958, #1388, #4347, #5062 ),
 .UNSPECIFIED., .F., .F.,
 ( 4, 2, 2, 2, 2, 2, 2, 2, 4 ),
 ( 4.336808689942017736E-19, 0.0003597575181287597230, 0.0007195150362575190124, 0.001079272554386278248, 0.001439030072515037591, 0.002158545108772555628, 0.002878060145030073881, 0.004317090217545111255, 0.005756120290060146027 ),
 .UNSPECIFIED. ) ;
#5347 = CARTESIAN_POINT ( 'NONE',  ( -0.08071758483844554410, 1.905212127105338604, 0.08071685190520627717 ) ) ;
#5348 = DIRECTION ( 'NONE',  ( -0.0000000000000000000, -1.000000000000000000, -2.220446049250310123E-16 ) ) ;
#5349 = CARTESIAN_POINT ( 'NONE',  ( -0.2158857866651154034, 1.920433779836446808, -0.05360669157385804240 ) ) ;
#5350 = CYLINDRICAL_SURFACE ( 'NONE', #1038, 0.2224409448818897572 ) ;
#5351 = VERTEX_POINT ( 'NONE', #4184 ) ;
#5352 = CARTESIAN_POINT ( 'NONE',  ( 0.1931035936590249358, 1.839622412753077141, 0.1108994882774834573 ) ) ;
#5353 = CARTESIAN_POINT ( 'NONE',  ( -0.9942565562403438140, 1.767981565922491782, 0.9561339325786208931 ) ) ;
#5354 = VERTEX_POINT ( 'NONE', #350 ) ;
#5355 = CARTESIAN_POINT ( 'NONE',  ( -1.389870663509346131E-17, 0.1194895853028176552, -9.681346450390296008E-17 ) ) ;
#5356 = DIRECTION ( 'NONE',  ( 0.0000000000000000000, 0.0000000000000000000, 1.000000000000000000 ) ) ;
#5357 = VECTOR ( 'NONE', #3923, 39.37007874015748854 ) ;
#5358 = CARTESIAN_POINT ( 'NONE',  ( -0.1898498968931238706, 1.106538484830727365, -0.2828110353259612464 ) ) ;
#5359 = VERTEX_POINT ( 'NONE', #3362 ) ;
#5360 = EDGE_LOOP ( 'NONE', ( #4046, #2116, #3956, #4709 ) ) ;
#5361 = CARTESIAN_POINT ( 'NONE',  ( 0.5505406310516444135, 1.926334100157303553, -0.1112204978431514113 ) ) ;
#5362 = CIRCLE ( 'NONE', #1686, 0.1137726837405231284 ) ;
#5363 = AXIS2_PLACEMENT_3D ( 'NONE', #4683, #2172, #498 ) ;
#5364 = VERTEX_POINT ( 'NONE', #5415 ) ;
#5365 = CARTESIAN_POINT ( 'NONE',  ( -7.075310326648127823E-07, 2.148775045039192921, -0.09550550739642348075 ) ) ;
#5366 = CARTESIAN_POINT ( 'NONE',  ( 0.2166792382265539108, 1.898198045511205079, -0.05131514561583060824 ) ) ;
#5367 = VERTEX_POINT ( 'NONE', #3316 ) ;
#5368 = DIRECTION ( 'NONE',  ( 0.0000000000000000000, 0.0000000000000000000, -1.000000000000000000 ) ) ;
#5369 = CARTESIAN_POINT ( 'NONE',  ( 0.3136851006392462060, 1.894383477984874053, -0.4659212048674008511 ) ) ;
#5370 = CARTESIAN_POINT ( 'NONE',  ( -0.2132557660076562223, 2.171019139527382347, -0.1066275546405183183 ) ) ;
#5371 = ORIENTED_EDGE ( 'NONE', *, *, #4928, .F. ) ;
#5372 = AXIS2_PLACEMENT_3D ( 'NONE', #1536, #4489, #2759 ) ;
#5373 = CARTESIAN_POINT ( 'NONE',  ( -0.0001499809305422073868, 1.706106920957450868, 0.5970898460505867922 ) ) ;
#5374 = CARTESIAN_POINT ( 'NONE',  ( 0.1756631607314668164, 1.812581967479705236, 0.1368761544517521633 ) ) ;
#5375 = CARTESIAN_POINT ( 'NONE',  ( -0.8931457577403645320, 1.915167437866163835, 1.057244731078600175 ) ) ;
#5376 = EDGE_CURVE ( 'NONE', #475, #2444, #985, .T. ) ;
#5377 = CARTESIAN_POINT ( 'NONE',  ( 0.02810797309004864353, 2.171019139527382347, -0.1029632729458885010 ) ) ;
#5378 = ORIENTED_EDGE ( 'NONE', *, *, #4635, .F. ) ;
#5379 = CARTESIAN_POINT ( 'NONE',  ( -0.1112211799719775435, 2.171019139527382347, -2.540220651868889134E-08 ) ) ;
#5380 = CARTESIAN_POINT ( 'NONE',  ( 0.4692002088152669170, 1.923709587002752075, 0.3087417556734423640 ) ) ;
#5381 = CARTESIAN_POINT ( 'NONE',  ( -0.2763869228521300681, 1.116215251157204547, 0.02682053977952862656 ) ) ;
#5382 = CARTESIAN_POINT ( 'NONE',  ( -0.02709357543294169460, 1.814965130096564350, -2.540220661149639217E-08 ) ) ;
#5383 = DIRECTION ( 'NONE',  ( 4.930380657631323784E-32, 1.000000000000000000, 2.220446049250309876E-16 ) ) ;
#5384 = B_SPLINE_CURVE_WITH_KNOTS ( 'NONE', 3,
 ( #515, #2960, #2115, #4202, #4598, #2063, #2527, #822 ),
 .UNSPECIFIED., .F., .F.,
 ( 4, 2, 2, 4 ),
 ( 1.939479807224432123E-18, 0.001457153888681738535, 0.002914307777363474902, 0.005828615554726947201 ),
 .UNSPECIFIED. ) ;
#5385 = CARTESIAN_POINT ( 'NONE',  ( -0.08205056066677114679, 1.915167437866163835, 0.08204982773353187986 ) ) ;
#5386 = DIRECTION ( 'NONE',  ( 0.0000000000000000000, 1.000000000000000000, 2.220446049250310123E-16 ) ) ;
#5387 = CARTESIAN_POINT ( 'NONE',  ( 0.3697333068849461002, 1.821303089801791453, -0.4229249418191718957 ) ) ;
#5388 = CARTESIAN_POINT ( 'NONE',  ( 0.4239859217333870611, 1.854859608396996595, 0.7305544129821708310 ) ) ;
#5389 = CARTESIAN_POINT ( 'NONE',  ( 0.1653418948286855261, 1.166265787369976437, -0.1072442263433742299 ) ) ;
#5390 = ORIENTED_EDGE ( 'NONE', *, *, #71, .T. ) ;
#5391 = CARTESIAN_POINT ( 'NONE',  ( 0.006566402641862331344, 1.797124093125409772, 0.006567084770688386315 ) ) ;
#5392 = EDGE_CURVE ( 'NONE', #5030, #1522, #1411, .T. ) ;
#5393 = CARTESIAN_POINT ( 'NONE',  ( 0.09121600687937962693, 2.171019139527382347, -0.05533520280118564560 ) ) ;
#5394 = CARTESIAN_POINT ( 'NONE',  ( 0.1112197649099121721, 2.171019139527382347, -0.1112204978431514529 ) ) ;
#5395 =( CONVERSION_BASED_UNIT ( 'INCH', #5047 ) LENGTH_UNIT ( ) NAMED_UNIT ( #2560 ) );
#5396 = ADVANCED_FACE ( 'NONE', ( #3201, #1872 ), #4976, .T. ) ;
#5397 = CARTESIAN_POINT ( 'NONE',  ( -0.4701686268955429515, 1.913453448141116509, -0.3072587753841253821 ) ) ;
#5398 = CARTESIAN_POINT ( 'NONE',  ( -0.05379986601933844925, 1.781347149670130747, 1.379133832865509834 ) ) ;
#5399 = CARTESIAN_POINT ( 'NONE',  ( -0.1166372197481152645, 1.116519423177950499, -0.2405416764681973241 ) ) ;
#5400 = DIRECTION ( 'NONE',  ( 0.7071067811865473507, -0.0000000000000000000, -0.7071067811865476838 ) ) ;
#5401 = VERTEX_POINT ( 'NONE', #2074 ) ;
#5402 = AXIS2_PLACEMENT_3D ( 'NONE', #872, #5090, #2982 ) ;
#5403 = CARTESIAN_POINT ( 'NONE',  ( 0.9085367596591834571, 1.924468639114974566, -1.041852364902129180 ) ) ;
#5404 = CARTESIAN_POINT ( 'NONE',  ( -1.379134565798749046, 1.926334100157303553, 0.1112204470387382627 ) ) ;
#5405 = CARTESIAN_POINT ( 'NONE',  ( -0.2132557660076561945, 2.171019139527382347, 0.1066275038361052530 ) ) ;
#5406 = CARTESIAN_POINT ( 'NONE',  ( 0.7158644176263263548, 1.861978220057093791, -0.4129223864346835970 ) ) ;
#5407 = CARTESIAN_POINT ( 'NONE',  ( 0.1157804424110064206, 2.168570798939339017, -2.540220664296305735E-08 ) ) ;
#5408 = CARTESIAN_POINT ( 'NONE',  ( 0.1150235567579093177, 1.917486152379842101, 0.1903927078820273899 ) ) ;
#5409 = CARTESIAN_POINT ( 'NONE',  ( 0.07438982100372493189, 1.878136451747052238, -0.2096888013950045926 ) ) ;
#5410 = DIMENSIONAL_EXPONENTS ( 1.000000000000000000, 0.0000000000000000000, 0.0000000000000000000, 0.0000000000000000000, 0.0000000000000000000, 0.0000000000000000000, 0.0000000000000000000 ) ;
#5411 = CARTESIAN_POINT ( 'NONE',  ( -0.2070773929081581866, 2.054691988635170219, -2.540220662122269614E-08 ) ) ;
#5412 = AXIS2_PLACEMENT_3D ( 'NONE', #1842, #3109, #3541 ) ;
#5413 = CARTESIAN_POINT ( 'NONE',  ( -0.5610966447892419273, 1.812484271563131744, 0.02730900483024025285 ) ) ;
#5414 = CARTESIAN_POINT ( 'NONE',  ( -0.1112211799719775157, 2.171019139527382347, -0.1112204978431512586 ) ) ;
#5415 = CARTESIAN_POINT ( 'NONE',  ( 0.5505406310516446355, 1.703893155275413740, 0.1112204470387383598 ) ) ;
#5416 = ORIENTED_EDGE ( 'NONE', *, *, #3544, .T. ) ;
#5417 = ORIENTED_EDGE ( 'NONE', *, *, #3347, .T. ) ;
#5418 = CARTESIAN_POINT ( 'NONE',  ( -7.075310326506024282E-07, 1.915167437866163835, -0.1160360404974885851 ) ) ;
#5419 = CIRCLE ( 'NONE', #1327, 0.08897637795275589734 ) ;
#5420 = CARTESIAN_POINT ( 'NONE',  ( -0.05386901958279508712, 1.751860218209315923, 0.05386828664955580631 ) ) ;
#5421 = EDGE_LOOP ( 'NONE', ( #3986, #3913, #1132, #3889, #1636, #1342, #4385, #5055, #4510, #1893, #2328, #1118, #5041 ) ) ;
#5422 = EDGE_CURVE ( 'NONE', #4116, #4900, #2065, .T. ) ;
#5423 = ORIENTED_EDGE ( 'NONE', *, *, #489, .F. ) ;
#5424 = AXIS2_PLACEMENT_3D ( 'NONE', #1480, #1907, #1121 ) ;
#5425 = CARTESIAN_POINT ( 'NONE',  ( -1.389870663509346131E-17, 0.2084659632555735664, -7.705673981372306633E-17 ) ) ;
#5426 = B_SPLINE_CURVE_WITH_KNOTS ( 'NONE', 3,
 ( #3628, #1531, #2799, #2344 ),
 .UNSPECIFIED., .F., .F.,
 ( 4, 4 ),
 ( 3.998340051969455648E-18, 9.006750223507811433E-05 ),
 .UNSPECIFIED. ) ;
#5427 = DIRECTION ( 'NONE',  ( -0.4965951198216208562, 0.0000000000000000000, 0.8679823079817640119 ) ) ;
#5428 = SURFACE_STYLE_FILL_AREA ( #2178 ) ;
#5429 = ADVANCED_FACE ( 'NONE', ( #3906 ), #3145, .T. ) ;
#5430 = ORIENTED_EDGE ( 'NONE', *, *, #3641, .T. ) ;
#5431 = CARTESIAN_POINT ( 'NONE',  ( 0.04652961694998514891, 0.4309069081374634069, -0.08569375649246954718 ) ) ;
#5432 = CARTESIAN_POINT ( 'NONE',  ( -1.112091727495672440E-17, 0.2632087033490721484, 0.02268237145657615861 ) ) ;
#5433 = CARTESIAN_POINT ( 'NONE',  ( 0.03804104225817798307, 1.781347149670130747, -0.03804177519141725694 ) ) ;
#5434 = VECTOR ( 'NONE', #3536, 39.37007874015748143 ) ;
#5435 = CARTESIAN_POINT ( 'NONE',  ( 0.01356226958316729923, 2.171019139527381459, 0.1066275038361051697 ) ) ;
#5436 = VERTEX_POINT ( 'NONE', #61 ) ;
#5437 = CARTESIAN_POINT ( 'NONE',  ( -0.1112211799719775157, 2.171019139527382347, 0.1112204470387382349 ) ) ;
#5438 = DIRECTION ( 'NONE',  ( 0.0000000000000000000, -1.000000000000000000, -2.220446049250309876E-16 ) ) ;
#5439 = ORIENTED_EDGE ( 'NONE', *, *, #285, .T. ) ;
#5440 = VECTOR ( 'NONE', #889, 39.37007874015748143 ) ;
#5441 = CARTESIAN_POINT ( 'NONE',  ( 1.379133150736683966, 1.889608691730187973, -0.1053831655950996232 ) ) ;
#5442 = ORIENTED_EDGE ( 'NONE', *, *, #2925, .F. ) ;
#5443 = VECTOR ( 'NONE', #326, 39.37007874015748143 ) ;
#5444 = VECTOR ( 'NONE', #2023, 39.37007874015748143 ) ;
#5445 = CARTESIAN_POINT ( 'NONE',  ( -0.2224383572803197984, 1.930860030043399789, -2.540220661098053587E-08 ) ) ;
#5446 = VERTEX_POINT ( 'NONE', #2145 ) ;
#5447 = MECHANICAL_DESIGN_GEOMETRIC_PRESENTATION_REPRESENTATION (  '', ( #1019 ), #1576 ) ;
#5448 = CARTESIAN_POINT ( 'NONE',  ( -1.246588623785080951, 1.850761759345838753, 0.6297284588131959460 ) ) ;
#5449 = CARTESIAN_POINT ( 'NONE',  ( 0.2007518839167584390, 1.924590728915404725, -0.09601938941598114896 ) ) ;
#5450 = ORIENTED_EDGE ( 'NONE', *, *, #3864, .T. ) ;
#5451 = CARTESIAN_POINT ( 'NONE',  ( -0.05576021715101461829, 1.339079361902335119, 0.2218866561497195578 ) ) ;
#5452 = AXIS2_PLACEMENT_3D ( 'NONE', #1578, #1982, #2829 ) ;
#5453 = CARTESIAN_POINT ( 'NONE',  ( 0.4130404790836408324, 1.860690414741017262, -0.6988510988336859020 ) ) ;
#5454 = CARTESIAN_POINT ( 'NONE',  ( -0.1112211799719775435, 2.171019139527382347, -2.540220651868889134E-08 ) ) ;
#5455 = CARTESIAN_POINT ( 'NONE',  ( -7.075310326648127823E-07, 1.692771108031319027, -0.5616634112289781156 ) ) ;
#5456 = B_SPLINE_CURVE_WITH_KNOTS ( 'NONE', 3,
 ( #2412, #4927, #697, #284 ),
 .UNSPECIFIED., .F., .F.,
 ( 4, 4 ),
 ( 1.939479807224432123E-18, 9.006750223487803837E-05 ),
 .UNSPECIFIED. ) ;
#5457 = CARTESIAN_POINT ( 'NONE',  ( -0.9371538610868918040, 1.781347149670130747, -1.013236678536486135 ) ) ;
#5458 = EDGE_CURVE ( 'NONE', #5182, #3339, #2469, .T. ) ;
#5459 = CARTESIAN_POINT ( 'NONE',  ( 0.1635856535673480550, 1.116439203011143855, -0.1102861254383595141 ) ) ;
#5460 = CARTESIAN_POINT ( 'NONE',  ( -0.1261197979518621781, 2.162509883136231270, -2.540220653705233072E-08 ) ) ;
#5461 = ADVANCED_FACE ( 'NONE', ( #4582 ), #3646, .F. ) ;
#5462 = CARTESIAN_POINT ( 'NONE',  ( -7.075310326648127823E-07, 2.159897092283287634, -0.09550550739642357789 ) ) ;
#5463 = CARTESIAN_POINT ( 'NONE',  ( 0.2220554070810909775, 1.948578194645492756, -0.2220561400143302999 ) ) ;
#5464 = EDGE_LOOP ( 'NONE', ( #3043, #1626 ) ) ;
#5465 = CARTESIAN_POINT ( 'NONE',  ( -0.0001499809345714617475, 1.788845715235968692, -0.5618274767766798794 ) ) ;
#5466 = CARTESIAN_POINT ( 'NONE',  ( 0.01711822645371354271, 1.250278702916448825, 0.2067059877828699155 ) ) ;
#5467 = B_SPLINE_CURVE_WITH_KNOTS ( 'NONE', 3,
 ( #5325, #4020, #4889, #3591, #1055, #4461, #4004, #224, #2708, #184, #2732, #2365, #1098, #4874, #4475, #3148, #1938, #596 ),
 .UNSPECIFIED., .F., .F.,
 ( 4, 2, 2, 2, 2, 2, 2, 2, 4 ),
 ( 0.003577187193790156133, 0.005006533611202946404, 0.006435880028615737110, 0.007150553237322136366, 0.007865226446028536489, 0.008222563050381747826, 0.008579899654734957429, 0.008937236259088167031, 0.009294572863441378369 ),
 .UNSPECIFIED. ) ;
#5468 = CIRCLE ( 'NONE', #884, 0.2435939647183233969 ) ;
#5469 = CARTESIAN_POINT ( 'NONE',  ( 0.9597399990497885724, 1.870822151696355906, -0.9906491255115241756 ) ) ;
#5470 = CARTESIAN_POINT ( 'NONE',  ( -1.389870663509346131E-17, 0.2632087033490721484, -6.490140971714849609E-17 ) ) ;
#5471 = CARTESIAN_POINT ( 'NONE',  ( 0.09325097755589722981, 1.717290162073727977, -0.2021935053024892515 ) ) ;
#5472 = CARTESIAN_POINT ( 'NONE',  ( 0.8575772668191993242, 1.131854068384383405, -0.5098321944090684621 ) ) ;
#5473 = CARTESIAN_POINT ( 'NONE',  ( 0.5086524406217113325, 1.256574635901133830, -0.2469042731659773504 ) ) ;
#5474 = DIRECTION ( 'NONE',  ( 0.0000000000000000000, 1.000000000000000000, 2.220446049250310123E-16 ) ) ;
#5475 = ADVANCED_FACE ( 'NONE', ( #3595, #2787 ), #3449, .T. ) ;
#5476 = DIRECTION ( 'NONE',  ( 1.000000000000000000, 0.0000000000000000000, 0.0000000000000000000 ) ) ;
#5477 = CARTESIAN_POINT ( 'NONE',  ( -0.1374215863808760374, 2.155111100308018557, 0.1374208534476369925 ) ) ;
#5478 = CARTESIAN_POINT ( 'NONE',  ( 0.06665672862382018837, 1.924468639114974566, 0.06665741075264623727 ) ) ;
#5479 = CARTESIAN_POINT ( 'NONE',  ( -7.075310326564284267E-07, 1.848849985279380936, -0.06846346404281243581 ) ) ;
#5480 =( BOUNDED_SURFACE ( )  B_SPLINE_SURFACE ( 5, 2, ( 
 ( #1501, #1643, #93, #4012, #4483, #4904, #2668, #1031, #558 ),
 ( #1838, #3485, #5207, #4778, #3926, #2272, #3496, #2653, #5225 ),
 ( #3904, #3882, #2686, #4388, #3123, #2632, #539, #5248, #4806 ),
 ( #943, #4738, #3071, #148, #3102, #3512, #1410, #163, #2702 ),
 ( #3938, #3959, #961, #3049, #1445, #2289, #4365, #110, #978 ),
 ( #1822, #5190, #501, #126, #1391, #1375, #4338, #2246, #2213 ) ),
 .UNSPECIFIED., .F., .T., .F. ) 
 B_SPLINE_SURFACE_WITH_KNOTS ( ( 6, 6 ),
 ( 3, 2, 2, 2, 3 ),
 ( -0.06271658775695229671, 0.0000000000000000000 ),
 ( 0.0000000000000000000, 1.570796326794900111, 3.141592653589790007, 4.712388980384689674, 6.283185307179589785 ),
 .UNSPECIFIED. ) 
 GEOMETRIC_REPRESENTATION_ITEM ( )  RATIONAL_B_SPLINE_SURFACE ( (
 ( 1.000000000000000000, 0.7071067811865480168, 1.000000000000000000, 0.7071067811865480168, 1.000000000000000000, 0.7071067811865480168, 1.000000000000000000, 0.7071067811865480168, 1.000000000000000000),
 ( 1.000000000000000000, 0.7071067811865480168, 1.000000000000000000, 0.7071067811865480168, 1.000000000000000000, 0.7071067811865480168, 1.000000000000000000, 0.7071067811865480168, 1.000000000000000000),
 ( 1.000000000000000000, 0.7071067811865480168, 1.000000000000000000, 0.7071067811865480168, 1.000000000000000000, 0.7071067811865480168, 1.000000000000000000, 0.7071067811865480168, 1.000000000000000000),
 ( 1.000000000000000000, 0.7071067811865480168, 1.000000000000000000, 0.7071067811865480168, 1.000000000000000000, 0.7071067811865480168, 1.000000000000000000, 0.7071067811865480168, 1.000000000000000000),
 ( 1.000000000000000000, 0.7071067811865480168, 1.000000000000000000, 0.7071067811865480168, 1.000000000000000000, 0.7071067811865480168, 1.000000000000000000, 0.7071067811865480168, 1.000000000000000000),
 ( 1.000000000000000000, 0.7071067811865480168, 1.000000000000000000, 0.7071067811865480168, 1.000000000000000000, 0.7071067811865480168, 1.000000000000000000, 0.7071067811865480168, 1.000000000000000000) ) ) 
 REPRESENTATION_ITEM ( '' )  SURFACE ( )  );
#5481 = CARTESIAN_POINT ( 'NONE',  ( 0.5615041897411463534, 1.769416692216435383, 0.02529254441267971346 ) ) ;
#5482 = EDGE_LOOP ( 'NONE', ( #797, #1479, #1814 ) ) ;
#5483 = DIRECTION ( 'NONE',  ( 0.0000000000000000000, -1.000000000000000000, 0.0000000000000000000 ) ) ;
#5484 = NEXT_ASSEMBLY_USAGE_OCCURRENCE ( 'NAUO1', ' ', ' ', #2293, #3329, $ ) ;
#5485 = NEXT_ASSEMBLY_USAGE_OCCURRENCE ( 'NAUO2', ' ', ' ', #3329, #2006, $ ) ;
#5486 = NEXT_ASSEMBLY_USAGE_OCCURRENCE ( 'NAUO3', ' ', ' ', #3329, #5130, $ ) ;
#5487 = NEXT_ASSEMBLY_USAGE_OCCURRENCE ( 'NAUO4', ' ', ' ', #3329, #4488, $ ) ;
ENDSEC;
END-ISO-10303-21;
